report_id,disposition,nonselection_reason,current_illustration,documentary_access_state,primary_source_sha256,target_checked_nominated_pair,nominated_pair_id,narrative_roles,candidate_rq_ids,existing_candidate_group_ids,existing_located_source_evidence_ids,structured_local_study_entry_n,claim_support_judgement
2003_Quan_Haystack_A,retained_current_illustration_scoped,,True,local_source_copy_matched,c9f12f86d98277969e2bc7e9357e1a610b3aaac166184e64f181d0efa3f87542,True,ILL-2003_Quan_Haystack_A-01,historical,RQ1;RQ2;RQ3;RQ4;RQ5,RQ1.interaction.I01_entity_navigation;RQ1.interaction.I09_visual_configuration;RQ1.interaction.I11_curation_modifier;RQ1.representation_role.unspecified;RQ1.visualisation.V02_outline_tree;RQ1.visualisation.V09_text_document;RQ2.missing.guidance;RQ3.access.A03_local_store;RQ3.data_model.B01_rdf;RQ3.implementation_engines.Local RDF store;RQ3.missing.query_languages;RQ3.missing.scalability;RQ4.evaluation.E01_demonstration;RQ4.evaluation.E02_case_study;RQ4.missing.study_design_codes;RQ5.missing.resource_entries;RQ5.provenance.source_evidence_extracted;RQ5.publication_version.not_recorded;RQ5.report_evaluation_limitations.text_recorded;RQ5.report_limitations.no_entry_recorded,2003_Quan_Haystack_A-EV-1ecc929b0886aa03;2003_Quan_Haystack_A-EV-070233a2b4dd11c5;2003_Quan_Haystack_A-EV-b00b341fa65ceb37;2003_Quan_Haystack_A-EV-250f77bb84ace5d4;2003_Quan_Haystack_A-EV-5b26d40e94015127;2003_Quan_Haystack_A-EV-a6ef94c554f76218;2003_Quan_Haystack_A-EV-b52d9c0a9c6645d4;2003_Quan_Haystack_A-EV-e806b6fc38501fe2;2003_Quan_Haystack_A-EV-f91b152d6ac9140b;2003_Quan_Haystack_A-EV-d2ffdd2a6e504dfe;2003_Quan_Haystack_A-EV-720e36ee67fb1684;2003_Quan_Haystack_A-EV-d068ed7fb0a572a7;2003_Quan_Haystack_A-EV-e1e566b74e034d33,1,not_performed
2009_Harth_VisiNav_Visual,not_selected_current_unresolved,No current illustrative fact nominated; not compared for retention against the current 49.,False,local_source_copy_matched,b8b164935dd020acb63249867f87278e982aec076c8479c6a531cbbce4e3db0f,False,,,RQ1;RQ2;RQ3;RQ4;RQ5,RQ1.interaction.I01_entity_navigation;RQ1.interaction.I02_faceted_filtering;RQ1.representation_role.unspecified;RQ1.visualisation.V02_outline_tree;RQ1.visualisation.V03_table_list;RQ2.guidance.G01_valid_next_step;RQ2.guidance.G10_orientation_feedback;RQ3.access.A01_endpoint_query;RQ3.access.A02_uri_dereference;RQ3.access.A06_projection_cache;RQ3.data_model.B01_rdf;RQ3.implementation_engines.Statement/path/text/facet/outlink indexes;RQ3.query_languages.SPARQL;RQ3.scalability.S01_measured_runtime;RQ3.scalability.S03_reported_data_scale;RQ3.scalability.S05_strategy_only;RQ4.evaluation.E03_formative_user;RQ4.evaluation.E04_single_system_user;RQ4.evaluation.E07_performance;RQ4.missing.study_design_codes;RQ5.identity_status.not_established;RQ5.provenance.source_evidence_extracted;RQ5.publication_version.not_recorded;RQ5.report_evaluation_limitations.text_recorded;RQ5.report_limitations.no_entry_recorded;RQ5.resource_role.other;RQ5.resource_verification.historical_version_equivalence_verified.not_recorded;RQ5.resource_verification.license_verified.not_recorded;RQ5.resource_verification.source_build_verified.not_recorded;RQ5.resource_verification.working_demo_verified.not_recorded,2009_Harth_VisiNav_Visual-EV-60f4812997e5ce01;2009_Harth_VisiNav_Visual-EV-1c4a0b8a9e360f74;2009_Harth_VisiNav_Visual-EV-fa08928a876ede1f;2009_Harth_VisiNav_Visual-EV-a3c7adbfde9c821f;2009_Harth_VisiNav_Visual-EV-16bd8df38660a9b1;2009_Harth_VisiNav_Visual-EV-af6e493f0818f759;2009_Harth_VisiNav_Visual-EV-93d10a94e546a243;2009_Harth_VisiNav_Visual-EV-ec5d0cf10db89211;2009_Harth_VisiNav_Visual-EV-bc870ccf9a32d64f;2009_Harth_VisiNav_Visual-EV-4a3f47ff8521352f;2009_Harth_VisiNav_Visual-EV-19bf8bd1696556b4;2009_Harth_VisiNav_Visual-EV-9e5053d35bca51dc;2009_Harth_VisiNav_Visual-EV-f2b0823e69261573;2009_Harth_VisiNav_Visual-EV-3696dedcdbc4f831;2009_Harth_VisiNav_Visual-EV-e70b7f3d4275c454;2009_Harth_VisiNav_Visual-EV-71b7c475f0900fc2;2009_Harth_VisiNav_Visual-EV-ac595ba32d2c7068;2009_Harth_VisiNav_Visual-EV-8bfa8f95b82a3ea9;2009_Harth_VisiNav_Visual-EV-eb5052fac10fc91e;2009_Harth_VisiNav_Visual-EV-8b9328b8d2ab6600;2009_Harth_VisiNav_Visual-EV-61d5d247762af317,1,not_performed
2011_Popov_Connecting_the,not_selected_current_unresolved,No current illustrative fact nominated; not compared for retention against the current 49.,False,local_source_copy_matched,853f31d610fb7ca7f1413b665eda535811992db903d0690113279716dbc20774,False,,,RQ1;RQ2;RQ3;RQ4;RQ5,RQ1.interaction.I01_entity_navigation;RQ1.interaction.I03_visual_query;RQ1.representation_role.unspecified;RQ1.visualisation.V01_node_link;RQ1.visualisation.V03_table_list;RQ2.guidance.G05_template_entry;RQ2.guidance.G06_context_explanation;RQ3.access.A01_endpoint_query;RQ3.data_model.B01_rdf;RQ3.implementation_engines.SPARQL endpoint;RQ3.missing.scalability;RQ3.query_languages.SPARQL;RQ4.evaluation.E03_formative_user;RQ4.evaluation.E04_single_system_user;RQ4.missing.study_design_codes;RQ5.missing.resource_entries;RQ5.provenance.source_evidence_extracted;RQ5.publication_version.not_recorded;RQ5.report_evaluation_limitations.text_recorded;RQ5.report_limitations.no_entry_recorded,2011_Popov_Connecting_the-EV-161917831dba5dad;2011_Popov_Connecting_the-EV-f1c8f8be73f834f1;2011_Popov_Connecting_the-EV-983b0ebe800c3cc2;2011_Popov_Connecting_the-EV-5cb2ef1f13a40d83;2011_Popov_Connecting_the-EV-21a187f60f2ce079;2011_Popov_Connecting_the-EV-dfe6bf274fe8bcb2;2011_Popov_Connecting_the-EV-758a48234b8bd5c5;2011_Popov_Connecting_the-EV-836ebda22be3d3a4;2011_Popov_Connecting_the-EV-e4168f5a166ab4e9;2011_Popov_Connecting_the-EV-18da50591ab6b1f3;2011_Popov_Connecting_the-EV-0e628ce82230905f;2011_Popov_Connecting_the-EV-0868241fd09429d8;2011_Popov_Connecting_the-EV-c191a0776ccfde0e;2011_Popov_Connecting_the-EV-c5fa02b87f55e96b;2011_Popov_Connecting_the-EV-5b118ddcc7fb136f,1,not_performed
2012_Camarda_LodLive_exploring,retained_current_illustration_scoped,,True,local_source_copy_matched,5c6f7f106336d24d466f4e7890bc878b84f2a69225f4b1c6db76173605ae7ec0,True,ILL-2012_Camarda_LodLive_exploring-01,contrasting;historical;demo,RQ1;RQ2;RQ3;RQ4;RQ5,RQ1.interaction.I01_entity_navigation;RQ1.representation_role.unspecified;RQ1.visualisation.V01_node_link;RQ1.visualisation.V04_map;RQ1.visualisation.V09_text_document;RQ2.missing.guidance;RQ3.access.A01_endpoint_query;RQ3.access.A02_uri_dereference;RQ3.data_model.B01_rdf;RQ3.implementation_engines.SPARQL endpoint;RQ3.missing.scalability;RQ3.query_languages.SPARQL;RQ4.evaluation.E01_demonstration;RQ4.missing.study_design_codes;RQ5.identity_status.not_established;RQ5.provenance.source_evidence_extracted;RQ5.publication_version.not_recorded;RQ5.report_evaluation_limitations.text_recorded;RQ5.report_limitations.no_entry_recorded;RQ5.resource_role.other;RQ5.resource_verification.historical_version_equivalence_verified.not_recorded;RQ5.resource_verification.license_verified.not_recorded;RQ5.resource_verification.source_build_verified.not_recorded;RQ5.resource_verification.working_demo_verified.not_recorded,2012_Camarda_LodLive_exploring-EV-42cba4f09517b1dc;2012_Camarda_LodLive_exploring-EV-c4430b83ae080450;2012_Camarda_LodLive_exploring-EV-24578f883879945b;2012_Camarda_LodLive_exploring-EV-51670b36edca3a13;2012_Camarda_LodLive_exploring-EV-a6f760e5a680d262;2012_Camarda_LodLive_exploring-EV-d8ed706c6f29d5de;2012_Camarda_LodLive_exploring-EV-2fa5ef746aa63136;2012_Camarda_LodLive_exploring-EV-71ef62c40cae3946;2012_Camarda_LodLive_exploring-EV-62f11c7691e26ddb;2012_Camarda_LodLive_exploring-EV-155799019b6e6ab8;2012_Camarda_LodLive_exploring-EV-a0fe4ca1d394f75b;2012_Camarda_LodLive_exploring-EV-7ca8eb73ff25f3e1,1,not_performed
2013_Klimek_Payola_collaborative,retained_current_illustration_scoped,,True,local_source_copy_matched,586d5092e55f9f05b13289cfcc3bd24cd5925914756fb694f3f42cafe0ff443f,True,ILL-2013_Klimek_Payola_collaborative-01,historical;demo;contrasting,RQ1;RQ2;RQ3;RQ4;RQ5,RQ1.interaction.I09_visual_configuration;RQ1.interaction.I10_reuse_history;RQ1.representation_role.unspecified;RQ1.visualisation.V01_node_link;RQ1.visualisation.V03_table_list;RQ1.visualisation.V06_statistical_chart;RQ2.guidance.G05_template_entry;RQ2.interaction.I10_reuse_history;RQ3.access.A01_endpoint_query;RQ3.data_model.B01_rdf;RQ3.implementation_engines.Plugin pipeline;RQ3.query_languages.SPARQL;RQ3.scalability.S05_strategy_only;RQ4.evaluation.E02_case_study;RQ4.evaluation.E03_formative_user;RQ4.missing.study_design_codes;RQ5.identity_status.not_established;RQ5.provenance.source_evidence_extracted;RQ5.publication_version.not_recorded;RQ5.report_evaluation_limitations.text_recorded;RQ5.report_limitations.no_entry_recorded;RQ5.resource_role.other;RQ5.resource_verification.historical_version_equivalence_verified.not_recorded;RQ5.resource_verification.license_verified.not_recorded;RQ5.resource_verification.source_build_verified.not_recorded;RQ5.resource_verification.working_demo_verified.not_recorded,2013_Klimek_Payola_collaborative-EV-f3effbdf06853947;2013_Klimek_Payola_collaborative-EV-1d6d8620c701025d;2013_Klimek_Payola_collaborative-EV-64d13f74f7dfcc4c;2013_Klimek_Payola_collaborative-EV-3b8c1738d98e9802;2013_Klimek_Payola_collaborative-EV-0aa8cd02c1e0c2df;2013_Klimek_Payola_collaborative-EV-2718812fece4b94b;2013_Klimek_Payola_collaborative-EV-9128f26db6a89e0c;2013_Klimek_Payola_collaborative-EV-2adea18e5b50838f;2013_Klimek_Payola_collaborative-EV-6ca455f24f435782;2013_Klimek_Payola_collaborative-EV-e248792ce06bbebd;2013_Klimek_Payola_collaborative-EV-31923200ed471ca9;2013_Klimek_Payola_collaborative-EV-31a98003ab85f779;2013_Klimek_Payola_collaborative-EV-26c80b33f4b75e25;2013_Klimek_Payola_collaborative-EV-6950d38e211995b1;2013_Klimek_Payola_collaborative-EV-d0a3bf6b03277090;2013_Klimek_Payola_collaborative-EV-2564b8c4089beb63,1,not_performed
2013_Rietveld_YASGUI_Not,retained_current_illustration_scoped,,True,local_source_copy_matched,aaf7bfb86264957cbada857bc19adbbfaf91d0fb53071f364620cd0999f344ef,True,ILL-2013_Rietveld_YASGUI_Not-01,principal;contrasting,RQ1;RQ2;RQ3;RQ4;RQ5,RQ1.interaction.I04_text_query;RQ1.interaction.I10_reuse_history;RQ1.representation_role.unspecified;RQ1.visualisation.V03_table_list;RQ2.guidance.G02_lexical_completion;RQ2.guidance.G10_orientation_feedback;RQ2.interaction.I10_reuse_history;RQ3.access.A01_endpoint_query;RQ3.access.A06_projection_cache;RQ3.data_model.B01_rdf;RQ3.implementation_engines.Endpoint-independent;RQ3.missing.scalability;RQ3.query_languages.SPARQL;RQ4.evaluation.E01_demonstration;RQ4.missing.study_design_codes;RQ5.identity_status.not_established;RQ5.identity_status.scoped_match;RQ5.provenance.source_evidence_extracted;RQ5.publication_version.not_recorded;RQ5.report_evaluation_limitations.text_recorded;RQ5.report_limitations.no_entry_recorded;RQ5.resource_role.application_source;RQ5.resource_role.other;RQ5.resource_verification.historical_version_equivalence_verified.not_recorded;RQ5.resource_verification.license_verified.not_recorded;RQ5.resource_verification.source_build_verified.not_recorded;RQ5.resource_verification.working_demo_verified.not_recorded,2013_Rietveld_YASGUI_Not-EV-8e33797def7b323e;2013_Rietveld_YASGUI_Not-EV-6a51eacd59ffb21d;2013_Rietveld_YASGUI_Not-EV-73d36d9a008c7185;2013_Rietveld_YASGUI_Not-EV-482e8629a57fc753;2013_Rietveld_YASGUI_Not-EV-803aafaa4c478009;2013_Rietveld_YASGUI_Not-EV-b15cd141da258fdb;2013_Rietveld_YASGUI_Not-EV-d282e019680ae7e0;2013_Rietveld_YASGUI_Not-EV-b4584def93fdc95e;2013_Rietveld_YASGUI_Not-EV-e4bfe09c4ea0ad50;2013_Rietveld_YASGUI_Not-EV-1da3d01e1c087e91;2013_Rietveld_YASGUI_Not-EV-36344f1ff4da608c;2013_Rietveld_YASGUI_Not-EV-3e660e851e034a3f;2013_Rietveld_YASGUI_Not-EV-e3a783554c537cda;2013_Rietveld_YASGUI_Not-EV-bcd2c98eb47f9519,1,not_performed
2014_Arenas_SemFacet_Semantic,not_selected_current_unresolved,No current illustrative fact nominated; not compared for retention against the current 49.,False,local_source_copy_matched,c2f52848988f6a0fbd9355ef6a0cbeec00062f9c33f8fc7e8c6ee58b41ddf4bd,False,,,RQ1;RQ2;RQ3;RQ4;RQ5,RQ1.interaction.I01_entity_navigation;RQ1.interaction.I02_faceted_filtering;RQ1.representation_role.unspecified;RQ1.visualisation.V03_table_list;RQ1.visualisation.V09_text_document;RQ2.guidance.G01_valid_next_step;RQ2.guidance.G10_orientation_feedback;RQ3.access.A01_endpoint_query;RQ3.access.A03_local_store;RQ3.data_model.B01_rdf;RQ3.implementation_engines.RDFox; Lucene;RQ3.query_languages.SPARQL;RQ3.scalability.S03_reported_data_scale;RQ4.evaluation.E01_demonstration;RQ4.evaluation.E02_case_study;RQ4.missing.study_design_codes;RQ5.identity_status.scoped_match;RQ5.provenance.source_evidence_extracted;RQ5.publication_version.not_recorded;RQ5.report_evaluation_limitations.text_recorded;RQ5.report_limitations.no_entry_recorded;RQ5.resource_role.other;RQ5.resource_verification.historical_version_equivalence_verified.not_recorded;RQ5.resource_verification.license_verified.not_recorded;RQ5.resource_verification.source_build_verified.not_recorded;RQ5.resource_verification.working_demo_verified.not_recorded,2014_Arenas_SemFacet_Semantic-EV-a50109c0caefcae0;2014_Arenas_SemFacet_Semantic-EV-6ab767ae375579d1;2014_Arenas_SemFacet_Semantic-EV-64628f4228fdd137;2014_Arenas_SemFacet_Semantic-EV-71b861dc92068fcd;2014_Arenas_SemFacet_Semantic-EV-54872513a9330297;2014_Arenas_SemFacet_Semantic-EV-91f890ea4da81bc4;2014_Arenas_SemFacet_Semantic-EV-3b7034b430a4f05c;2014_Arenas_SemFacet_Semantic-EV-1d80dbffd701fc22;2014_Arenas_SemFacet_Semantic-EV-496593410fae31b2;2014_Arenas_SemFacet_Semantic-EV-d5210097260a7bd0;2014_Arenas_SemFacet_Semantic-EV-f8b0e4e2f7c15144;2014_Arenas_SemFacet_Semantic-EV-dfbe5807d1a0f5c5;2014_Arenas_SemFacet_Semantic-EV-e893c972da0fa294;2014_Arenas_SemFacet_Semantic-EV-8f18710825526e73;2014_Arenas_SemFacet_Semantic-EV-65bc7730949564fc;2014_Arenas_SemFacet_Semantic-EV-8f2c41f778e4c1df;2014_Arenas_SemFacet_Semantic-EV-89402dc1cd700a30,1,not_performed
2014_Cheng_Explass_Exploring,not_selected_current_unresolved,No current illustrative fact nominated; not compared for retention against the current 49.,False,local_source_copy_matched,965f37149dff1d7a28ba72e299e0f306066bdae5aeb86e1b216405c89b57cd87,False,,,RQ1;RQ2;RQ3;RQ4;RQ5,RQ1.interaction.I01_entity_navigation;RQ1.interaction.I02_faceted_filtering;RQ1.representation_role.unspecified;RQ1.visualisation.V01_node_link;RQ1.visualisation.V03_table_list;RQ1.visualisation.V09_text_document;RQ2.guidance.G02_lexical_completion;RQ2.guidance.G03_semantic_ranking;RQ2.guidance.G06_context_explanation;RQ3.access.A01_endpoint_query;RQ3.access.A06_projection_cache;RQ3.data_model.B01_rdf;RQ3.implementation_engines.DBpedia;RQ3.query_languages.SPARQL;RQ3.scalability.S04_reported_visual_scale;RQ3.scalability.S05_strategy_only;RQ4.evaluation.E05_comparative_user;RQ4.missing.study_design_codes;RQ5.identity_status.not_established;RQ5.provenance.source_evidence_extracted;RQ5.publication_version.not_recorded;RQ5.report_evaluation_limitations.text_recorded;RQ5.report_limitations.no_entry_recorded;RQ5.resource_role.other;RQ5.resource_verification.historical_version_equivalence_verified.not_recorded;RQ5.resource_verification.license_verified.not_recorded;RQ5.resource_verification.source_build_verified.not_recorded;RQ5.resource_verification.working_demo_verified.not_recorded,2014_Cheng_Explass_Exploring-EV-3cfcd0a476b6e9b6;2014_Cheng_Explass_Exploring-EV-541f2ed0d8bcfd1f;2014_Cheng_Explass_Exploring-EV-4881aa4ef77f451e;2014_Cheng_Explass_Exploring-EV-de32b7b78b765f4c;2014_Cheng_Explass_Exploring-EV-f2c3ddb889a09c1c;2014_Cheng_Explass_Exploring-EV-691d962593538f88;2014_Cheng_Explass_Exploring-EV-2f2d8f627d5bcad8;2014_Cheng_Explass_Exploring-EV-8e200777c83af2fc;2014_Cheng_Explass_Exploring-EV-72d4cfac0e116793;2014_Cheng_Explass_Exploring-EV-0f1477068e5d2c53;2014_Cheng_Explass_Exploring-EV-13589520bd699e12;2014_Cheng_Explass_Exploring-EV-294feb1e9a09ee88;2014_Cheng_Explass_Exploring-EV-329097f78fc5e188;2014_Cheng_Explass_Exploring-EV-b5734f9b0af28589;2014_Cheng_Explass_Exploring-EV-00620a0177ed16e3;2014_Cheng_Explass_Exploring-EV-17959d1577fd7e4c;2014_Cheng_Explass_Exploring-EV-af75dc47a04aa027;2014_Cheng_Explass_Exploring-EV-5362017444b493f0;2014_Cheng_Explass_Exploring-EV-8158b2ed6ed187ad,1,not_performed
2014_Hoefler_Linked_Data,not_selected_current_unresolved,No current illustrative fact nominated; not compared for retention against the current 49.,False,local_source_copy_matched,e1c0957d79939d3ce8169b772e965ee63571974ba0344ff78cd0b08e505f69a4,False,,,RQ1;RQ2;RQ3;RQ4;RQ5,RQ1.interaction.I01_entity_navigation;RQ1.interaction.I02_faceted_filtering;RQ1.interaction.I03_visual_query;RQ1.representation_role.unspecified;RQ1.visualisation.V03_table_list;RQ2.guidance.G01_valid_next_step;RQ2.guidance.G10_orientation_feedback;RQ3.access.A01_endpoint_query;RQ3.data_model.B01_rdf;RQ3.implementation_engines.Virtuoso/OWLIM/Bigdata endpoints;RQ3.missing.scalability;RQ3.query_languages.SPARQL;RQ4.evaluation.E03_formative_user;RQ4.evaluation.E04_single_system_user;RQ4.missing.study_design_codes;RQ5.identity_status.not_established;RQ5.provenance.source_evidence_extracted;RQ5.publication_version.not_recorded;RQ5.report_evaluation_limitations.text_recorded;RQ5.report_limitations.no_entry_recorded;RQ5.resource_role.other;RQ5.resource_verification.historical_version_equivalence_verified.not_recorded;RQ5.resource_verification.license_verified.not_recorded;RQ5.resource_verification.source_build_verified.not_recorded;RQ5.resource_verification.working_demo_verified.not_recorded,2014_Hoefler_Linked_Data-EV-7e4c57db28d3a616;2014_Hoefler_Linked_Data-EV-d1bfa7e29fcab110;2014_Hoefler_Linked_Data-EV-b81a79755b9c98e8;2014_Hoefler_Linked_Data-EV-94d5fe20cc872317;2014_Hoefler_Linked_Data-EV-57db55287514ea6d;2014_Hoefler_Linked_Data-EV-b6881c761dcaac23;2014_Hoefler_Linked_Data-EV-d2ee3367bfc9ef9c;2014_Hoefler_Linked_Data-EV-fe47ad7c92605506;2014_Hoefler_Linked_Data-EV-55859c97bc72d6ad;2014_Hoefler_Linked_Data-EV-22e75c758e38b217;2014_Hoefler_Linked_Data-EV-71cf1fe09baf2943;2014_Hoefler_Linked_Data-EV-626042c414fae078;2014_Hoefler_Linked_Data-EV-cd544cea7392b14e;2014_Hoefler_Linked_Data-EV-22e1d04318d0e179;2014_Hoefler_Linked_Data-EV-912470fd19c8b392;2014_Hoefler_Linked_Data-EV-dad0aabdff6795a2;2014_Hoefler_Linked_Data-EV-07061e1d8bcedeac;2014_Hoefler_Linked_Data-EV-3a917456f6c78bb2,2,not_performed
2014_Mader_Facilitating_the,not_selected_current_unresolved,No current illustrative fact nominated; not compared for retention against the current 49.,False,local_source_copy_matched,70dd71dbe510afc47a5ac1a6d201c28a6dd33afe5d366ec69c71b1aa3f8f41a1,False,,,RQ1;RQ2;RQ3;RQ4;RQ5,RQ1.interaction.I01_entity_navigation;RQ1.interaction.I02_faceted_filtering;RQ1.interaction.I08_coordinated_analysis;RQ1.interaction.I09_visual_configuration;RQ1.interaction.I10_reuse_history;RQ1.representation_role.unspecified;RQ1.visualisation.V03_table_list;RQ1.visualisation.V04_map;RQ1.visualisation.V06_statistical_chart;RQ1.visualisation.V11_coordinated_views;RQ2.guidance.G01_valid_next_step;RQ2.guidance.G03_semantic_ranking;RQ2.guidance.G07_visualisation_recommendation;RQ2.interaction.I10_reuse_history;RQ3.access.A01_endpoint_query;RQ3.access.A03_local_store;RQ3.access.A06_projection_cache;RQ3.data_model.B01_rdf;RQ3.implementation_engines.CubeViz backend; Facete endpoints/quadtree;RQ3.query_languages.SPARQL;RQ3.scalability.S03_reported_data_scale;RQ3.scalability.S05_strategy_only;RQ4.evaluation.E01_demonstration;RQ4.evaluation.E02_case_study;RQ4.evaluation.E08_deployment;RQ4.missing.study_design_codes;RQ5.identity_status.scoped_match;RQ5.provenance.source_evidence_extracted;RQ5.publication_version.not_recorded;RQ5.report_evaluation_limitations.text_recorded;RQ5.report_limitations.no_entry_recorded;RQ5.resource_role.application_source;RQ5.resource_role.documentation;RQ5.resource_verification.historical_version_equivalence_verified.not_recorded;RQ5.resource_verification.license_verified.not_recorded;RQ5.resource_verification.source_build_verified.not_recorded;RQ5.resource_verification.working_demo_verified.not_recorded,2014_Mader_Facilitating_the-EV-5c1c70d7dad920cc;2014_Mader_Facilitating_the-EV-f88b2b4ddd3516ab;2014_Mader_Facilitating_the-EV-84bdc1b83aa15602;2014_Mader_Facilitating_the-EV-9c99c188bc0db6d1;2014_Mader_Facilitating_the-EV-510d7a34b1e8a410;2014_Mader_Facilitating_the-EV-f259a8cd62fd7604;2014_Mader_Facilitating_the-EV-6f41dd57f4dd00f5;2014_Mader_Facilitating_the-EV-f33e723a6a76b61a;2014_Mader_Facilitating_the-EV-04918b8fb2a0c408;2014_Mader_Facilitating_the-EV-0115577524cbe23a;2014_Mader_Facilitating_the-EV-97894e7fba4613c6;2014_Mader_Facilitating_the-EV-ed6c833e620246e9;2014_Mader_Facilitating_the-EV-9e02daa25685ae5e;2014_Mader_Facilitating_the-EV-5a854ee96731c346;2014_Mader_Facilitating_the-EV-1436dc34031f4ed1;2014_Mader_Facilitating_the-EV-9c742a046e5a0273;2014_Mader_Facilitating_the-EV-382fcc1925d3c6a5;2014_Mader_Facilitating_the-EV-eea83b8f5f3fc023;2014_Mader_Facilitating_the-EV-e3b432456e08e78f;2014_Mader_Facilitating_the-EV-77a93eff974cb6a7;2014_Mader_Facilitating_the-EV-d0098fee60decae0;2014_Mader_Facilitating_the-EV-80d9979ba95c3658;2014_Mader_Facilitating_the-EV-90ac0fb5236c6b5d;2014_Mader_Facilitating_the-EV-890db95095595646;2014_Mader_Facilitating_the-EV-34223087bc25a750;2014_Mader_Facilitating_the-EV-afd4ef97ad267dbb;2014_Mader_Facilitating_the-EV-cc5babf50ad7b2a8;2014_Mader_Facilitating_the-EV-093ef263d2a3d565;2014_Mader_Facilitating_the-EV-41231df7822b1d13,1,not_performed
2014_Micsik_LODmilla_Shared,retained_current_illustration_scoped,,True,local_source_copy_matched,0fee7b875e82e6e1eac20e0486bd3bbe615fafa20751837f576c6ca16e0ddee3,True,ILL-2014_Micsik_LODmilla_Shared-01,principal;boundary;historical,RQ1;RQ2;RQ3;RQ4;RQ5,RQ1.interaction.I01_entity_navigation;RQ1.interaction.I02_faceted_filtering;RQ1.interaction.I10_reuse_history;RQ1.representation_role.unspecified;RQ1.visualisation.V01_node_link;RQ1.visualisation.V09_text_document;RQ2.guidance.G05_template_entry;RQ2.guidance.G10_orientation_feedback;RQ2.interaction.I10_reuse_history;RQ3.access.A01_endpoint_query;RQ3.access.A02_uri_dereference;RQ3.access.A06_projection_cache;RQ3.data_model.B01_rdf;RQ3.implementation_engines.Cached visited-node store;RQ3.query_languages.SPARQL;RQ3.scalability.S03_reported_data_scale;RQ3.scalability.S05_strategy_only;RQ4.evaluation.E02_case_study;RQ4.missing.study_design_codes;RQ5.identity_status.not_established;RQ5.identity_status.scoped_match;RQ5.provenance.source_evidence_extracted;RQ5.publication_version.not_recorded;RQ5.report_evaluation_limitations.text_recorded;RQ5.report_limitations.no_entry_recorded;RQ5.resource_role.application_source;RQ5.resource_role.other;RQ5.resource_verification.historical_version_equivalence_verified.not_recorded;RQ5.resource_verification.license_verified.not_recorded;RQ5.resource_verification.source_build_verified.not_recorded;RQ5.resource_verification.working_demo_verified.not_recorded,2014_Micsik_LODmilla_Shared-EV-97b650904a74067a;2014_Micsik_LODmilla_Shared-EV-5ccc9fe78c202aad;2014_Micsik_LODmilla_Shared-EV-8cb3727267db2a68;2014_Micsik_LODmilla_Shared-EV-d7debb1849e7fac0;2014_Micsik_LODmilla_Shared-EV-08319d0ef8a56906;2014_Micsik_LODmilla_Shared-EV-62fe4dcde99c99d0;2014_Micsik_LODmilla_Shared-EV-ebef4783b1114171;2014_Micsik_LODmilla_Shared-EV-1981b69589873190;2014_Micsik_LODmilla_Shared-EV-63c33973809e99ff;2014_Micsik_LODmilla_Shared-EV-1c788b071779b57e;2014_Micsik_LODmilla_Shared-EV-a3105e18fd0abb5b;2014_Micsik_LODmilla_Shared-EV-2b6c2fad21356ff3;2014_Micsik_LODmilla_Shared-EV-a7f90ef99298c3f7;2014_Micsik_LODmilla_Shared-EV-b4792dd8b92e93d4;2014_Micsik_LODmilla_Shared-EV-fa509e6f56850e7d;2014_Micsik_LODmilla_Shared-EV-8614137e6a96a9df;2014_Micsik_LODmilla_Shared-EV-687d2393fbf7f773;2014_Micsik_LODmilla_Shared-EV-a40295a083eac456;2014_Micsik_LODmilla_Shared-EV-930ba8293bc8e49c,1,not_performed
2015_Jayaram_VIIQ_auto-suggestion,retained_current_illustration_scoped,,True,local_source_copy_matched,879166beda5557301b676c2936b2c11f40512425f0bd8a6126cf5cd8a860bf50,True,ILL-2015_Jayaram_VIIQ_auto-suggestion-01,principal;contrasting,RQ1;RQ2;RQ3;RQ4;RQ5,RQ1.interaction.I03_visual_query;RQ1.representation_role.unspecified;RQ1.visualisation.V01_node_link;RQ2.guidance.G03_semantic_ranking;RQ2.guidance.G04_query_expansion_relaxation;RQ3.access.A03_local_store;RQ3.access.A06_projection_cache;RQ3.data_model.B01_rdf;RQ3.implementation_engines.Preprocessed Freebase graph;RQ3.missing.query_languages;RQ3.scalability.S03_reported_data_scale;RQ3.scalability.S05_strategy_only;RQ4.evaluation.E01_demonstration;RQ4.evaluation.E06_offline_accuracy;RQ4.missing.study_design_codes;RQ5.identity_status.not_established;RQ5.provenance.source_evidence_extracted;RQ5.publication_version.not_recorded;RQ5.report_evaluation_limitations.text_recorded;RQ5.report_limitations.no_entry_recorded;RQ5.resource_role.video;RQ5.resource_verification.historical_version_equivalence_verified.not_recorded;RQ5.resource_verification.license_verified.not_recorded;RQ5.resource_verification.source_build_verified.not_recorded;RQ5.resource_verification.working_demo_verified.not_recorded,2015_Jayaram_VIIQ_auto-suggestion-EV-4b2e7318248dbb30;2015_Jayaram_VIIQ_auto-suggestion-EV-39540c4e4a6a2f44;2015_Jayaram_VIIQ_auto-suggestion-EV-083ad3c666c13bfd;2015_Jayaram_VIIQ_auto-suggestion-EV-25dc88261af91cc3;2015_Jayaram_VIIQ_auto-suggestion-EV-13be3af3521bd743;2015_Jayaram_VIIQ_auto-suggestion-EV-935c71a2eb146523;2015_Jayaram_VIIQ_auto-suggestion-EV-0e94715294477e44;2015_Jayaram_VIIQ_auto-suggestion-EV-571532efa5f9d57f;2015_Jayaram_VIIQ_auto-suggestion-EV-0431cb7cf079aaf5;2015_Jayaram_VIIQ_auto-suggestion-EV-b12fe668a1468029;2015_Jayaram_VIIQ_auto-suggestion-EV-146c5d46c4589e25;2015_Jayaram_VIIQ_auto-suggestion-EV-aa4c005aab3f5e49;2015_Jayaram_VIIQ_auto-suggestion-EV-70f9dc2f2e7d2d59;2015_Jayaram_VIIQ_auto-suggestion-EV-81dcd8a2f27ac984,1,not_performed
2015_Pirro_Explaining_and,not_selected_current_unresolved,No current illustrative fact nominated; not compared for retention against the current 49.,False,local_source_copy_matched,ee95fb9462428f85176a13cf6b4d944f3e44c59dbf8939af161413db1b2c4f9d,False,,,RQ1;RQ2;RQ3;RQ4;RQ5,RQ1.interaction.I01_entity_navigation;RQ1.interaction.I03_visual_query;RQ1.representation_role.unspecified;RQ1.visualisation.V01_node_link;RQ1.visualisation.V09_text_document;RQ2.guidance.G03_semantic_ranking;RQ2.guidance.G04_query_expansion_relaxation;RQ2.guidance.G06_context_explanation;RQ3.access.A01_endpoint_query;RQ3.access.A03_local_store;RQ3.access.A06_projection_cache;RQ3.data_model.B01_rdf;RQ3.implementation_engines.Jena; DBpedia/Freebase; Lucene;RQ3.query_languages.SPARQL;RQ3.scalability.S01_measured_runtime;RQ3.scalability.S05_strategy_only;RQ4.evaluation.E05_comparative_user;RQ4.evaluation.E06_offline_accuracy;RQ4.evaluation.E07_performance;RQ4.missing.study_design_codes;RQ5.missing.resource_entries;RQ5.provenance.source_evidence_extracted;RQ5.publication_version.not_recorded;RQ5.report_evaluation_limitations.text_recorded;RQ5.report_limitations.no_entry_recorded,2015_Pirro_Explaining_and-EV-bdcdee307152e32d;2015_Pirro_Explaining_and-EV-c12e081254d18733;2015_Pirro_Explaining_and-EV-31291fd4ee4a38f2;2015_Pirro_Explaining_and-EV-9b7bdee6b1b2c010;2015_Pirro_Explaining_and-EV-9455b13e24a70671;2015_Pirro_Explaining_and-EV-1d828596f1bc572a;2015_Pirro_Explaining_and-EV-787e6b673b2bd557;2015_Pirro_Explaining_and-EV-7117e12a68357fd4;2015_Pirro_Explaining_and-EV-f50913c11db373fe;2015_Pirro_Explaining_and-EV-b89b334665d500b2;2015_Pirro_Explaining_and-EV-cd9ffe9d4ec33330;2015_Pirro_Explaining_and-EV-bdbe87a2601c7ffe;2015_Pirro_Explaining_and-EV-01df1754809788d0;2015_Pirro_Explaining_and-EV-30f41dd5e99b75dd;2015_Pirro_Explaining_and-EV-84535003fe3f9715;2015_Pirro_Explaining_and-EV-3bb37a680e5da7f4;2015_Pirro_Explaining_and-EV-717b74f0fa7467bf;2015_Pirro_Explaining_and-EV-eecc862c1d2e2c38;2015_Pirro_Explaining_and-EV-a0909ef3a442c779;2015_Pirro_Explaining_and-EV-69a214784564761c;2015_Pirro_Explaining_and-EV-ef70eddc8fa01ee2,1,not_performed
2015_Skjveland_Sgvizler_a,retained_current_illustration_scoped,,True,local_source_copy_matched,c310c500adcc35259db50d7c45c912be8b0b9b709a0a51eec82a78105bdc5aad,True,ILL-2015_Skjveland_Sgvizler_a-01,historical;demo;contrasting,RQ1;RQ2;RQ3;RQ4;RQ5,RQ1.interaction.I04_text_query;RQ1.interaction.I09_visual_configuration;RQ1.representation_role.unspecified;RQ1.visualisation.V01_node_link;RQ1.visualisation.V03_table_list;RQ1.visualisation.V04_map;RQ1.visualisation.V05_timeline;RQ1.visualisation.V06_statistical_chart;RQ1.visualisation.V09_text_document;RQ2.guidance.G07_visualisation_recommendation;RQ3.access.A01_endpoint_query;RQ3.data_model.B01_rdf;RQ3.implementation_engines.Google DataTable/rendering framework;RQ3.missing.scalability;RQ3.query_languages.SPARQL;RQ4.evaluation.E01_demonstration;RQ4.missing.study_design_codes;RQ5.identity_status.not_established;RQ5.identity_status.scoped_match;RQ5.provenance.source_evidence_extracted;RQ5.publication_version.not_recorded;RQ5.report_evaluation_limitations.text_recorded;RQ5.report_limitations.no_entry_recorded;RQ5.resource_role.application_source;RQ5.resource_role.other;RQ5.resource_verification.historical_version_equivalence_verified.not_recorded;RQ5.resource_verification.license_verified.not_recorded;RQ5.resource_verification.source_build_verified.not_recorded;RQ5.resource_verification.working_demo_verified.not_recorded,2015_Skjveland_Sgvizler_a-EV-23034ee50ccbf201;2015_Skjveland_Sgvizler_a-EV-b552b5e609fc6725;2015_Skjveland_Sgvizler_a-EV-59b4869fdc8e966c;2015_Skjveland_Sgvizler_a-EV-88d21f580c2d83a6;2015_Skjveland_Sgvizler_a-EV-c8f99efd3282d30f;2015_Skjveland_Sgvizler_a-EV-005a73624fe71979;2015_Skjveland_Sgvizler_a-EV-d4eaccc274b0014e;2015_Skjveland_Sgvizler_a-EV-a4943c23e0f010d9;2015_Skjveland_Sgvizler_a-EV-78a52c8c0e668f95;2015_Skjveland_Sgvizler_a-EV-0b62d5fc12bb470b;2015_Skjveland_Sgvizler_a-EV-099fe240df13cbe2;2015_Skjveland_Sgvizler_a-EV-ac126b942e282ff5;2015_Skjveland_Sgvizler_a-EV-79e098c41beab404;2015_Skjveland_Sgvizler_a-EV-ab547ebafed2cc80;2015_Skjveland_Sgvizler_a-EV-c179d353e5a50f54;2015_Skjveland_Sgvizler_a-EV-40738e6f6c4c8ff1;2015_Skjveland_Sgvizler_a-EV-5d8057413496583a,1,not_performed
2015_Thellmann_LinkDaViz_Automatic,retained_current_illustration_scoped,,True,local_source_copy_matched,b2ff4bf22dbdfaf464fd2e0acbf251e077e4531f01fe539fef4a85fc447b7a6f,True,ILL-2015_Thellmann_LinkDaViz_Automatic-01,principal;boundary,RQ1;RQ2;RQ3;RQ4;RQ5,RQ1.interaction.I09_visual_configuration;RQ1.representation_role.unspecified;RQ1.visualisation.V04_map;RQ1.visualisation.V06_statistical_chart;RQ2.guidance.G03_semantic_ranking;RQ2.guidance.G07_visualisation_recommendation;RQ3.access.A03_local_store;RQ3.access.A05_file_input;RQ3.data_model.B01_rdf;RQ3.implementation_engines.RDF/CSV data binding engine;RQ3.query_languages.SPARQL;RQ3.scalability.S02_measured_resource;RQ3.scalability.S03_reported_data_scale;RQ4.evaluation.E04_single_system_user;RQ4.evaluation.E06_offline_accuracy;RQ4.evaluation.E07_performance;RQ4.missing.study_design_codes;RQ5.identity_status.not_established;RQ5.provenance.source_evidence_extracted;RQ5.publication_version.not_recorded;RQ5.report_evaluation_limitations.text_recorded;RQ5.report_limitations.no_entry_recorded;RQ5.resource_role.other;RQ5.resource_verification.historical_version_equivalence_verified.not_recorded;RQ5.resource_verification.license_verified.not_recorded;RQ5.resource_verification.source_build_verified.not_recorded;RQ5.resource_verification.working_demo_verified.not_recorded,2015_Thellmann_LinkDaViz_Automatic-EV-2405b9e6977ac10f;2015_Thellmann_LinkDaViz_Automatic-EV-3605e4883fbc5681;2015_Thellmann_LinkDaViz_Automatic-EV-470c94bfde5d4833;2015_Thellmann_LinkDaViz_Automatic-EV-7cf48fe41838862f;2015_Thellmann_LinkDaViz_Automatic-EV-398cd98951a915ca;2015_Thellmann_LinkDaViz_Automatic-EV-bc4693596f470351;2015_Thellmann_LinkDaViz_Automatic-EV-4cd6a37783a52cb9;2015_Thellmann_LinkDaViz_Automatic-EV-2af64ca38e1f23fd;2015_Thellmann_LinkDaViz_Automatic-EV-bcadf95f13b782b8;2015_Thellmann_LinkDaViz_Automatic-EV-05b0a3254b5565da;2015_Thellmann_LinkDaViz_Automatic-EV-d4577c2f5104d770;2015_Thellmann_LinkDaViz_Automatic-EV-9fcf5141f6daacca;2015_Thellmann_LinkDaViz_Automatic-EV-4c0c9f4b5032f134;2015_Thellmann_LinkDaViz_Automatic-EV-66ba044b12c63c2c;2015_Thellmann_LinkDaViz_Automatic-EV-fa0ead8faa386b87;2015_Thellmann_LinkDaViz_Automatic-EV-6350f96a68679aec;2015_Thellmann_LinkDaViz_Automatic-EV-952b846c5ebbafb6;2015_Thellmann_LinkDaViz_Automatic-EV-3b39f5fce8a292a3,1,not_performed
2016_Soylu_Experiencing_OptiqueVQS,not_selected_current_unresolved,No current illustrative fact nominated; not compared for retention against the current 49.,False,local_source_copy_matched,fbfc77cbefd2a429ea7468e0542191091968297044fee6d4f3c19b300d8c6471,False,,,RQ1;RQ2;RQ3;RQ4;RQ5,RQ1.interaction.I01_entity_navigation;RQ1.interaction.I02_faceted_filtering;RQ1.interaction.I03_visual_query;RQ1.interaction.I08_coordinated_analysis;RQ1.representation_role.unspecified;RQ1.visualisation.V01_node_link;RQ1.visualisation.V03_table_list;RQ1.visualisation.V11_coordinated_views;RQ2.guidance.G01_valid_next_step;RQ2.guidance.G10_orientation_feedback;RQ3.access.A01_endpoint_query;RQ3.access.A03_local_store;RQ3.access.A04_federation;RQ3.data_model.B01_rdf;RQ3.implementation_engines.Ontop OBDA;RQ3.query_languages.SPARQL;RQ3.scalability.S05_strategy_only;RQ4.evaluation.E04_single_system_user;RQ4.missing.study_design_codes;RQ5.missing.resource_entries;RQ5.provenance.source_evidence_extracted;RQ5.publication_version.not_recorded;RQ5.report_evaluation_limitations.text_recorded;RQ5.report_limitations.no_entry_recorded,2016_Soylu_Experiencing_OptiqueVQS-EV-a75336361651d275;2016_Soylu_Experiencing_OptiqueVQS-EV-01cc24e29e19d85d;2016_Soylu_Experiencing_OptiqueVQS-EV-80bedb323bfad31f;2016_Soylu_Experiencing_OptiqueVQS-EV-e33dc44e4c310ba8;2016_Soylu_Experiencing_OptiqueVQS-EV-ea539ee9275a40fd;2016_Soylu_Experiencing_OptiqueVQS-EV-192a23d67cab5a16;2016_Soylu_Experiencing_OptiqueVQS-EV-c11be2cceabba390;2016_Soylu_Experiencing_OptiqueVQS-EV-b836829c28b41bdc;2016_Soylu_Experiencing_OptiqueVQS-EV-3115aa83fe84abc1;2016_Soylu_Experiencing_OptiqueVQS-EV-de0beb35eedebb55;2016_Soylu_Experiencing_OptiqueVQS-EV-78b0d3f4815c8fa8;2016_Soylu_Experiencing_OptiqueVQS-EV-4e12dd9cbdfc6978;2016_Soylu_Experiencing_OptiqueVQS-EV-24b4e0e4a445d998;2016_Soylu_Experiencing_OptiqueVQS-EV-bf23c510015868be;2016_Soylu_Experiencing_OptiqueVQS-EV-860a172e802e3541;2016_Soylu_Experiencing_OptiqueVQS-EV-38af511cb6200115;2016_Soylu_Experiencing_OptiqueVQS-EV-2f76198a1ceeeeb5;2016_Soylu_Experiencing_OptiqueVQS-EV-1b3e24eec6b1b9bb;2016_Soylu_Experiencing_OptiqueVQS-EV-12d274536e65a038;2016_Soylu_Experiencing_OptiqueVQS-EV-266beb796db05450,1,not_performed
2021_Destandau_S-Paths_Set-based,retained_current_illustration_scoped,,True,local_source_copy_matched,3db9f05e468a90ede9472fcf27bfb96ed1af095daadbe1d65871008e0c71984b,True,ILL-2021_Destandau_S-Paths_Set-based-01,principal;boundary,RQ1;RQ2;RQ3;RQ4;RQ5,RQ1.interaction.I01_entity_navigation;RQ1.interaction.I02_faceted_filtering;RQ1.interaction.I08_coordinated_analysis;RQ1.interaction.I09_visual_configuration;RQ1.representation_role.unspecified;RQ1.visualisation.V03_table_list;RQ1.visualisation.V04_map;RQ1.visualisation.V05_timeline;RQ1.visualisation.V06_statistical_chart;RQ1.visualisation.V11_coordinated_views;RQ2.guidance.G03_semantic_ranking;RQ2.guidance.G07_visualisation_recommendation;RQ3.access.A01_endpoint_query;RQ3.access.A06_projection_cache;RQ3.data_model.B01_rdf;RQ3.implementation_engines.Remote endpoints;RQ3.query_languages.SPARQL;RQ3.scalability.S01_measured_runtime;RQ3.scalability.S05_strategy_only;RQ4.evaluation.E03_formative_user;RQ4.evaluation.E04_single_system_user;RQ4.missing.study_design_codes;RQ5.identity_status.not_established;RQ5.provenance.source_evidence_extracted;RQ5.publication_version.not_recorded;RQ5.report_evaluation_limitations.text_recorded;RQ5.report_limitations.no_entry_recorded;RQ5.resource_role.other;RQ5.resource_verification.historical_version_equivalence_verified.not_recorded;RQ5.resource_verification.license_verified.not_recorded;RQ5.resource_verification.source_build_verified.not_recorded;RQ5.resource_verification.working_demo_verified.not_recorded,2021_Destandau_S-Paths_Set-based-EV-47f191426c94e22f;2021_Destandau_S-Paths_Set-based-EV-32d3417895e58b10;2021_Destandau_S-Paths_Set-based-EV-773d0698b034b263;2021_Destandau_S-Paths_Set-based-EV-07174e875e22ba31;2021_Destandau_S-Paths_Set-based-EV-c4fac5c65d5325f4;2021_Destandau_S-Paths_Set-based-EV-1d85c8e9099ffe4a;2021_Destandau_S-Paths_Set-based-EV-42ac7fc3935cd77a;2021_Destandau_S-Paths_Set-based-EV-60a0ff28caf51919;2021_Destandau_S-Paths_Set-based-EV-d6eade953d26fe20;2021_Destandau_S-Paths_Set-based-EV-ac46f47d6dee26bb;2021_Destandau_S-Paths_Set-based-EV-211685eb95366197;2021_Destandau_S-Paths_Set-based-EV-d9c41095081e5d9c;2021_Destandau_S-Paths_Set-based-EV-947c1876747a0573;2021_Destandau_S-Paths_Set-based-EV-349b408ac1ac45ea;2021_Destandau_S-Paths_Set-based-EV-6b7e9be711be4542;2021_Destandau_S-Paths_Set-based-EV-d28b376f4830f34b;2021_Destandau_S-Paths_Set-based-EV-c62470630c4cde33;2021_Destandau_S-Paths_Set-based-EV-1e5f536412146c1b;2021_Destandau_S-Paths_Set-based-EV-d3c22f2e95fb0280;2021_Destandau_S-Paths_Set-based-EV-e0120172a95934df;2021_Destandau_S-Paths_Set-based-EV-4df8be608232aff5;2021_Destandau_S-Paths_Set-based-EV-cd38d92f2242c7ea,1,not_performed
2021_Hyvonen_Knowledge-based_relational,not_selected_current_unresolved,No current illustrative fact nominated; not compared for retention against the current 49.,False,local_source_copy_matched,9a178b8158e86e7db10161596020b064d734e4e9b6a87b769d92af5c6e6689ec,False,,,RQ1;RQ2;RQ3;RQ4;RQ5,RQ1.interaction.I01_entity_navigation;RQ1.interaction.I02_faceted_filtering;RQ1.representation_role.unspecified;RQ1.visualisation.V01_node_link;RQ1.visualisation.V04_map;RQ1.visualisation.V09_text_document;RQ2.guidance.G03_semantic_ranking;RQ2.guidance.G06_context_explanation;RQ3.access.A01_endpoint_query;RQ3.access.A06_projection_cache;RQ3.data_model.B01_rdf;RQ3.implementation_engines.Biographical RDF KG;RQ3.query_languages.SPARQL;RQ3.scalability.S01_measured_runtime;RQ3.scalability.S03_reported_data_scale;RQ3.scalability.S05_strategy_only;RQ4.evaluation.E02_case_study;RQ4.evaluation.E06_offline_accuracy;RQ4.evaluation.E07_performance;RQ4.missing.study_design_codes;RQ5.missing.resource_entries;RQ5.provenance.source_evidence_extracted;RQ5.publication_version.not_recorded;RQ5.report_evaluation_limitations.text_recorded;RQ5.report_limitations.no_entry_recorded,2021_Hyvonen_Knowledge-based_relational-EV-85d0f43cc4b90405;2021_Hyvonen_Knowledge-based_relational-EV-79c97fe0f62d232c;2021_Hyvonen_Knowledge-based_relational-EV-c988f34f25544aba;2021_Hyvonen_Knowledge-based_relational-EV-535c4059e26b1eb0;2021_Hyvonen_Knowledge-based_relational-EV-4aef4404a6e1eb35;2021_Hyvonen_Knowledge-based_relational-EV-d24093aba575ec19;2021_Hyvonen_Knowledge-based_relational-EV-3cee032635025803;2021_Hyvonen_Knowledge-based_relational-EV-74e276ad225ba4b1;2021_Hyvonen_Knowledge-based_relational-EV-2e17eebabde84b70;2021_Hyvonen_Knowledge-based_relational-EV-f9f2794c13a6f319;2021_Hyvonen_Knowledge-based_relational-EV-30dfa057b6c570f4;2021_Hyvonen_Knowledge-based_relational-EV-0df100a852acdfcb;2021_Hyvonen_Knowledge-based_relational-EV-9a098be6be9a828c;2021_Hyvonen_Knowledge-based_relational-EV-4fafb77272af8f07;2021_Hyvonen_Knowledge-based_relational-EV-d62b0d7914950b43;2021_Hyvonen_Knowledge-based_relational-EV-a93fc1a875538f09;2021_Hyvonen_Knowledge-based_relational-EV-6afd820ca7b41e43;2021_Hyvonen_Knowledge-based_relational-EV-0bf1146daceafcbd;2021_Hyvonen_Knowledge-based_relational-EV-9fbfd0f203a8e950;2021_Hyvonen_Knowledge-based_relational-EV-67654678f6403e3f;2021_Hyvonen_Knowledge-based_relational-EV-8a3f4907ebf69972,1,not_performed
V3-00064,not_selected_current_unresolved,No current illustrative fact nominated; not compared for retention against the current 49.,False,local_source_copy_matched,bf018e2fceb94ee7601c479f7271ece35974681a0ec74b09758a65727bde53da,False,,,RQ1;RQ2;RQ3;RQ4;RQ5,RQ1.interaction.I01_entity_navigation;RQ1.interaction.I02_faceted_filtering;RQ1.interaction.I10_reuse_history;RQ1.representation_role.unspecified;RQ1.visualisation.V02_outline_tree;RQ1.visualisation.V03_table_list;RQ1.visualisation.V04_map;RQ1.visualisation.V08_small_multiples;RQ1.visualisation.V11_coordinated_views;RQ2.guidance.G05_template_entry;RQ2.guidance.G10_orientation_feedback;RQ2.interaction.I10_reuse_history;RQ3.access.A01_endpoint_query;RQ3.access.A03_local_store;RQ3.access.A06_projection_cache;RQ3.data_model.B01_rdf;RQ3.implementation_engines.Virtuoso; ELDA;RQ3.query_languages.SPARQL;RQ3.scalability.S03_reported_data_scale;RQ3.scalability.S05_strategy_only;RQ4.evaluation.E03_formative_user;RQ4.evaluation.E06_offline_accuracy;RQ4.evaluation.E08_deployment;RQ4.missing.study_design_codes;RQ5.identity_status.not_established;RQ5.provenance.partial_report_read;RQ5.publication_version.not_recorded;RQ5.report_evaluation_limitations.text_recorded;RQ5.report_limitations.no_entry_recorded;RQ5.resource_role.other;RQ5.resource_verification.historical_version_equivalence_verified.not_recorded;RQ5.resource_verification.license_verified.not_recorded;RQ5.resource_verification.source_build_verified.not_recorded;RQ5.resource_verification.working_demo_verified.not_recorded,V3-00064-EV-a3c927904cee8b4c;V3-00064-EV-2427eede4c8da20a;V3-00064-EV-9530110b36cbc33a;V3-00064-EV-684641c80301fc47;V3-00064-EV-8d9e7b86c57aa58f;V3-00064-EV-cfdd825f370d4783;V3-00064-EV-f0cbe7ab00c62a4c;V3-00064-EV-cc1bd86284858344;V3-00064-EV-9a801ac88f735c7e;V3-00064-EV-1586f1b2c403d44f;V3-00064-EV-b7d6b099aac0cd56;V3-00064-EV-756abd8937ebf9c4;V3-00064-EV-56b53fb39da0ccc5;V3-00064-EV-6dbee297e46e993f;V3-00064-EV-5375cdeb37c78b9a;V3-00064-EV-5f4bbaa792ec1af7;V3-00064-EV-ac84fddca5f37f0b;V3-00064-EV-846640a7153cbfaf;V3-00064-EV-fd9d9b7707e5ea09;V3-00064-EV-b06db9b8d36a045f;V3-00064-EV-c7915adf7b7ab9f3;V3-00064-EV-ae57d925abde62e5;V3-00064-EV-099b88c3051097eb;V3-00064-EV-152ad2fccd781069;V3-00064-EV-ff3af648829886ec,1,not_performed
V3-00087,not_selected_current_unresolved,No current illustrative fact nominated; not compared for retention against the current 49.,False,local_source_copy_location_unresolved,8059b76b6910501a70e91f0e8c49c7fcd63c05a22abe4e5bd6793ea0ec6a3bd8,False,,,RQ1;RQ2;RQ3;RQ4;RQ5,RQ1.interaction.I01_entity_navigation;RQ1.interaction.I03_visual_query;RQ1.interaction.I08_coordinated_analysis;RQ1.representation_role.unspecified;RQ1.visualisation.V03_table_list;RQ1.visualisation.V11_coordinated_views;RQ2.guidance.G03_semantic_ranking;RQ2.guidance.G05_template_entry;RQ3.access.A01_endpoint_query;RQ3.access.A06_projection_cache;RQ3.implementation_engines.REST wrappers; MemCached;RQ3.missing.data_model;RQ3.missing.query_languages;RQ3.scalability.S05_strategy_only;RQ4.evaluation.E01_demonstration;RQ4.evaluation.E02_case_study;RQ4.missing.study_design_codes;RQ5.identity_status.not_established;RQ5.provenance.source_evidence_extracted;RQ5.publication_version.not_recorded;RQ5.report_evaluation_limitations.text_recorded;RQ5.report_limitations.no_entry_recorded;RQ5.resource_role.other;RQ5.resource_verification.historical_version_equivalence_verified.not_recorded;RQ5.resource_verification.license_verified.not_recorded;RQ5.resource_verification.source_build_verified.not_recorded;RQ5.resource_verification.working_demo_verified.not_recorded,V3-00087-EV-8e8b6c97bc07d540;V3-00087-EV-5a7113c83d5e1bef;V3-00087-EV-560e78f26c61c120;V3-00087-EV-a142902e1337f725;V3-00087-EV-5427a695919b9296;V3-00087-EV-b85995eff4399314;V3-00087-EV-b4a0aa8066f88e16;V3-00087-EV-79a6bd53c4c0f1dd;V3-00087-EV-dfa4dc6cd341c0d0;V3-00087-EV-84c73f4da146dd8e;V3-00087-EV-113a458789a52bff;V3-00087-EV-5b9510cec0ddf9cc;V3-00087-EV-5dabaf213dc9573f;V3-00087-EV-072e43889e1c8220;V3-00087-EV-93ac75ee04db15c3;V3-00087-EV-b1c84f35d6fc626b,1,not_performed
V3-00100,not_selected_current_unresolved,No current illustrative fact nominated; not compared for retention against the current 49.,False,local_source_copy_location_unresolved,e0554766514f788845360a1cc2b773c44b527be7f4320ec6f7c529dfa7dd6d03,False,,,RQ1;RQ2;RQ3;RQ4;RQ5,RQ1.interaction.I02_faceted_filtering;RQ1.interaction.I03_visual_query;RQ1.representation_role.unspecified;RQ1.visualisation.V01_node_link;RQ1.visualisation.V03_table_list;RQ2.guidance.G01_valid_next_step;RQ3.access.A01_endpoint_query;RQ3.access.A06_projection_cache;RQ3.data_model.B01_rdf;RQ3.implementation_engines.Facet index; SPARQL endpoint;RQ3.query_languages.SPARQL;RQ3.scalability.S05_strategy_only;RQ4.evaluation.E01_demonstration;RQ4.evaluation.E04_single_system_user;RQ4.missing.study_design_codes;RQ5.missing.resource_entries;RQ5.provenance.source_evidence_extracted;RQ5.publication_version.not_recorded;RQ5.report_evaluation_limitations.text_recorded;RQ5.report_limitations.no_entry_recorded,V3-00100-EV-dd08b04a626a2002;V3-00100-EV-3aa0267793449f37;V3-00100-EV-fd67e53256856207;V3-00100-EV-121c0183a2b66006;V3-00100-EV-bf6b99b392a4279a;V3-00100-EV-4c8e2023f1acface;V3-00100-EV-e9ff2396e95371a7;V3-00100-EV-9ad0fc103e473b42;V3-00100-EV-31b7ac196ccd7835;V3-00100-EV-9a0d358a38ed9df4;V3-00100-EV-43ae235d9ee162b7;V3-00100-EV-72fbeb58a5a83b32;V3-00100-EV-e3ab714cb97cb181;V3-00100-EV-5cf40a806ec039b3;V3-00100-EV-f793b11fe2b55dcf;V3-00100-EV-515b36fad9250fea;V3-00100-EV-316b4baf4b927940,1,not_performed
V3-00101,not_selected_current_unresolved,No current illustrative fact nominated; not compared for retention against the current 49.,False,local_source_copy_location_unresolved,f0c4afb84aed081a3fc41b2d3eb5b1299e2a0a36a396e30997ee6a9a63c5e1c5,False,,,RQ1;RQ2;RQ3;RQ4;RQ5,RQ1.interaction.I01_entity_navigation;RQ1.interaction.I02_faceted_filtering;RQ1.representation_role.unspecified;RQ1.visualisation.V02_outline_tree;RQ1.visualisation.V03_table_list;RQ1.visualisation.V09_text_document;RQ2.guidance.G02_lexical_completion;RQ2.guidance.G06_context_explanation;RQ3.access.A03_local_store;RQ3.data_model.B01_rdf;RQ3.implementation_engines.Jena; Tomcat;RQ3.query_languages.SPARQL;RQ3.scalability.S03_reported_data_scale;RQ4.evaluation.E02_case_study;RQ4.missing.study_design_codes;RQ5.missing.resource_entries;RQ5.provenance.source_evidence_extracted;RQ5.publication_version.not_recorded;RQ5.report_evaluation_limitations.text_recorded;RQ5.report_limitations.no_entry_recorded,V3-00101-EV-953aaa85b2c418d7;V3-00101-EV-218086025e56d270;V3-00101-EV-e5db68c41f79e0f2;V3-00101-EV-a70dad24d75a0327;V3-00101-EV-5daad8a5b3f63230;V3-00101-EV-6fc82652a0c0f351;V3-00101-EV-8f474a220b2ca13e;V3-00101-EV-a9bd466495cbf783;V3-00101-EV-9feeb300d1592fcf;V3-00101-EV-ea86c7578630bb79;V3-00101-EV-c7b5a4174eb8e986;V3-00101-EV-b8738eb9a496bf8f;V3-00101-EV-988205a19d384a61;V3-00101-EV-da8af41a1847c09a;V3-00101-EV-79449fdbda786608;V3-00101-EV-938cda0b93569110;V3-00101-EV-2a4c491421c02111,1,not_performed
V3-00110,not_selected_current_unresolved,No current illustrative fact nominated; not compared for retention against the current 49.,False,local_source_copy_location_unresolved,7df3e5acc2f5bd74382c683783e26a490624ac9df61ca021e22555b03ee6a03c,False,,,RQ1;RQ2;RQ3;RQ4;RQ5,RQ1.interaction.I01_entity_navigation;RQ1.interaction.I03_visual_query;RQ1.interaction.I07_example_query;RQ1.representation_role.unspecified;RQ1.visualisation.V01_node_link;RQ2.guidance.G01_valid_next_step;RQ2.guidance.G04_query_expansion_relaxation;RQ2.guidance.G10_orientation_feedback;RQ3.access.A01_endpoint_query;RQ3.data_model.B01_rdf;RQ3.implementation_engines.DBpedia endpoint;RQ3.missing.scalability;RQ3.query_languages.Cypher;RQ3.query_languages.Gremlin;RQ3.query_languages.SPARQL;RQ4.evaluation.E05_comparative_user;RQ4.missing.study_design_codes;RQ5.identity_status.not_established;RQ5.provenance.source_evidence_extracted;RQ5.publication_version.not_recorded;RQ5.report_evaluation_limitations.text_recorded;RQ5.report_limitations.no_entry_recorded;RQ5.resource_role.other;RQ5.resource_verification.historical_version_equivalence_verified.not_recorded;RQ5.resource_verification.license_verified.not_recorded;RQ5.resource_verification.source_build_verified.not_recorded;RQ5.resource_verification.working_demo_verified.not_recorded,V3-00110-EV-bc759084d55a821f;V3-00110-EV-e533574bcec41e0d;V3-00110-EV-1c56b122ea9ff8a0;V3-00110-EV-37113a56a5ba199c;V3-00110-EV-de5826fba51c38e4;V3-00110-EV-8fe18b2cf480d189;V3-00110-EV-84b01c2579d0c042;V3-00110-EV-c0f6fffcacf35d1d;V3-00110-EV-2ea71f798ec7f290;V3-00110-EV-b9fab86b52663325;V3-00110-EV-bb20f914a2255d92;V3-00110-EV-334f7e418bced344;V3-00110-EV-8b6d837070d7705f;V3-00110-EV-9bbf468f7c68f4c6;V3-00110-EV-a3ca1ce4f0eebeab;V3-00110-EV-0344338f9882a648;V3-00110-EV-49aa1a3f61f103bf;V3-00110-EV-7f95021278341f0f,1,not_performed
V3-00114,not_selected_current_unresolved,No current illustrative fact nominated; not compared for retention against the current 49.,False,local_source_copy_location_unresolved,f66220b60a7e2719af68e5dffcef55893a94bc80cd0712074dfbe5a36c106dd6,False,,,RQ1;RQ2;RQ3;RQ4;RQ5,RQ1.interaction.I03_visual_query;RQ1.representation_role.unspecified;RQ1.visualisation.V01_node_link;RQ1.visualisation.V02_outline_tree;RQ1.visualisation.V03_table_list;RQ2.missing.guidance;RQ3.access.A03_local_store;RQ3.data_model.B03_typed_legacy_graph;RQ3.implementation_engines.CORAL; MySQL;RQ3.query_languages.GraphLog;RQ3.scalability.S05_strategy_only;RQ4.evaluation.E02_case_study;RQ4.missing.study_design_codes;RQ5.missing.resource_entries;RQ5.provenance.source_evidence_extracted;RQ5.publication_version.not_recorded;RQ5.report_evaluation_limitations.text_recorded;RQ5.report_limitations.no_entry_recorded,V3-00114-EV-821863fc901d93f7;V3-00114-EV-db2fea72f2f5e1aa;V3-00114-EV-db51adf4c5e0f8f9;V3-00114-EV-274777cd0589e77c;V3-00114-EV-d7462035da49a8b8;V3-00114-EV-96930313b28b68a2;V3-00114-EV-ad894f90544058f0;V3-00114-EV-d85b926bdf499056;V3-00114-EV-b0650e5ec756acf3;V3-00114-EV-53f1d7e69cd47587;V3-00114-EV-b22d2a44102be282;V3-00114-EV-79626de59812714d;V3-00114-EV-757ffe030e2099d9;V3-00114-EV-f38f128e1189f6e2,1,not_performed
V3-00120,not_selected_current_unresolved,No current illustrative fact nominated; not compared for retention against the current 49.,False,local_source_copy_matched,ed69186f485d5de76a93ce81defcd653016c699e1536281d368eea2f1d74b23c,False,,,RQ1;RQ2;RQ3;RQ4;RQ5,RQ1.interaction.I01_entity_navigation;RQ1.representation_role.unspecified;RQ1.visualisation.V01_node_link;RQ1.visualisation.V02_outline_tree;RQ1.visualisation.V06_statistical_chart;RQ2.guidance.G03_semantic_ranking;RQ3.access.A03_local_store;RQ3.data_model.B02_property_graph;RQ3.implementation_engines.Neo4j;RQ3.missing.query_languages;RQ3.missing.scalability;RQ4.evaluation.E01_demonstration;RQ4.evaluation.E03_formative_user;RQ4.missing.study_design_codes;RQ5.missing.resource_entries;RQ5.provenance.source_evidence_extracted;RQ5.publication_version.not_recorded;RQ5.report_evaluation_limitations.text_recorded;RQ5.report_limitations.no_entry_recorded,V3-00120-EV-0b136c572d272bcb;V3-00120-EV-996c381fe9cbc1e1;V3-00120-EV-9c93bef92675d4a7;V3-00120-EV-65c055abc8172676;V3-00120-EV-c1c432c2b8c44ad0;V3-00120-EV-f64c2b1eec898da8;V3-00120-EV-0f7809ebbf2eb93b;V3-00120-EV-e67367b2cf660fb1;V3-00120-EV-74b72316648076f9;V3-00120-EV-642249dd5b21766a;V3-00120-EV-44013730287b194e;V3-00120-EV-8458277bc99c852d;V3-00120-EV-fffff0228aa984c2,1,not_performed
V3-00132,retained_current_illustration_scoped,,True,local_source_copy_matched,30d973cd15bed79799370ea2782725bdfafba4978abd6ac1f6ea3e5821045867,True,ILL-V3-00132-01,principal;contrasting,RQ1;RQ2;RQ3;RQ4;RQ5,RQ1.interaction.I01_entity_navigation;RQ1.interaction.I07_example_query;RQ1.representation_role.unspecified;RQ1.visualisation.V03_table_list;RQ1.visualisation.V09_text_document;RQ2.guidance.G03_semantic_ranking;RQ2.guidance.G08_personalisation;RQ3.access.A01_endpoint_query;RQ3.data_model.B01_rdf;RQ3.implementation_engines.DBpedia endpoint;RQ3.query_languages.SPARQL;RQ3.scalability.S03_reported_data_scale;RQ3.scalability.S05_strategy_only;RQ4.evaluation.E05_comparative_user;RQ4.evaluation.E06_offline_accuracy;RQ4.missing.study_design_codes;RQ5.missing.resource_entries;RQ5.provenance.source_evidence_extracted;RQ5.publication_version.not_recorded;RQ5.report_evaluation_limitations.text_recorded;RQ5.report_limitations.no_entry_recorded,V3-00132-EV-3e928916950ff7a8;V3-00132-EV-b5e807634a415803;V3-00132-EV-ff40e58fb5db3252;V3-00132-EV-ffe38cce12c23653;V3-00132-EV-51d0b4d53813b0fc;V3-00132-EV-b4de503258fd68a8;V3-00132-EV-afaded4ef686d3b4;V3-00132-EV-17a4a0a89e6ff21a;V3-00132-EV-dfd7292261bd39ce;V3-00132-EV-4b039c6f52dc652b;V3-00132-EV-a2dfd840be1714af;V3-00132-EV-47ab4b35676d655a;V3-00132-EV-7d79190621dd9dfe;V3-00132-EV-5c25d4e36a3da64b;V3-00132-EV-1304666b72721159;V3-00132-EV-c6aa01346771f807;V3-00132-EV-5d5e64081166886d,1,not_performed
V3-00142,not_selected_current_unresolved,No current illustrative fact nominated; not compared for retention against the current 49.,False,local_source_copy_location_unresolved,31100d8922e496e0dd78fc04a1c7e7246fd87bdf8618dcd609a7e654ed1c1e23,False,,,RQ1;RQ2;RQ3;RQ4;RQ5,RQ1.interaction.I01_entity_navigation;RQ1.interaction.I03_visual_query;RQ1.representation_role.unspecified;RQ1.visualisation.V01_node_link;RQ1.visualisation.V02_outline_tree;RQ2.guidance.G01_valid_next_step;RQ3.access.A01_endpoint_query;RQ3.access.A06_projection_cache;RQ3.data_model.B01_rdf;RQ3.implementation_engines.LODeX endpoint summary;RQ3.query_languages.SPARQL;RQ3.scalability.S03_reported_data_scale;RQ4.evaluation.E06_offline_accuracy;RQ4.missing.study_design_codes;RQ5.missing.resource_entries;RQ5.provenance.source_evidence_extracted;RQ5.publication_version.not_recorded;RQ5.report_evaluation_limitations.text_recorded;RQ5.report_limitations.no_entry_recorded,V3-00142-EV-6a574fc3d07aa2ba;V3-00142-EV-9c4bba6fbe6c4a75;V3-00142-EV-46bb07dd34e1283a;V3-00142-EV-e513ea5f7fe86a56;V3-00142-EV-355a14c9fb06375f;V3-00142-EV-2f3487d193c29c03;V3-00142-EV-fab888b485dab5e7;V3-00142-EV-9a8f899a28cab709;V3-00142-EV-4802a7804bd3029e;V3-00142-EV-e89ad332b5e5661e;V3-00142-EV-cf41f8b850304235;V3-00142-EV-051072b8a5f45e33;V3-00142-EV-74646b7f79074883;V3-00142-EV-101d1287bddf79d8;V3-00142-EV-ba0a14f62e6a73a1;V3-00142-EV-de28539f9b3f3602,1,not_performed
V3-00144,not_selected_current_unresolved,No current illustrative fact nominated; not compared for retention against the current 49.,False,local_source_copy_location_unresolved,903972e87879c0097e095575084a52f4bef40e33a92a51bd2edf1a59bb2c4a3e,False,,,RQ1;RQ2;RQ3;RQ4;RQ5,RQ1.interaction.I01_entity_navigation;RQ1.interaction.I02_faceted_filtering;RQ1.interaction.I08_coordinated_analysis;RQ1.representation_role.unspecified;RQ1.visualisation.V01_node_link;RQ1.visualisation.V02_outline_tree;RQ1.visualisation.V06_statistical_chart;RQ1.visualisation.V09_text_document;RQ1.visualisation.V11_coordinated_views;RQ2.guidance.G03_semantic_ranking;RQ2.guidance.G06_context_explanation;RQ3.access.A01_endpoint_query;RQ3.access.A06_projection_cache;RQ3.implementation_engines.KG API; UMAP/HDBSCAN document views;RQ3.missing.data_model;RQ3.missing.query_languages;RQ3.scalability.S03_reported_data_scale;RQ4.evaluation.E03_formative_user;RQ4.evaluation.E04_single_system_user;RQ4.missing.study_design_codes;RQ5.missing.resource_entries;RQ5.provenance.source_evidence_extracted;RQ5.publication_version.not_recorded;RQ5.report_evaluation_limitations.text_recorded;RQ5.report_limitations.no_entry_recorded,V3-00144-EV-b15fabe42c811c2a;V3-00144-EV-61ea98d81c0c6471;V3-00144-EV-465a56edb0dd840a;V3-00144-EV-6b23dc15a482b095;V3-00144-EV-7dfe1b15bc064eab;V3-00144-EV-70a5c7ca8811220e;V3-00144-EV-ff61b1e6432db8e1;V3-00144-EV-86bb50f2ac740d84;V3-00144-EV-6d9b8e1dee6d27df;V3-00144-EV-b6baab639eb7411b;V3-00144-EV-312edbb2e796a7ee;V3-00144-EV-a5e6f8dfb55eb896;V3-00144-EV-54b1eb869895839b;V3-00144-EV-ddc8ce0fe2aca6c0;V3-00144-EV-fa04a5149a62bdda;V3-00144-EV-4d03dbac21c51405;V3-00144-EV-563b6a9a705309d8;V3-00144-EV-5140b9e989201adc;V3-00144-EV-3df8eea0fad04201;V3-00144-EV-8062f2a25f25c8e8,2,not_performed
V3-00151,not_selected_current_unresolved,No current illustrative fact nominated; not compared for retention against the current 49.,False,local_source_copy_location_unresolved,bc294432c366ce0bfe93bc23897f62095275f9295f2d3933eb638bb0aa1cb09e,False,,,RQ1;RQ2;RQ3;RQ4;RQ5,RQ1.interaction.I01_entity_navigation;RQ1.interaction.I08_coordinated_analysis;RQ1.representation_role.unspecified;RQ1.visualisation.V01_node_link;RQ1.visualisation.V10_3d_vr;RQ1.visualisation.V11_coordinated_views;RQ2.missing.guidance;RQ3.data_model.B01_rdf;RQ3.implementation_engines.Ontodia3D; Three.js;RQ3.missing.access;RQ3.missing.query_languages;RQ3.scalability.S04_reported_visual_scale;RQ4.evaluation.E01_demonstration;RQ4.evaluation.E04_single_system_user;RQ4.missing.study_design_codes;RQ5.identity_status.not_established;RQ5.provenance.source_evidence_extracted;RQ5.publication_version.not_recorded;RQ5.report_evaluation_limitations.text_recorded;RQ5.report_limitations.no_entry_recorded;RQ5.resource_role.other;RQ5.resource_verification.historical_version_equivalence_verified.not_recorded;RQ5.resource_verification.license_verified.not_recorded;RQ5.resource_verification.source_build_verified.not_recorded;RQ5.resource_verification.working_demo_verified.not_recorded,V3-00151-EV-31efba80f5352394;V3-00151-EV-4bda60786c83c69b;V3-00151-EV-069006c4c590e5f9;V3-00151-EV-fdc7917b079ddd39;V3-00151-EV-0c6ba4d925f4c99b;V3-00151-EV-66ed7ebd2d14a09b;V3-00151-EV-29def0685fb08224;V3-00151-EV-2b0d89f91e8f9170;V3-00151-EV-03ca51f50a8f55ea;V3-00151-EV-74738139f1884a00;V3-00151-EV-68878cda6d25dbce;V3-00151-EV-229957907fef8371;V3-00151-EV-a20b6674be753f9a;V3-00151-EV-f064ce75af8629ae,1,not_performed
V3-00162,not_selected_current_unresolved,No current illustrative fact nominated; not compared for retention against the current 49.,False,local_source_copy_location_unresolved,1fcb1b9b7c60b6ad64381896b19c485ea9e55519ffd44a1a653a83bc5bb1bd7e,False,,,RQ1;RQ2;RQ3;RQ4;RQ5,RQ1.interaction.I01_entity_navigation;RQ1.interaction.I02_faceted_filtering;RQ1.representation_role.unspecified;RQ1.visualisation.V03_table_list;RQ2.guidance.G01_valid_next_step;RQ2.guidance.G03_semantic_ranking;RQ3.access.A01_endpoint_query;RQ3.access.A03_local_store;RQ3.data_model.B01_rdf;RQ3.implementation_engines.ActiveRDF/YARS;RQ3.query_languages.SPARQL;RQ3.scalability.S05_strategy_only;RQ4.evaluation.E01_demonstration;RQ4.evaluation.E04_single_system_user;RQ4.missing.study_design_codes;RQ5.identity_status.not_established;RQ5.provenance.source_evidence_extracted;RQ5.publication_version.not_recorded;RQ5.report_evaluation_limitations.text_recorded;RQ5.report_limitations.no_entry_recorded;RQ5.resource_role.other;RQ5.resource_verification.historical_version_equivalence_verified.not_recorded;RQ5.resource_verification.license_verified.not_recorded;RQ5.resource_verification.source_build_verified.not_recorded;RQ5.resource_verification.working_demo_verified.not_recorded,V3-00162-EV-b3fcaeb5556bca09;V3-00162-EV-2c898acd31f51c4a;V3-00162-EV-1d521e9d2a10e338;V3-00162-EV-054b4ff0964a179f;V3-00162-EV-077fb36c2f17ef72;V3-00162-EV-8724b8b6296bcd46;V3-00162-EV-4970bd1837c83e7e;V3-00162-EV-920579dcc9e216f1;V3-00162-EV-4813f9001ffcb5ab;V3-00162-EV-96809351eea0401e;V3-00162-EV-8b4579c375bef214;V3-00162-EV-e36402d9bd6143a3;V3-00162-EV-378cd7917be010bb;V3-00162-EV-9561dc721ce94a0a;V3-00162-EV-36979bf76a7699bc;V3-00162-EV-c1fd7dd8e3a0c9a9,1,not_performed
V3-00217,not_selected_current_unresolved,No current illustrative fact nominated; not compared for retention against the current 49.,False,local_source_copy_location_unresolved,74e92881a4b32c99cbd51cbe066d870d44c5331f870b3761512db1eb08e6005f,False,,,RQ1;RQ2;RQ3;RQ4;RQ5,RQ1.interaction.I03_visual_query;RQ1.representation_role.unspecified;RQ1.visualisation.V01_node_link;RQ1.visualisation.V02_outline_tree;RQ2.guidance.G01_valid_next_step;RQ2.guidance.G02_lexical_completion;RQ3.access.A01_endpoint_query;RQ3.access.A03_local_store;RQ3.access.A06_projection_cache;RQ3.data_model.B01_rdf;RQ3.implementation_engines.PostgreSQL schema store; on-demand endpoint;RQ3.query_languages.SPARQL;RQ3.scalability.S01_measured_runtime;RQ3.scalability.S02_measured_resource;RQ3.scalability.S03_reported_data_scale;RQ4.evaluation.E01_demonstration;RQ4.evaluation.E04_single_system_user;RQ4.evaluation.E06_offline_accuracy;RQ4.evaluation.E07_performance;RQ4.missing.study_design_codes;RQ5.identity_status.scoped_match;RQ5.provenance.partial_report_read;RQ5.publication_version.not_recorded;RQ5.report_evaluation_limitations.text_recorded;RQ5.report_limitations.no_entry_recorded;RQ5.resource_role.component_source;RQ5.resource_verification.historical_version_equivalence_verified.not_recorded;RQ5.resource_verification.license_verified.not_recorded;RQ5.resource_verification.source_build_verified.not_recorded;RQ5.resource_verification.working_demo_verified.not_recorded,V3-00217-EV-0ccde793d116f5f7;V3-00217-EV-0ec450f811d22019;V3-00217-EV-e2194cba62d0733c;V3-00217-EV-12b483d0b72e7406;V3-00217-EV-8ea66b56de9f6189;V3-00217-EV-20902be8e0c5bd09;V3-00217-EV-332acc807c42f27e;V3-00217-EV-38cf76c1e4f6a1ab;V3-00217-EV-52b99dc1fb351cbf;V3-00217-EV-aeae4de62da1a7f7;V3-00217-EV-eaaec78c6329d864;V3-00217-EV-c5e5e51f6fb00faf;V3-00217-EV-ef3616ccb0685fe6;V3-00217-EV-405c20277a082880;V3-00217-EV-2ec7d8c76246aec4;V3-00217-EV-8576d24c13422577;V3-00217-EV-3b58987f7d542a9f;V3-00217-EV-4fb03877d3f3932c;V3-00217-EV-818adaa4ef23cf89;V3-00217-EV-3c22142c6638e1a0;V3-00217-EV-1f6a1b4817d51120;V3-00217-EV-3408345725956007,1,not_performed
V3-00220,retained_current_illustration_scoped,,True,local_source_copy_matched,4d624856e7d6ce1d887b54b4c334faf6af84e39e72d9ce32ce73b67b5b4dc1e0,True,ILL-V3-00220-01,principal;contrasting;demo,RQ1;RQ2;RQ3;RQ4;RQ5,RQ1.interaction.I04_text_query;RQ1.interaction.I10_reuse_history;RQ1.representation_role.unspecified;RQ1.visualisation.V01_node_link;RQ1.visualisation.V03_table_list;RQ1.visualisation.V09_text_document;RQ2.guidance.G01_valid_next_step;RQ2.guidance.G02_lexical_completion;RQ2.guidance.G05_template_entry;RQ2.interaction.I10_reuse_history;RQ3.access.A01_endpoint_query;RQ3.access.A04_federation;RQ3.data_model.B01_rdf;RQ3.implementation_engines.YASGUI extension; endpoint metadata;RQ3.missing.scalability;RQ3.query_languages.SPARQL;RQ4.evaluation.E01_demonstration;RQ4.evaluation.E08_deployment;RQ4.missing.study_design_codes;RQ5.identity_status.scoped_match;RQ5.provenance.source_evidence_extracted;RQ5.publication_version.not_recorded;RQ5.report_evaluation_limitations.text_recorded;RQ5.report_limitations.no_entry_recorded;RQ5.resource_role.component_source;RQ5.resource_role.demo;RQ5.resource_verification.historical_version_equivalence_verified.not_recorded;RQ5.resource_verification.license_verified.not_recorded;RQ5.resource_verification.source_build_verified.not_recorded;RQ5.resource_verification.working_demo_verified.not_recorded,V3-00220-EV-025b8a723f9bb747;V3-00220-EV-2c90e22cc5369e9a;V3-00220-EV-ae8b3b19a8853d6b;V3-00220-EV-89634c8e493b04fc;V3-00220-EV-0d1f73647eb184fa;V3-00220-EV-ba6747510f3ece5c;V3-00220-EV-b886b828035bf58b;V3-00220-EV-76146aa21bdb8d2f;V3-00220-EV-75948433a9492e0e;V3-00220-EV-c9b68b530a023be0;V3-00220-EV-3b0822c462b1d0c3;V3-00220-EV-3fb3eae057415707;V3-00220-EV-88408fd5fee83203;V3-00220-EV-bac2bb4127521c15;V3-00220-EV-845d768b80f213a5;V3-00220-EV-e5ef7520bbeb8e66;V3-00220-EV-a50cd7e76f70839c;V3-00220-EV-d9a36072155beece;V3-00220-EV-090fa8b0187ba958,1,not_performed
V3-00221,not_selected_current_unresolved,No current illustrative fact nominated; not compared for retention against the current 49.,False,local_source_copy_location_unresolved,14bf3e3bd7aea923643afed82fa6a5f0b980a8d243e571d99a854aff2c0fb922,False,,,RQ1;RQ2;RQ3;RQ4;RQ5,RQ1.interaction.I01_entity_navigation;RQ1.interaction.I02_faceted_filtering;RQ1.interaction.I08_coordinated_analysis;RQ1.representation_role.unspecified;RQ1.visualisation.V03_table_list;RQ1.visualisation.V04_map;RQ1.visualisation.V05_timeline;RQ1.visualisation.V06_statistical_chart;RQ1.visualisation.V11_coordinated_views;RQ2.guidance.G10_orientation_feedback;RQ3.access.A01_endpoint_query;RQ3.data_model.B01_rdf;RQ3.implementation_engines.BookSampo RDF service; Sampo-UI;RQ3.query_languages.SPARQL;RQ3.scalability.S03_reported_data_scale;RQ4.evaluation.E01_demonstration;RQ4.evaluation.E02_case_study;RQ4.evaluation.E03_formative_user;RQ4.missing.study_design_codes;RQ5.identity_status.scoped_match;RQ5.provenance.partial_report_read;RQ5.publication_version.not_recorded;RQ5.report_evaluation_limitations.text_recorded;RQ5.report_limitations.no_entry_recorded;RQ5.resource_role.application_source;RQ5.resource_verification.historical_version_equivalence_verified.not_recorded;RQ5.resource_verification.license_verified.not_recorded;RQ5.resource_verification.source_build_verified.not_recorded;RQ5.resource_verification.working_demo_verified.not_recorded,V3-00221-EV-794d13ab0d031920;V3-00221-EV-63afd6236b05864a;V3-00221-EV-92313deeb5b2add5;V3-00221-EV-0b18e6e72d1f2a20;V3-00221-EV-a3adcfb06ed5bafe;V3-00221-EV-2823817cf68c513c;V3-00221-EV-869f7111f813da5a;V3-00221-EV-3b3caa018baf260a;V3-00221-EV-4105a34c9c1267e8;V3-00221-EV-17c5851e33f66fbf;V3-00221-EV-147f6cab41378f52;V3-00221-EV-c69c7da48dfca56c;V3-00221-EV-4848adc1bd8fcb62;V3-00221-EV-e502e51124e0ed88;V3-00221-EV-9cbaee110219317b;V3-00221-EV-257b2450c4eaa486;V3-00221-EV-b2af8bd8144e979b;V3-00221-EV-4df7e63bc3c6634e;V3-00221-EV-c761a8f2ae2e869a;V3-00221-EV-73d9bd1dd2b9870c;V3-00221-EV-20de928b852a4da4,1,not_performed
V3-00227,not_selected_current_unresolved,No current illustrative fact nominated; not compared for retention against the current 49.,False,local_source_copy_matched,2628617e02353a8b55fdac36fa24ce2609c48d8bf1cba1afae18e43e74416458,False,,,RQ1;RQ2;RQ3;RQ4;RQ5,RQ1.interaction.I01_entity_navigation;RQ1.interaction.I03_visual_query;RQ1.representation_role.unspecified;RQ1.visualisation.V01_node_link;RQ1.visualisation.V02_outline_tree;RQ1.visualisation.V03_table_list;RQ2.guidance.G01_valid_next_step;RQ3.access.A01_endpoint_query;RQ3.access.A05_file_input;RQ3.data_model.B01_rdf;RQ3.implementation_engines.NITELIGHT JavaScript; endpoint;RQ3.missing.scalability;RQ3.query_languages.SPARQL;RQ4.evaluation.E01_demonstration;RQ4.evaluation.E04_single_system_user;RQ4.missing.study_design_codes;RQ5.missing.resource_entries;RQ5.provenance.partial_report_read;RQ5.publication_version.recorded;RQ5.report_evaluation_limitations.text_recorded;RQ5.report_limitations.no_entry_recorded,V3-00227-EV-31642c8927b328c0;V3-00227-EV-5d26a665338c1c92;V3-00227-EV-265945aad548b676;V3-00227-EV-2bfdf906585fa196;V3-00227-EV-a5f29a0d6fa02d8a;V3-00227-EV-ef036d8f264f706f;V3-00227-EV-c457f4f740376948;V3-00227-EV-66bee2d25d93e79a;V3-00227-EV-7be90fdbb13c2da8;V3-00227-EV-9bb47f3e77d07a21;V3-00227-EV-ce4254450d39c37e;V3-00227-EV-19db6bbda663c5be;V3-00227-EV-4d3a8f5bf5358ce9;V3-00227-EV-9e831fb91f3cfbe6;V3-00227-EV-36cc69fc5bd7da73;V3-00227-EV-329b977ea55d8445,1,not_performed
V3-00254,not_selected_current_unresolved,No current illustrative fact nominated; not compared for retention against the current 49.,False,local_source_copy_matched,199252f90df0b02b25965362258aafb7219af9d338ebe25d436b9e9076c21fa8,False,,,RQ1;RQ2;RQ3;RQ4;RQ5,RQ1.interaction.I01_entity_navigation;RQ1.interaction.I09_visual_configuration;RQ1.representation_role.unspecified;RQ1.visualisation.V01_node_link;RQ1.visualisation.V06_statistical_chart;RQ1.visualisation.V10_3d_vr;RQ2.missing.guidance;RQ3.access.A03_local_store;RQ3.access.A05_file_input;RQ3.data_model.B01_rdf;RQ3.implementation_engines.GViz C++; Open Inventor;RQ3.query_languages.RQL;RQ3.scalability.S03_reported_data_scale;RQ3.scalability.S05_strategy_only;RQ4.evaluation.E01_demonstration;RQ4.evaluation.E02_case_study;RQ4.missing.study_design_codes;RQ5.missing.resource_entries;RQ5.provenance.partial_report_read;RQ5.publication_version.not_recorded;RQ5.report_evaluation_limitations.text_recorded;RQ5.report_limitations.no_entry_recorded,V3-00254-EV-1770b42150b093ae;V3-00254-EV-2e0cf16cfa46a444;V3-00254-EV-9a2596193439b588;V3-00254-EV-aeb515b3c9ec376c;V3-00254-EV-049b5ec4a4f1c534;V3-00254-EV-a18fb2d7711c74ad;V3-00254-EV-cc72bd3c03ad816b;V3-00254-EV-74dc23f8ed871e0a;V3-00254-EV-9ba77506f92ddb2f;V3-00254-EV-c21fe9903453b00f;V3-00254-EV-1005922bcf95339f;V3-00254-EV-7c077f33c5876067;V3-00254-EV-ab1ccaa9753b71c2;V3-00254-EV-6edef8e5f53d512f;V3-00254-EV-e40d64ebdca5d26b;V3-00254-EV-eda97d28d78531dd;V3-00254-EV-6a668d3b49a4a169;V3-00254-EV-a016e1d04a061cfc,1,not_performed
V3-00256,not_selected_current_unresolved,No current illustrative fact nominated; not compared for retention against the current 49.,False,local_source_copy_matched,6c25cce9db0c5a981b45ed9c5da4c628cea93780bcab4a082ebabe6e5c049e65,False,,,RQ1;RQ2;RQ3;RQ4;RQ5,RQ1.interaction.I01_entity_navigation;RQ1.representation_role.unspecified;RQ1.visualisation.V03_table_list;RQ1.visualisation.V09_text_document;RQ2.missing.guidance;RQ3.access.A01_endpoint_query;RQ3.access.A02_uri_dereference;RQ3.data_model.B01_rdf;RQ3.implementation_engines.LodView Java;RQ3.missing.scalability;RQ3.query_languages.SPARQL;RQ4.evaluation.E01_demonstration;RQ4.missing.study_design_codes;RQ5.identity_status.scoped_match;RQ5.provenance.partial_report_read;RQ5.publication_version.not_recorded;RQ5.report_evaluation_limitations.text_recorded;RQ5.report_limitations.no_entry_recorded;RQ5.resource_role.application_source;RQ5.resource_verification.historical_version_equivalence_verified.not_recorded;RQ5.resource_verification.license_verified.not_recorded;RQ5.resource_verification.source_build_verified.not_recorded;RQ5.resource_verification.working_demo_verified.not_recorded,V3-00256-EV-4a1e6c125570fe97;V3-00256-EV-eba160b4abf9983f;V3-00256-EV-a3764e885b51a18b;V3-00256-EV-d728d4b822d951ca;V3-00256-EV-3e15eeb65264ebbe;V3-00256-EV-698053a5a5232745;V3-00256-EV-3fc9c3463eb8b4ac;V3-00256-EV-7d79801cd832327b;V3-00256-EV-3dc2adea57fe217c;V3-00256-EV-8f1f3cece89604c3;V3-00256-EV-3c524bef7746cf37;V3-00256-EV-0e2c4d9fe7d80e4c;V3-00256-EV-18a7c97678f596d4,1,not_performed
V3-00257,not_selected_current_unresolved,No current illustrative fact nominated; not compared for retention against the current 49.,False,local_source_copy_matched,e754705673b6336e19d937835770f12c16869ec6e8f7e6cf453586db8b2acdb2,False,,,RQ1;RQ2;RQ3;RQ4;RQ5,RQ1.interaction.I02_faceted_filtering;RQ1.representation_role.unspecified;RQ1.visualisation.V03_table_list;RQ2.guidance.G01_valid_next_step;RQ2.guidance.G10_orientation_feedback;RQ3.access.A01_endpoint_query;RQ3.data_model.B01_rdf;RQ3.implementation_engines.Adaptive RDF product interface;RQ3.query_languages.SPARQL;RQ3.scalability.S03_reported_data_scale;RQ4.evaluation.E05_comparative_user;RQ4.evaluation.E06_offline_accuracy;RQ4.missing.study_design_codes;RQ5.identity_status.scoped_match;RQ5.provenance.partial_report_read;RQ5.publication_version.not_recorded;RQ5.report_evaluation_limitations.text_recorded;RQ5.report_limitations.no_entry_recorded;RQ5.resource_role.other;RQ5.resource_verification.historical_version_equivalence_verified.not_recorded;RQ5.resource_verification.license_verified.not_recorded;RQ5.resource_verification.source_build_verified.not_recorded;RQ5.resource_verification.working_demo_verified.not_recorded,V3-00257-EV-6b9d7adbcf7e3a34;V3-00257-EV-c27da72517d56974;V3-00257-EV-8615d50a6a364f2a;V3-00257-EV-d8a0b45a78396a34;V3-00257-EV-3668d0e4a47426dc;V3-00257-EV-36b341766347c609;V3-00257-EV-2e95176374cf69fd;V3-00257-EV-a8009d32adfa8aca;V3-00257-EV-e2e9504bacf4653f;V3-00257-EV-7901de226fff9394;V3-00257-EV-2dec10f7f85a5319;V3-00257-EV-45f43a3fe19740eb;V3-00257-EV-5bcf45fe9c83eb3f;V3-00257-EV-6d5caae110592f08;V3-00257-EV-57fc34e5ed72ff89,2,not_performed
V3-00277,not_selected_current_unresolved,No current illustrative fact nominated; not compared for retention against the current 49.,False,local_source_copy_location_unresolved,40f181c3de713717fff640422ff9661fc512aee563c8f98583da17d58d0a20e4,False,,,RQ1;RQ2;RQ3;RQ4;RQ5,RQ1.interaction.I01_entity_navigation;RQ1.representation_role.unspecified;RQ1.visualisation.V01_node_link;RQ1.visualisation.V09_text_document;RQ2.guidance.G03_semantic_ranking;RQ2.guidance.G06_context_explanation;RQ2.guidance.G10_orientation_feedback;RQ3.access.A01_endpoint_query;RQ3.data_model.B01_rdf;RQ3.implementation_engines.DBpedia; Java REST;RQ3.missing.scalability;RQ3.query_languages.SPARQL;RQ4.evaluation.E05_comparative_user;RQ4.missing.study_design_codes;RQ5.missing.resource_entries;RQ5.provenance.partial_report_read;RQ5.publication_version.not_recorded;RQ5.report_evaluation_limitations.text_recorded;RQ5.report_limitations.no_entry_recorded,V3-00277-EV-b009934d55d6805f;V3-00277-EV-e174cea84f61f1e7;V3-00277-EV-550879857fb9e595;V3-00277-EV-0bfed415b50527d1;V3-00277-EV-b8839aff9a41f03f;V3-00277-EV-c66d4f2e7fd2ce9a;V3-00277-EV-1de6c64db45ddbc2;V3-00277-EV-9a25c86167a20864;V3-00277-EV-068fe2f90f74a208;V3-00277-EV-0e1c3b9948f1a33c;V3-00277-EV-6c3bba3afb6bb7b0;V3-00277-EV-7ebdfa102492dad7;V3-00277-EV-eb1e5848eb1d019e;V3-00277-EV-9784661a87d1ca70;V3-00277-EV-b64ef7c5f2de889f,1,not_performed
V3-00278,not_selected_current_unresolved,No current illustrative fact nominated; not compared for retention against the current 49.,False,local_source_copy_matched,f4e02c3d25240ec2fab519584866989082974f564fbd0ae8c02868c2219d052d,False,,,RQ1;RQ2;RQ3;RQ4;RQ5,RQ1.interaction.I01_entity_navigation;RQ1.interaction.I02_faceted_filtering;RQ1.interaction.I03_visual_query;RQ1.interaction.I04_text_query;RQ1.representation_role.unspecified;RQ1.visualisation.V01_node_link;RQ1.visualisation.V03_table_list;RQ1.visualisation.V06_statistical_chart;RQ1.visualisation.V11_coordinated_views;RQ2.guidance.G01_valid_next_step;RQ2.guidance.G06_context_explanation;RQ2.guidance.G10_orientation_feedback;RQ3.access.A01_endpoint_query;RQ3.access.A03_local_store;RQ3.access.A06_projection_cache;RQ3.data_model.B01_rdf;RQ3.implementation_engines.Virtuoso; PHP/ARC2;RQ3.query_languages.SPARQL;RQ3.scalability.S03_reported_data_scale;RQ3.scalability.S05_strategy_only;RQ4.evaluation.E04_single_system_user;RQ4.evaluation.E05_comparative_user;RQ4.evaluation.E06_offline_accuracy;RQ4.missing.study_design_codes;RQ5.missing.resource_entries;RQ5.provenance.partial_report_read;RQ5.publication_version.not_recorded;RQ5.report_evaluation_limitations.text_recorded;RQ5.report_limitations.no_entry_recorded,V3-00278-EV-dab016427b230a05;V3-00278-EV-72fe82604ba9354c;V3-00278-EV-b29ce72b986e11ec;V3-00278-EV-0e66767abca46ddb;V3-00278-EV-e4d651288149a2fe;V3-00278-EV-dfbcf012c1a907ba;V3-00278-EV-43e0ee1f4a615912;V3-00278-EV-d9079a182ca26404;V3-00278-EV-fc64bfa6d7bf803f;V3-00278-EV-9dc4da547646136a;V3-00278-EV-0fdc53773e88745d;V3-00278-EV-62e5459a98063804;V3-00278-EV-9855d95cea29a80d;V3-00278-EV-c77a87c92326309f;V3-00278-EV-07a70da2267b2035;V3-00278-EV-3fd9de512c77d305;V3-00278-EV-056aa864427a5cc9;V3-00278-EV-c4ee3afeb7ab257a;V3-00278-EV-412c4734e19e5970;V3-00278-EV-de191cf4e9440d8b;V3-00278-EV-59238fab8b5d2a54;V3-00278-EV-2a43c362db91361c;V3-00278-EV-12db11746f39de2c;V3-00278-EV-b0736dc1c289faac;V3-00278-EV-2f7363675376bfce;V3-00278-EV-0de9efb7bed248a1;V3-00278-EV-976284c5d7f9ebb1,3,not_performed
V3-00313,not_selected_current_unresolved,No current illustrative fact nominated; not compared for retention against the current 49.,False,local_source_copy_location_unresolved,bffec3ca942acf4094870a594abf1514be0c08fa60a0bfd478f7f8cd05bc7487,False,,,RQ1;RQ2;RQ3;RQ4;RQ5,RQ1.interaction.I02_faceted_filtering;RQ1.representation_role.unspecified;RQ1.visualisation.V03_table_list;RQ2.guidance.G01_valid_next_step;RQ2.guidance.G02_lexical_completion;RQ2.guidance.G03_semantic_ranking;RQ2.guidance.G10_orientation_feedback;RQ3.access.A01_endpoint_query;RQ3.data_model.B01_rdf;RQ3.implementation_engines.Virtuoso/Fuseki/Stardog;RQ3.missing.scalability;RQ3.query_languages.SPARQL;RQ4.evaluation.E01_demonstration;RQ4.evaluation.E02_case_study;RQ4.evaluation.E05_comparative_user;RQ4.missing.study_design_codes;RQ5.missing.resource_entries;RQ5.provenance.partial_report_read;RQ5.publication_version.not_recorded;RQ5.report_evaluation_limitations.text_recorded;RQ5.report_limitations.no_entry_recorded,V3-00313-EV-cddf9790520c31ca;V3-00313-EV-fcffe1ae53fd3361;V3-00313-EV-d5a560c58415bf8b;V3-00313-EV-c036b78b0fd76b3a;V3-00313-EV-53c81260db8df67d;V3-00313-EV-b2bfc821916eb78d;V3-00313-EV-6a3601d46e1c6630;V3-00313-EV-528a71b577580ef1;V3-00313-EV-61dedce4006dcbd9;V3-00313-EV-dc209da613121d75;V3-00313-EV-37ed8349115dd562;V3-00313-EV-7facf25d19b93b70;V3-00313-EV-6aa3cb91a71a3d3f;V3-00313-EV-9d6770b043164923;V3-00313-EV-85b59f9c79fe1e6c;V3-00313-EV-3fa74a10287783fc;V3-00313-EV-09aeb4ac74fe5a8a;V3-00313-EV-9692950db78ff1b3,2,not_performed
V3-00341,not_selected_current_unresolved,No current illustrative fact nominated; not compared for retention against the current 49.,False,local_source_copy_matched,337b1af4416361dec655f652a871bcd56d8274e41fdcd098f60156aa86a22f37,False,,,RQ1;RQ2;RQ3;RQ4;RQ5,RQ1.interaction.I01_entity_navigation;RQ1.interaction.I02_faceted_filtering;RQ1.representation_role.unspecified;RQ1.visualisation.V01_node_link;RQ1.visualisation.V03_table_list;RQ1.visualisation.V04_map;RQ2.missing.guidance;RQ3.access.A01_endpoint_query;RQ3.access.A02_uri_dereference;RQ3.access.A06_projection_cache;RQ3.data_model.B01_rdf;RQ3.implementation_engines.FacetCheck; Linked Data Theater;RQ3.missing.scalability;RQ3.query_languages.SPARQL;RQ4.evaluation.E01_demonstration;RQ4.evaluation.E08_deployment;RQ4.missing.study_design_codes;RQ5.identity_status.not_established;RQ5.provenance.partial_report_read;RQ5.publication_version.not_recorded;RQ5.report_evaluation_limitations.text_recorded;RQ5.report_limitations.no_entry_recorded;RQ5.resource_role.other;RQ5.resource_verification.historical_version_equivalence_verified.not_recorded;RQ5.resource_verification.license_verified.not_recorded;RQ5.resource_verification.source_build_verified.not_recorded;RQ5.resource_verification.working_demo_verified.not_recorded,V3-00341-EV-aa82b34d63a48048;V3-00341-EV-095333e58df578b2;V3-00341-EV-2b24290f6e36b0bc;V3-00341-EV-d83769bd52963400;V3-00341-EV-42d42fa99b5e8781;V3-00341-EV-6d36cfef81ddadf2;V3-00341-EV-49ee56ffbf3c68a7;V3-00341-EV-2ceb394b7a1ba5be;V3-00341-EV-97c07f63f6e688b4;V3-00341-EV-f19b8ea637df73bf;V3-00341-EV-afd1c4b373d80ee1;V3-00341-EV-0048ab12fd06136e;V3-00341-EV-8d3534eb2ec46e88;V3-00341-EV-7c84918f6e489b3a;V3-00341-EV-771bd4323e33b64b;V3-00341-EV-c48bb6d12e961a58;V3-00341-EV-c2843f7c36c9e895;V3-00341-EV-723736eb26d280fa,1,not_performed
V3-00349,not_selected_current_unresolved,No current illustrative fact nominated; not compared for retention against the current 49.,False,local_source_copy_matched,7a8e131b791cb6e9fb4d0276582867d075bee18b43625c743d1803b419e2672c,False,,,RQ1;RQ2;RQ3;RQ4;RQ5,RQ1.interaction.I01_entity_navigation;RQ1.interaction.I03_visual_query;RQ1.interaction.I04_text_query;RQ1.representation_role.unspecified;RQ1.visualisation.V02_outline_tree;RQ1.visualisation.V05_timeline;RQ2.guidance.G01_valid_next_step;RQ2.guidance.G02_lexical_completion;RQ3.access.A01_endpoint_query;RQ3.access.A03_local_store;RQ3.data_model.B01_rdf;RQ3.implementation_engines.Jena/Fuseki; D2RQ;RQ3.missing.scalability;RQ3.query_languages.SPARQL;RQ4.evaluation.E01_demonstration;RQ4.evaluation.E02_case_study;RQ4.missing.study_design_codes;RQ5.identity_status.not_established;RQ5.identity_status.scoped_match;RQ5.provenance.partial_report_read;RQ5.publication_version.not_recorded;RQ5.report_evaluation_limitations.text_recorded;RQ5.report_limitations.no_entry_recorded;RQ5.resource_role.component_source;RQ5.resource_role.other;RQ5.resource_verification.historical_version_equivalence_verified.not_recorded;RQ5.resource_verification.license_verified.not_recorded;RQ5.resource_verification.source_build_verified.not_recorded;RQ5.resource_verification.working_demo_verified.not_recorded,V3-00349-EV-379b0f14c797d53a;V3-00349-EV-009b88f32c167da3;V3-00349-EV-33548452b48794c2;V3-00349-EV-074b33e35276c9ac;V3-00349-EV-cbb012f063e025f5;V3-00349-EV-9f882b8d4b3ed5e8;V3-00349-EV-627a2048d6bd69eb;V3-00349-EV-47e24157280dd88b;V3-00349-EV-e2dd41f85e439832;V3-00349-EV-24273ce51c43217c;V3-00349-EV-9c972c821f55eae6;V3-00349-EV-cc901de79131ff31;V3-00349-EV-3c0b1e7e59765ce1;V3-00349-EV-212d80a77424ea4d;V3-00349-EV-274641a760ac4f88;V3-00349-EV-95373c54d326eed2;V3-00349-EV-aad04fb889cd1877,1,not_performed
V3-00371,not_selected_current_unresolved,No current illustrative fact nominated; not compared for retention against the current 49.,False,local_source_copy_matched,97066faa16f7b716d6b3483de95700dc25cee83767781926c24009f5f82e754c,False,,,RQ1;RQ2;RQ3;RQ4;RQ5,RQ1.interaction.I01_entity_navigation;RQ1.interaction.I02_faceted_filtering;RQ1.interaction.I08_coordinated_analysis;RQ1.representation_role.unspecified;RQ1.visualisation.V03_table_list;RQ1.visualisation.V04_map;RQ1.visualisation.V05_timeline;RQ1.visualisation.V06_statistical_chart;RQ1.visualisation.V09_text_document;RQ1.visualisation.V11_coordinated_views;RQ2.guidance.G06_context_explanation;RQ2.guidance.G10_orientation_feedback;RQ3.access.A01_endpoint_query;RQ3.data_model.B01_rdf;RQ3.missing.implementation_engines;RQ3.missing.query_languages;RQ3.scalability.S03_reported_data_scale;RQ4.evaluation.E01_demonstration;RQ4.evaluation.E02_case_study;RQ4.missing.study_entries;RQ5.identity_status.not_established;RQ5.identity_status.scoped_match;RQ5.provenance.full_report_read;RQ5.publication_version.not_recorded;RQ5.report_evaluation_limitations.text_recorded;RQ5.report_limitations.no_entry_recorded;RQ5.resource_role.data;RQ5.resource_role.demo;RQ5.resource_verification.historical_version_equivalence_verified.not_recorded;RQ5.resource_verification.license_verified.not_recorded;RQ5.resource_verification.source_build_verified.not_recorded;RQ5.resource_verification.working_demo_verified.not_recorded,V3-00371-EV-e92cade796891457;V3-00371-EV-89318d05371eb027;V3-00371-EV-b625f62cb41029bb;V3-00371-EV-2df1a1ae8c677831;V3-00371-EV-47107fdd132eb205;V3-00371-EV-7a15c122140c919c;V3-00371-EV-b8646249a49813fa;V3-00371-EV-a453b12e8a31aee8;V3-00371-EV-450e4939492104f0;V3-00371-EV-5d809b41a41c0632;V3-00371-EV-4170206fa75c9589;V3-00371-EV-c0e67ee8e0dcf8c8;V3-00371-EV-6f7d459bf489b2f7;V3-00371-EV-3682738ba37eb890;V3-00371-EV-cca3d4031d95212e;V3-00371-EV-deeb3d77ec26d346;V3-00371-EV-162539acb1ce7bf5;V3-00371-EV-e7d74f4d5d4c3ad2;V3-00371-EV-058cfaf9053cff17;V3-00371-EV-c7db4ae32e263532,0,not_performed
V3-00393,not_selected_current_unresolved,No current illustrative fact nominated; not compared for retention against the current 49.,False,local_source_copy_matched,f064a26dc439750300dc6f4a30e1b9962c7efc356b8abe495ec0648b5e66b099,False,,,RQ1;RQ2;RQ3;RQ4;RQ5,RQ1.interaction.I02_faceted_filtering;RQ1.interaction.I03_visual_query;RQ1.interaction.I04_text_query;RQ1.interaction.I09_visual_configuration;RQ1.interaction.I10_reuse_history;RQ1.representation_role.unspecified;RQ1.visualisation.V01_node_link;RQ1.visualisation.V02_outline_tree;RQ1.visualisation.V04_map;RQ1.visualisation.V06_statistical_chart;RQ2.guidance.G01_valid_next_step;RQ2.guidance.G05_template_entry;RQ2.guidance.G07_visualisation_recommendation;RQ2.interaction.I10_reuse_history;RQ3.access.A01_endpoint_query;RQ3.access.A04_federation;RQ3.access.A05_file_input;RQ3.access.A06_projection_cache;RQ3.data_model.B01_rdf;RQ3.missing.implementation_engines;RQ3.missing.query_languages;RQ3.scalability.S03_reported_data_scale;RQ3.scalability.S05_strategy_only;RQ4.evaluation.E01_demonstration;RQ4.evaluation.E02_case_study;RQ4.evaluation.E09_formal_analysis;RQ4.missing.study_entries;RQ5.identity_status.not_established;RQ5.provenance.full_report_read;RQ5.publication_version.not_recorded;RQ5.report_evaluation_limitations.text_recorded;RQ5.report_limitations.no_entry_recorded;RQ5.resource_role.other;RQ5.resource_verification.historical_version_equivalence_verified.not_recorded;RQ5.resource_verification.license_verified.not_recorded;RQ5.resource_verification.source_build_verified.not_recorded;RQ5.resource_verification.working_demo_verified.not_recorded,V3-00393-EV-aa2321e3a0a2d285;V3-00393-EV-0d5fbb4930a65765;V3-00393-EV-0691135230ece8ce;V3-00393-EV-4a65daf5d3caa505;V3-00393-EV-2982e4cdb271a6b3;V3-00393-EV-76589c1d1ef72134;V3-00393-EV-225a04541864cf31;V3-00393-EV-5fa8cc53e54370e1;V3-00393-EV-f52a7dc83228059d;V3-00393-EV-8c855fabd390e43b;V3-00393-EV-cc2abf6aed1d14ce;V3-00393-EV-d36ea2c2a589fcee;V3-00393-EV-c9ca9d30f6c49179;V3-00393-EV-2a1dffd7dd470dc4;V3-00393-EV-227d0fc1dc6ff52b;V3-00393-EV-3b46b40720d28f54;V3-00393-EV-44b85cce566f073b;V3-00393-EV-fc96c0dddf97c7b4;V3-00393-EV-c5c9fcf0eb5202dc;V3-00393-EV-3c2449ec4388b5cb;V3-00393-EV-d007c45a66e1527f;V3-00393-EV-a41d0f596244c433;V3-00393-EV-aafe7db608ef08e8;V3-00393-EV-5b41448148bbfc3a,0,not_performed
V3-00398,not_selected_current_unresolved,No current illustrative fact nominated; not compared for retention against the current 49.,False,local_source_copy_matched,2e4e7ea3a1a8f77ae2a499d13f66271f92a7516e71a278eaa49d8ee28902971d,False,,,RQ1;RQ2;RQ3;RQ4;RQ5,RQ1.interaction.I01_entity_navigation;RQ1.interaction.I04_text_query;RQ1.representation_role.unspecified;RQ1.visualisation.V01_node_link;RQ1.visualisation.V03_table_list;RQ1.visualisation.V06_statistical_chart;RQ1.visualisation.V10_3d_vr;RQ2.missing.guidance;RQ3.access.A01_endpoint_query;RQ3.access.A02_uri_dereference;RQ3.access.A03_local_store;RQ3.access.A05_file_input;RQ3.data_model.B01_rdf;RQ3.missing.implementation_engines;RQ3.missing.query_languages;RQ3.missing.scalability;RQ4.evaluation.E01_demonstration;RQ4.evaluation.E02_case_study;RQ4.missing.study_entries;RQ5.identity_status.not_established;RQ5.provenance.full_report_read;RQ5.publication_version.not_recorded;RQ5.report_evaluation_limitations.text_recorded;RQ5.report_limitations.no_entry_recorded;RQ5.resource_role.other;RQ5.resource_verification.historical_version_equivalence_verified.not_recorded;RQ5.resource_verification.license_verified.not_recorded;RQ5.resource_verification.source_build_verified.not_recorded;RQ5.resource_verification.working_demo_verified.not_recorded,V3-00398-EV-5af6e387ca0065b2;V3-00398-EV-eeb096822db5868a;V3-00398-EV-3eefe7fdb7dcc4c3;V3-00398-EV-01ae2d636c0012e6;V3-00398-EV-bc65e9219dbdde47;V3-00398-EV-0a925920184029e6;V3-00398-EV-f00dd17d9950141e;V3-00398-EV-82a3c3883cc86970;V3-00398-EV-55bc2d2d813b67e4;V3-00398-EV-127cc52560102b5d;V3-00398-EV-40c2da078161817b;V3-00398-EV-6d3d714622bbf2d4;V3-00398-EV-1c09391025cb8f94;V3-00398-EV-90e58dd130ed7347;V3-00398-EV-038faa5dfd113ce0;V3-00398-EV-1abf94a47fabbb72,0,not_performed
V3-00428,not_selected_current_unresolved,No current illustrative fact nominated; not compared for retention against the current 49.,False,local_source_copy_matched,c9973f0a8dfe27f2582aa70bfcb8b14417f567daa209049465d49f1e244b370e,False,,,RQ1;RQ2;RQ3;RQ4;RQ5,RQ1.interaction.I01_entity_navigation;RQ1.interaction.I02_faceted_filtering;RQ1.representation_role.unspecified;RQ1.visualisation.V03_table_list;RQ1.visualisation.V09_text_document;RQ2.missing.guidance;RQ3.access.A01_endpoint_query;RQ3.access.A03_local_store;RQ3.data_model.B01_rdf;RQ3.implementation_engines.RDF store product not reported;RQ3.query_languages.SPARQL;RQ3.scalability.S03_reported_data_scale;RQ4.evaluation.E03_formative_user;RQ4.evaluation.E04_single_system_user;RQ4.missing.study_design_codes;RQ5.identity_status.not_established;RQ5.provenance.partial_report_read;RQ5.publication_version.recorded;RQ5.report_evaluation_limitations.text_recorded;RQ5.report_limitations.no_entry_recorded;RQ5.resource_role.other;RQ5.resource_verification.historical_version_equivalence_verified.not_recorded;RQ5.resource_verification.license_verified.not_recorded;RQ5.resource_verification.source_build_verified.not_recorded;RQ5.resource_verification.working_demo_verified.not_recorded,V3-00428-EV-fef149eff8a0b39e;V3-00428-EV-6824d9cd13d5f625;V3-00428-EV-209282f3f6f03959;V3-00428-EV-d79aeb60778bc5f8;V3-00428-EV-15c308e5917e1efb;V3-00428-EV-12a852ca120f4773;V3-00428-EV-c57689af80be487e;V3-00428-EV-7afc67880645c1be;V3-00428-EV-9be82f19bf2eb49d;V3-00428-EV-db2219f07ed56ef2;V3-00428-EV-5033146874dcdd62;V3-00428-EV-ed868105389459d8;V3-00428-EV-91478677385c52c7;V3-00428-EV-9826e73ad8ddfdcd;V3-00428-EV-c775be6da166d2a0;V3-00428-EV-e76a1a49cf090e37;V3-00428-EV-46216f573d9ffb7a;V3-00428-EV-8d2bba05da62c5e7;V3-00428-EV-b8ff102c5f6cd1b7;V3-00428-EV-c9873b708bda6ebf;V3-00428-EV-1950477bbb5fb8f8;V3-00428-EV-141a258ac468a45a;V3-00428-EV-916a2aa27b688db4;V3-00428-EV-5869035db5af0b7e;V3-00428-EV-3c59b74ed5608988;V3-00428-EV-d12e3ac5b81a36fa;V3-00428-EV-1b12c1ef71265780;V3-00428-EV-e41d706c82c63457;V3-00428-EV-fc9a3c910ebdd36e;V3-00428-EV-9f9d8a2980ff200d;V3-00428-EV-38d383894c62a1a9;V3-00428-EV-ec3021f97896b4cc;V3-00428-EV-3be5ab01846a14c4;V3-00428-EV-2654827807476d8c;V3-00428-EV-13837e826c1f3377;V3-00428-EV-0b961d56a9d56a05;V3-00428-EV-6654bddccea3fb9d;V3-00428-EV-a46374e12eeedf82;V3-00428-EV-39e6edba14414a32;V3-00428-EV-9f81bd8cac28c3a5;V3-00428-EV-49ade9a462c733b5;V3-00428-EV-bd3c7a04b84819a6;V3-00428-EV-705066ba83fd2ca7;V3-00428-EV-038db383f215494a;V3-00428-EV-3f2dc5b005afe9ab;V3-00428-EV-f51ee8289c750457;V3-00428-EV-c47f4822116943bb,1,not_performed
V3-00449,not_selected_current_unresolved,No current illustrative fact nominated; not compared for retention against the current 49.,False,local_source_copy_matched,7ffa5a48e2c6841d372d44a09e9db847d04aba262234aa094d279a5e9adeb3ab,False,,,RQ1;RQ2;RQ3;RQ4;RQ5,RQ1.interaction.I02_faceted_filtering;RQ1.representation_role.unspecified;RQ1.visualisation.V03_table_list;RQ2.guidance.G03_semantic_ranking;RQ3.access.A01_endpoint_query;RQ3.data_model.B01_rdf;RQ3.implementation_engines.Wikidata endpoint;RQ3.query_languages.SPARQL;RQ3.scalability.S01_measured_runtime;RQ4.evaluation.E04_single_system_user;RQ4.evaluation.E06_offline_accuracy;RQ4.evaluation.E07_performance;RQ4.missing.study_design_codes;RQ5.missing.resource_entries;RQ5.provenance.source_evidence_extracted;RQ5.publication_version.not_recorded;RQ5.report_evaluation_limitations.text_recorded;RQ5.report_limitations.no_entry_recorded,V3-00449-EV-b60a1cee891a7629;V3-00449-EV-2d92a666b83601e9;V3-00449-EV-10f1102a5228badc;V3-00449-EV-3140a16ca43458f4;V3-00449-EV-210a03044b0b04e0;V3-00449-EV-b65033f9f24c103b;V3-00449-EV-80044b9a13fe4c13;V3-00449-EV-1b20c37dd250fa66;V3-00449-EV-87d36baa3b16cf49;V3-00449-EV-c47a0e44a9243f8d;V3-00449-EV-2c0bea90437140f0;V3-00449-EV-6c60d123d1e639f0;V3-00449-EV-b6882a6079df0a6a,1,not_performed
V3-00473,not_selected_current_unresolved,No current illustrative fact nominated; not compared for retention against the current 49.,False,local_source_copy_matched,119a442cad5a77caca1c0c5d093af898d7c88c6ed5a70cc1eb8ab5afea21081a,False,,,RQ1;RQ2;RQ3;RQ4;RQ5,RQ1.interaction.I01_entity_navigation;RQ1.missing.visualisation;RQ2.guidance.G02_lexical_completion;RQ2.guidance.G03_semantic_ranking;RQ2.guidance.G08_personalisation;RQ2.guidance.G10_orientation_feedback;RQ3.access.A03_local_store;RQ3.access.A06_projection_cache;RQ3.data_model.B01_rdf;RQ3.missing.implementation_engines;RQ3.missing.query_languages;RQ3.scalability.S01_measured_runtime;RQ3.scalability.S03_reported_data_scale;RQ3.scalability.S04_reported_visual_scale;RQ3.scalability.S05_strategy_only;RQ4.evaluation.E06_offline_accuracy;RQ4.evaluation.E07_performance;RQ4.missing.study_entries;RQ5.identity_status.not_established;RQ5.provenance.full_report_read;RQ5.publication_version.not_recorded;RQ5.report_evaluation_limitations.text_recorded;RQ5.report_limitations.no_entry_recorded;RQ5.resource_role.other;RQ5.resource_verification.historical_version_equivalence_verified.not_recorded;RQ5.resource_verification.license_verified.not_recorded;RQ5.resource_verification.source_build_verified.not_recorded;RQ5.resource_verification.working_demo_verified.not_recorded,V3-00473-EV-bcdbece069e798b6;V3-00473-EV-48cfe6bbd529dc6d;V3-00473-EV-6d48dd57e5f9ec8b;V3-00473-EV-50b3c355461c60f4;V3-00473-EV-06cda0561a1dcb2d;V3-00473-EV-b432640c27b48d15;V3-00473-EV-3ec39af044e631ea;V3-00473-EV-4ca6909fd0159362;V3-00473-EV-a31353f4e51cfceb;V3-00473-EV-1b71fd1ad30740a6;V3-00473-EV-4f63350268c6d3da;V3-00473-EV-fa49c6b1a5087f10;V3-00473-EV-3bb89d6c412e7ddf;V3-00473-EV-bd2cdbc70c1f888d;V3-00473-EV-f80832e45f00ba06;V3-00473-EV-9099996f948267a7,0,not_performed
V3-00493,not_selected_current_unresolved,No current illustrative fact nominated; not compared for retention against the current 49.,False,local_source_copy_matched,908942b9dce7c508f3b600231dd8f68178a208aa59021385e91dfbae971c8149,False,,,RQ1;RQ2;RQ3;RQ4;RQ5,RQ1.interaction.I02_faceted_filtering;RQ1.interaction.I04_text_query;RQ1.representation_role.unspecified;RQ1.visualisation.V03_table_list;RQ2.guidance.G02_lexical_completion;RQ2.guidance.G03_semantic_ranking;RQ2.guidance.G10_orientation_feedback;RQ3.access.A01_endpoint_query;RQ3.access.A03_local_store;RQ3.access.A04_federation;RQ3.data_model.B01_rdf;RQ3.implementation_engines.Jena TDB; Lucene;RQ3.query_languages.SPARQL;RQ3.scalability.S03_reported_data_scale;RQ4.evaluation.E04_single_system_user;RQ4.evaluation.E05_comparative_user;RQ4.evaluation.E06_offline_accuracy;RQ4.missing.study_design_codes;RQ5.identity_status.not_established;RQ5.provenance.partial_report_read;RQ5.publication_version.recorded;RQ5.report_evaluation_limitations.text_recorded;RQ5.report_limitations.no_entry_recorded;RQ5.resource_role.other;RQ5.resource_verification.historical_version_equivalence_verified.not_recorded;RQ5.resource_verification.license_verified.not_recorded;RQ5.resource_verification.source_build_verified.not_recorded;RQ5.resource_verification.working_demo_verified.not_recorded,V3-00493-EV-876c7d7356d63f06;V3-00493-EV-94a5cf5bb60a9105;V3-00493-EV-c5f860a261f56a54;V3-00493-EV-0b547418af8df0ba;V3-00493-EV-7bb27e3c4a8ed0a2;V3-00493-EV-36fde761ae7f167d;V3-00493-EV-44dd43e68152c8ea;V3-00493-EV-fa93d17d6eea3c9a;V3-00493-EV-6a65328fb8e31d0c;V3-00493-EV-c1f69befa3a1a5ed;V3-00493-EV-8fe709891cf4cff7;V3-00493-EV-47aa68be20a97775;V3-00493-EV-74af473f7ef4bc1f;V3-00493-EV-edec3441de791308;V3-00493-EV-faee7fc46fcb7a3c;V3-00493-EV-05dc96aec9d7a5d9;V3-00493-EV-4cb4df293b402a7f;V3-00493-EV-27a7f8d100330010;V3-00493-EV-84c57a0b1f65792b;V3-00493-EV-b8bd7289d6c47a46;V3-00493-EV-5242066041bd4e11;V3-00493-EV-4cd955d7096ac709;V3-00493-EV-e634be3d1303a584;V3-00493-EV-9609de9e305b4cb1;V3-00493-EV-388d537a4777c37e;V3-00493-EV-ba0ed501284afeb9;V3-00493-EV-1434accb1bd6eb84;V3-00493-EV-888f2c51992128a6;V3-00493-EV-b0205e01db4d88dc;V3-00493-EV-da7d1cee6c2f590c;V3-00493-EV-f5ed8b4f595592fa;V3-00493-EV-3e2bc94f6f1d53db;V3-00493-EV-f9b1030fb03717d0;V3-00493-EV-ac2f77f8bc267337;V3-00493-EV-7a900702a5f45ed8;V3-00493-EV-46c12251c521aa54;V3-00493-EV-97c8286159776537;V3-00493-EV-6f557bce82fc3692;V3-00493-EV-fc3a6e0b2003a7ce;V3-00493-EV-ac481164bc60afc1;V3-00493-EV-48d37bd5ebc6a9bc;V3-00493-EV-4aefe364e992b807;V3-00493-EV-50cb3228cbd0a597;V3-00493-EV-f359f1cf1ee09381;V3-00493-EV-06289341e199dfed;V3-00493-EV-f5c38b2cce20ce8d;V3-00493-EV-ef3075ab66f6aa61;V3-00493-EV-293aedda0fdc07f2;V3-00493-EV-4423ad743d14cd8d;V3-00493-EV-d90bc10be2f8190b;V3-00493-EV-80b75fcbf12111a9;V3-00493-EV-a5281ebe4c041f59;V3-00493-EV-34cfc68dafff560c;V3-00493-EV-d1e08d5f3a9f1377;V3-00493-EV-9524c60fd4c8c2ec;V3-00493-EV-11aeb80984555a73;V3-00493-EV-f1b2249e0961765e;V3-00493-EV-94daf9d8833bf2a8;V3-00493-EV-bdfd78fb705f0f0b;V3-00493-EV-c164b3292338a467;V3-00493-EV-3dfb2bd235ffc86e;V3-00493-EV-5e0e330cd41e924a;V3-00493-EV-168b7ff7d3ea3cc1;V3-00493-EV-5bf33ef143d3bea2;V3-00493-EV-04b06c3055c0aed8;V3-00493-EV-c844fdf0543bf4d0;V3-00493-EV-130a17278a34f523;V3-00493-EV-8a05fed47a53de55;V3-00493-EV-14b3082a4ac9a0f6;V3-00493-EV-872a2ac47b84d88f;V3-00493-EV-eaeb1ef6e6825517;V3-00493-EV-67750e106d7c1efd;V3-00493-EV-ecf4820b89d21d3d;V3-00493-EV-1ad9e590857ace14;V3-00493-EV-fcb5a5bd4b18496a;V3-00493-EV-48478b527bbbaa7d;V3-00493-EV-576b23edb3d0e310;V3-00493-EV-97776dd916f9e18c,1,not_performed
V3-00504,not_selected_current_unresolved,No current illustrative fact nominated; not compared for retention against the current 49.,False,local_source_copy_location_unresolved,d6f332a5c0a9ab08a873269be0a5aa23fabf8ce256683030a0a83d017ace03e4,False,,,RQ1;RQ2;RQ3;RQ4;RQ5,RQ1.interaction.I01_entity_navigation;RQ1.interaction.I03_visual_query;RQ1.interaction.I08_coordinated_analysis;RQ1.interaction.I09_visual_configuration;RQ1.interaction.I10_reuse_history;RQ1.representation_role.unspecified;RQ1.visualisation.V01_node_link;RQ1.visualisation.V02_outline_tree;RQ1.visualisation.V06_statistical_chart;RQ1.visualisation.V11_coordinated_views;RQ2.guidance.G02_lexical_completion;RQ2.interaction.I10_reuse_history;RQ3.access.A01_endpoint_query;RQ3.access.A03_local_store;RQ3.access.A05_file_input;RQ3.access.A06_projection_cache;RQ3.data_model.B01_rdf;RQ3.implementation_engines.Stardog; PostgreSQL; Tantivy;RQ3.query_languages.SPARQL;RQ3.scalability.S05_strategy_only;RQ4.evaluation.E01_demonstration;RQ4.evaluation.E02_case_study;RQ4.missing.study_design_codes;RQ5.identity_status.not_established;RQ5.identity_status.scoped_match;RQ5.provenance.partial_report_read;RQ5.publication_version.not_recorded;RQ5.report_evaluation_limitations.text_recorded;RQ5.report_limitations.no_entry_recorded;RQ5.resource_role.application_source;RQ5.resource_role.other;RQ5.resource_verification.historical_version_equivalence_verified.not_recorded;RQ5.resource_verification.license_verified.not_recorded;RQ5.resource_verification.source_build_verified.not_recorded;RQ5.resource_verification.working_demo_verified.not_recorded,V3-00504-EV-0e973762b6cea0b9;V3-00504-EV-fe1bdaeace63619f;V3-00504-EV-d80b8940f3ea503b;V3-00504-EV-23581b918e969c99;V3-00504-EV-36791c38235744fe;V3-00504-EV-0943085e3f34ec59;V3-00504-EV-dfb1bcd2c37f3bd5;V3-00504-EV-1c10916a642ba3f7;V3-00504-EV-38fdef05e2165125;V3-00504-EV-a376b069c26e84b2;V3-00504-EV-21ffd2929b17711c;V3-00504-EV-0c3672a880fa6cf6;V3-00504-EV-9b2f77991baeabf2;V3-00504-EV-1a6826a41730860d;V3-00504-EV-5e4e5e7eb975f630;V3-00504-EV-b27d908e22777e52;V3-00504-EV-37ce533d4712d517;V3-00504-EV-6ab04f744a49cea8;V3-00504-EV-6bdcfaf7b4a079ee;V3-00504-EV-0ed0162485c0aba9;V3-00504-EV-77df30cc2d17d7d4;V3-00504-EV-791c05abfd37d5fa;V3-00504-EV-5fdc84386f70f8ce,1,not_performed
V3-00505,not_selected_current_unresolved,No current illustrative fact nominated; not compared for retention against the current 49.,False,local_source_copy_location_unresolved,7ce8c697ad53b9166115858851a81f1ff134ac0a031c26c021d3ab9a36773381,False,,,RQ1;RQ2;RQ3;RQ4;RQ5,RQ1.interaction.I01_entity_navigation;RQ1.interaction.I02_faceted_filtering;RQ1.interaction.I08_coordinated_analysis;RQ1.representation_role.unspecified;RQ1.visualisation.V03_table_list;RQ1.visualisation.V04_map;RQ1.visualisation.V06_statistical_chart;RQ1.visualisation.V11_coordinated_views;RQ2.guidance.G10_orientation_feedback;RQ3.access.A01_endpoint_query;RQ3.data_model.B01_rdf;RQ3.implementation_engines.BookSampo RDF service; Sampo-UI;RQ3.query_languages.SPARQL;RQ3.scalability.S03_reported_data_scale;RQ4.evaluation.E01_demonstration;RQ4.evaluation.E02_case_study;RQ4.missing.study_design_codes;RQ5.identity_status.scoped_match;RQ5.provenance.partial_report_read;RQ5.publication_version.not_recorded;RQ5.report_evaluation_limitations.text_recorded;RQ5.report_limitations.no_entry_recorded;RQ5.resource_role.application_source;RQ5.resource_verification.historical_version_equivalence_verified.not_recorded;RQ5.resource_verification.license_verified.not_recorded;RQ5.resource_verification.source_build_verified.not_recorded;RQ5.resource_verification.working_demo_verified.not_recorded,V3-00505-EV-2a31049ef677c41e;V3-00505-EV-d5bf4f62b2037ecb;V3-00505-EV-c347bbb5ba657e99;V3-00505-EV-9a410033e7616f21;V3-00505-EV-6eca718052777934;V3-00505-EV-394bd53d2da373a9;V3-00505-EV-09aac8de37b0533c;V3-00505-EV-1534daa14232424a;V3-00505-EV-ac7b6573f5bcc074;V3-00505-EV-887c7b6b0f1f196a;V3-00505-EV-65c01a1569dc6023;V3-00505-EV-283cb439b9294190;V3-00505-EV-68e51c0ffe61deeb;V3-00505-EV-9786669444abf375;V3-00505-EV-538831979effbf6b;V3-00505-EV-6595747dd8f74bb5;V3-00505-EV-0fbe20013c0df7e7;V3-00505-EV-50c0e685b84b7a7d;V3-00505-EV-8a68581f25de7211;V3-00505-EV-66d159c6164e88d7,1,not_performed
V3-00520,not_selected_current_unresolved,No current illustrative fact nominated; not compared for retention against the current 49.,False,local_source_copy_matched,f299683231dfad30c4766958a5bfa864ddf136bfc0dda9d77ddea5aeb8d37fd6,False,,,RQ1;RQ2;RQ3;RQ4;RQ5,RQ1.interaction.I01_entity_navigation;RQ1.interaction.I07_example_query;RQ1.representation_role.unspecified;RQ1.visualisation.V03_table_list;RQ1.visualisation.V09_text_document;RQ1.visualisation.V11_coordinated_views;RQ2.guidance.G02_lexical_completion;RQ2.guidance.G03_semantic_ranking;RQ2.guidance.G06_context_explanation;RQ2.guidance.G08_personalisation;RQ3.access.A03_local_store;RQ3.access.A06_projection_cache;RQ3.data_model.B02_property_graph;RQ3.missing.implementation_engines;RQ3.missing.query_languages;RQ3.scalability.S03_reported_data_scale;RQ3.scalability.S04_reported_visual_scale;RQ3.scalability.S05_strategy_only;RQ4.evaluation.E01_demonstration;RQ4.missing.study_entries;RQ5.missing.resource_entries;RQ5.provenance.full_report_read;RQ5.publication_version.not_recorded;RQ5.report_evaluation_limitations.text_recorded;RQ5.report_limitations.no_entry_recorded,V3-00520-EV-799c6d8421c6a0d4;V3-00520-EV-19b5a2e6a16fa007;V3-00520-EV-90b79db10a1f4e20;V3-00520-EV-49df592d661a14eb;V3-00520-EV-f8b151ae89797403;V3-00520-EV-5b16f00c02c6ff8b;V3-00520-EV-5aaa9e6177030fbc;V3-00520-EV-95a8ee267f4d9c57;V3-00520-EV-9a9026ccb61a8a0a;V3-00520-EV-3d711b5aea4d732f;V3-00520-EV-9cde4b9b3f0089ea;V3-00520-EV-1686854b05f73516;V3-00520-EV-6283f86a22679b69;V3-00520-EV-49e619425976173c;V3-00520-EV-f780e9d87cff2d21;V3-00520-EV-e0f0e3eb4c930493;V3-00520-EV-563bc4b8f787d34a,0,not_performed
V3-00523,not_selected_current_unresolved,No current illustrative fact nominated; not compared for retention against the current 49.,False,local_source_copy_matched,1847a6769bb213695a4d197d2eefe67fd8db3cafac058e88f1380886914f9574,False,,,RQ1;RQ2;RQ3;RQ4;RQ5,RQ1.interaction.I02_faceted_filtering;RQ1.representation_role.unspecified;RQ1.visualisation.V03_table_list;RQ1.visualisation.V09_text_document;RQ2.missing.guidance;RQ3.access.A01_endpoint_query;RQ3.access.A03_local_store;RQ3.access.A05_file_input;RQ3.data_model.B01_rdf;RQ3.implementation_engines.EPrints; Jena/Joseki; Exhibit; jSpace;RQ3.query_languages.SPARQL;RQ3.scalability.S01_measured_runtime;RQ3.scalability.S02_measured_resource;RQ3.scalability.S03_reported_data_scale;RQ4.evaluation.E01_demonstration;RQ4.evaluation.E02_case_study;RQ4.evaluation.E03_formative_user;RQ4.evaluation.E07_performance;RQ4.missing.study_design_codes;RQ5.identity_status.not_established;RQ5.provenance.partial_report_read;RQ5.publication_version.recorded;RQ5.report_evaluation_limitations.text_recorded;RQ5.report_limitations.no_entry_recorded;RQ5.resource_role.other;RQ5.resource_verification.historical_version_equivalence_verified.not_recorded;RQ5.resource_verification.license_verified.not_recorded;RQ5.resource_verification.source_build_verified.not_recorded;RQ5.resource_verification.working_demo_verified.not_recorded,V3-00523-EV-ed44f260dcfd649c;V3-00523-EV-3e5e8d40c65ffdcb;V3-00523-EV-b46128861d12f761;V3-00523-EV-b571e7d670db5e18;V3-00523-EV-ec69e2adcc5da56f;V3-00523-EV-9f7b5ca4597b70b0;V3-00523-EV-49d07063fd8a1074;V3-00523-EV-543fba15bd24a80e;V3-00523-EV-7aaaa90f5c685873;V3-00523-EV-57a109512a77bb86;V3-00523-EV-c451f0309eccfa6b;V3-00523-EV-234351247e112aef;V3-00523-EV-bf27afd79f3de9f7;V3-00523-EV-f2d3088e3d5d9b8c;V3-00523-EV-e4406943b20421c9;V3-00523-EV-f301670f273f08c4;V3-00523-EV-19eb28a48788e8ab;V3-00523-EV-31ba9e3796e2bbb2;V3-00523-EV-9a7ac81369d41657;V3-00523-EV-f8b80f4e6d8acfd0;V3-00523-EV-549de4e0bbaef1f8;V3-00523-EV-58277c8f6992becf;V3-00523-EV-29d667d0ae879c76;V3-00523-EV-82a36d894fe9b13f;V3-00523-EV-b226b0427b365724;V3-00523-EV-d1a81c61f6ff1351;V3-00523-EV-c48758c3e6c9a222;V3-00523-EV-3b8c36109fc6e4c3;V3-00523-EV-1b0fe204f2024ac6;V3-00523-EV-27bde69061e05648;V3-00523-EV-e51cb10630d87c7c;V3-00523-EV-bc04484208d570db;V3-00523-EV-71f49e0bbe64f982;V3-00523-EV-bff9a82ae072933e;V3-00523-EV-967a94f8939fc9d3;V3-00523-EV-2d8f929c5438dd38;V3-00523-EV-7cb6bc0e97f1779e;V3-00523-EV-0d90bd347fcde22c;V3-00523-EV-27cc0882fa9291ef;V3-00523-EV-6281bcdc638883cd;V3-00523-EV-524e99d3a572e0c3;V3-00523-EV-85f60aaece67be02;V3-00523-EV-023965dd577af78c;V3-00523-EV-50915e2d4c2c1b4a;V3-00523-EV-cc6a6edaf1fc3396;V3-00523-EV-99fea0269a5bc647;V3-00523-EV-f933c1c157afba27;V3-00523-EV-88572430b3d2a59b;V3-00523-EV-40c93e75627aba2b;V3-00523-EV-1aaa00a30ec3b3f7;V3-00523-EV-30588dd247bdd0f5;V3-00523-EV-6c2d00ddfe5740ff;V3-00523-EV-62bc8bc8fad8d24c;V3-00523-EV-004721fc5e1213c7;V3-00523-EV-e0e56f48f6fd6637;V3-00523-EV-dbdfa0ff478d0838;V3-00523-EV-b7c5907d0980e2f3;V3-00523-EV-294fb5b80d132496;V3-00523-EV-548ed47f1405b9e3;V3-00523-EV-eb11725de4cd83ad;V3-00523-EV-4fddf3aba3b3ad9b;V3-00523-EV-52f047b26d2a6599;V3-00523-EV-23efa90a467e7fc0;V3-00523-EV-239546479c50c6cf;V3-00523-EV-ef19eec9453a7bbc;V3-00523-EV-f5498a074bbd7b4c;V3-00523-EV-59293b06d1e6be47;V3-00523-EV-29239eb65db2bf7d;V3-00523-EV-a570959e0d083ba4;V3-00523-EV-1d173c7c9e1ad572;V3-00523-EV-c56e86a4919d2885;V3-00523-EV-d7ef432eaa30c4bc;V3-00523-EV-020cb6d491beb50b;V3-00523-EV-c9e035a1b4036e5a;V3-00523-EV-20804131692c8e0c;V3-00523-EV-b99e656a697b74c0;V3-00523-EV-2eb9b69c77f98538;V3-00523-EV-a5899533bf2be50f;V3-00523-EV-35a576c61c99ab8d,1,not_performed
V3-00536,not_selected_current_unresolved,No current illustrative fact nominated; not compared for retention against the current 49.,False,local_source_copy_matched,04b5989256e5b909fa89aef33e7c25b8c5d95185717b0049d509681174444d80,False,,,RQ1;RQ2;RQ3;RQ4;RQ5,RQ1.interaction.I01_entity_navigation;RQ1.interaction.I07_example_query;RQ1.interaction.I09_visual_configuration;RQ1.representation_role.unspecified;RQ1.visualisation.V01_node_link;RQ1.visualisation.V03_table_list;RQ1.visualisation.V09_text_document;RQ2.guidance.G03_semantic_ranking;RQ2.guidance.G06_context_explanation;RQ3.access.A01_endpoint_query;RQ3.data_model.B01_rdf;RQ3.implementation_engines.Java/Jena;RQ3.query_languages.SPARQL;RQ3.scalability.S01_measured_runtime;RQ3.scalability.S03_reported_data_scale;RQ4.evaluation.E05_comparative_user;RQ4.evaluation.E07_performance;RQ4.study_design.E05_comparative_user;RQ4.study_design.E07_performance;RQ5.missing.resource_entries;RQ5.provenance.partial_report_read;RQ5.publication_version.recorded;RQ5.report_evaluation_limitations.text_recorded;RQ5.report_limitations.no_entry_recorded,V3-00536-EV-440ae45a1c2c2e15;V3-00536-EV-e522743e2434c157;V3-00536-EV-1bb02f4343e438f1;V3-00536-EV-daeeb1b78b355f6e;V3-00536-EV-4df9a6c2c6664d13;V3-00536-EV-2e4fc887cdeb456d;V3-00536-EV-491388b9d365435e;V3-00536-EV-b36bc9cbc7b4aa7d;V3-00536-EV-184318aed10e67de;V3-00536-EV-18a444836fa83743;V3-00536-EV-4afd48b976b475f5;V3-00536-EV-0ab4c69cd02ea95b;V3-00536-EV-ff2c5989ddd36e30;V3-00536-EV-9efb315cde1c632d;V3-00536-EV-d42cdace76523617;V3-00536-EV-d3310fcd28b47d17;V3-00536-EV-c9706378a3bac8bf;V3-00536-EV-704b062b7f289573;V3-00536-EV-6090cf704e53fd6d;V3-00536-EV-c92be9d063c6edc5;V3-00536-EV-ef09634b4b8506b6;V3-00536-EV-a835539500023746;V3-00536-EV-9dc739d102f20c04;V3-00536-EV-3f96ccb6add0da0b;V3-00536-EV-78b66913542be44e;V3-00536-EV-7b378ac220e709c3;V3-00536-EV-f167b10601beecbd;V3-00536-EV-a077ef9a6935f142;V3-00536-EV-f45e240c6893062f;V3-00536-EV-c6aeca474c18bec5;V3-00536-EV-0e20491c7341d401;V3-00536-EV-6d8800d5d7d2be46;V3-00536-EV-d9d0e5a4e782e91a;V3-00536-EV-d9351729e2f9ecd5;V3-00536-EV-fe08f0940b1bf6b1;V3-00536-EV-709a317b96b07b08;V3-00536-EV-b28a1b67cb84724a;V3-00536-EV-6f5ff374888e556b;V3-00536-EV-6622b13c455a18f9;V3-00536-EV-cf81a6c41b457c38;V3-00536-EV-0812e98a24948cd5;V3-00536-EV-dfc6b40b41620ab4;V3-00536-EV-3a747891eccb79ac;V3-00536-EV-ed7e8cd61fc62d52;V3-00536-EV-7bc652ba250a53e1;V3-00536-EV-d2d8cea9e68fc301;V3-00536-EV-97cf7101b262ded3;V3-00536-EV-fe3ec23739d5880b;V3-00536-EV-cc3264cf5e830f08;V3-00536-EV-b9b84f86616dedb5;V3-00536-EV-bf95d9adf19e72ac;V3-00536-EV-c0d4e1930f1b01c3;V3-00536-EV-c0da402e30f0cfa9;V3-00536-EV-6d5769afef13bc43;V3-00536-EV-cf7e7f9d57d3e1bc;V3-00536-EV-f31ef00864eb2b5c;V3-00536-EV-e7750def55166106;V3-00536-EV-c88643ece71906e9;V3-00536-EV-38b62cd15d9ba2b7;V3-00536-EV-836e38636a4f48b6;V3-00536-EV-70548e70dff70124;V3-00536-EV-1a74e871a447aff8;V3-00536-EV-784428c7c291a0ef;V3-00536-EV-8296e15af9a62c82;V3-00536-EV-ca40ad2805c3b9f7;V3-00536-EV-8cf8a6551a5074a0;V3-00536-EV-3f38352d2be6817e;V3-00536-EV-3fe4ba1d7e4caba3;V3-00536-EV-95bad2b09901c25f;V3-00536-EV-a2131e8631efb712;V3-00536-EV-f63629279f8edc41;V3-00536-EV-dad677298bae3d00;V3-00536-EV-014b42cd9c385763;V3-00536-EV-af80201d90c3d5de;V3-00536-EV-07015868be0c0248;V3-00536-EV-d18b9ad808e1e184;V3-00536-EV-10ca5aa4d4c85239;V3-00536-EV-103f7cd2419f99f9,2,not_performed
V3-00569,not_selected_current_unresolved,No current illustrative fact nominated; not compared for retention against the current 49.,False,local_source_copy_matched,38fbbbf4f29799a7338d4625443666ad32495cb2d893bf4d1d184e5163f74616,False,,,RQ1;RQ2;RQ3;RQ4;RQ5,RQ1.interaction.I02_faceted_filtering;RQ1.interaction.I10_reuse_history;RQ1.representation_role.unspecified;RQ1.visualisation.V03_table_list;RQ2.guidance.G06_context_explanation;RQ2.guidance.G10_orientation_feedback;RQ2.interaction.I10_reuse_history;RQ3.access.A03_local_store;RQ3.data_model.B01_rdf;RQ3.implementation_engines.3store/MySQL;RQ3.implementation_engines.D2R/Java;RQ3.implementation_engines.MySQL;RQ3.query_languages.RDQL;RQ3.query_languages.SPARQL;RQ3.query_languages.SQL;RQ3.scalability.S03_reported_data_scale;RQ3.scalability.S05_strategy_only;RQ4.evaluation.E02_case_study;RQ4.study_design.E02_case_study;RQ5.missing.resource_entries;RQ5.provenance.partial_report_read;RQ5.publication_version.recorded;RQ5.report_evaluation_limitations.text_recorded;RQ5.report_limitations.no_entry_recorded,V3-00569-EV-55b4771a4f636076;V3-00569-EV-c07a438cd7879ce6;V3-00569-EV-da69188994224f3f;V3-00569-EV-4fc8314ae3cf61ed;V3-00569-EV-dcda9cbd7285369b;V3-00569-EV-df488f7f0dfd16ae;V3-00569-EV-a55a8032e7b40d62;V3-00569-EV-6468102bc3dac178;V3-00569-EV-5fbb357b1d68d041;V3-00569-EV-2dba47bfcfec5eae;V3-00569-EV-d1eedb22635f212f;V3-00569-EV-8a9b2f1de42a69be;V3-00569-EV-3f5838f86a6b311c;V3-00569-EV-7e7c12152758bf0e;V3-00569-EV-bad72cb2bd757738;V3-00569-EV-dd025cd3132f46b2;V3-00569-EV-d209990d7b162343;V3-00569-EV-d043feab352c80b5;V3-00569-EV-e626680aa03612ea;V3-00569-EV-6ff5f6810609a45f;V3-00569-EV-8a8509cc0e27e8da;V3-00569-EV-fcd7db0b8697971d;V3-00569-EV-92bb59630014a0db;V3-00569-EV-9fc2131619fa78af;V3-00569-EV-15e3de005b8d2410;V3-00569-EV-fb2bbe7caefea8d4;V3-00569-EV-c806b4ed6111bb42;V3-00569-EV-08157866b48542fe;V3-00569-EV-750a3117a9ccd4b1;V3-00569-EV-7fc021050ae2070e;V3-00569-EV-95729c21b0503183;V3-00569-EV-2e08e6cede1610d8;V3-00569-EV-362ecd66d3eb0972;V3-00569-EV-f4a0dbe33c65acc0;V3-00569-EV-6775d3ffb71670ec;V3-00569-EV-ecda39f6714ad3b8;V3-00569-EV-de06827eecc8f83f;V3-00569-EV-2a68260de145daa7;V3-00569-EV-0a04c5119ebe53fc;V3-00569-EV-c69252d6571ecd20;V3-00569-EV-15407c9f60346ad0;V3-00569-EV-dff784e5c941eb54;V3-00569-EV-b8dab875f00c5a7a;V3-00569-EV-c7935b0676ebc9dd;V3-00569-EV-409a17c385ebd980;V3-00569-EV-87d5db341e25df67;V3-00569-EV-3f9f04194a024ff3;V3-00569-EV-da41e61efe21bf11;V3-00569-EV-e908a0d39922dd30;V3-00569-EV-ff917a12104b26ab;V3-00569-EV-0fa8519a2668bec7;V3-00569-EV-64bc2fb96f58ac7c;V3-00569-EV-d1d516c2382f0336;V3-00569-EV-522c8b02fb15eede;V3-00569-EV-b1302e009d231968;V3-00569-EV-924665e401119222;V3-00569-EV-c88f3ecb8ad7a4ac;V3-00569-EV-eb8f9f2e12711006;V3-00569-EV-bc1effbf1ad93c02,1,not_performed
V3-00607,not_selected_current_unresolved,No current illustrative fact nominated; not compared for retention against the current 49.,False,local_source_copy_matched,7892861edde35a8035cf49764ac13c8746d84da724176e2ed1f2b08380653c9d,False,,,RQ1;RQ2;RQ3;RQ4;RQ5,RQ1.interaction.I01_entity_navigation;RQ1.interaction.I09_visual_configuration;RQ1.representation_role.unspecified;RQ1.visualisation.V01_node_link;RQ2.guidance.G03_semantic_ranking;RQ2.guidance.G08_personalisation;RQ3.access.A01_endpoint_query;RQ3.access.A06_projection_cache;RQ3.data_model.B01_rdf;RQ3.missing.implementation_engines;RQ3.missing.query_languages;RQ3.scalability.S04_reported_visual_scale;RQ3.scalability.S05_strategy_only;RQ4.evaluation.E02_case_study;RQ4.evaluation.E05_comparative_user;RQ4.missing.study_design_codes;RQ5.missing.resource_entries;RQ5.provenance.full_report_read;RQ5.publication_version.recorded;RQ5.report_evaluation_limitations.text_recorded;RQ5.report_limitations.no_entry_recorded,V3-00607-EV-124d17a19f5389e3;V3-00607-EV-486aa3054fddf6e4;V3-00607-EV-d45cbc879e7d7246;V3-00607-EV-7a5e057dc32be559;V3-00607-EV-3347f718c33638f9;V3-00607-EV-bb82f5fa42f1dd17;V3-00607-EV-c8f4aa704dcb1cda;V3-00607-EV-49b539544f28e926;V3-00607-EV-b2382b4e0762e27f;V3-00607-EV-0772bf9796b3e661;V3-00607-EV-2d0d6393d9981e3a;V3-00607-EV-02d5e3e2938b0b81;V3-00607-EV-5d29c0b277b44af0;V3-00607-EV-d9a185753287332d;V3-00607-EV-c7d1a4b1afae9218;V3-00607-EV-9f9c71af435f2016;V3-00607-EV-3099b702088da99e,1,not_performed
V3-00615,not_selected_current_unresolved,No current illustrative fact nominated; not compared for retention against the current 49.,False,local_source_copy_location_unresolved,,False,,,RQ1;RQ2;RQ3;RQ4;RQ5,RQ1.interaction.I01_entity_navigation;RQ1.interaction.I02_faceted_filtering;RQ1.interaction.I06_free_language;RQ1.interaction.I08_coordinated_analysis;RQ1.representation_role.unspecified;RQ1.visualisation.V01_node_link;RQ1.visualisation.V03_table_list;RQ1.visualisation.V09_text_document;RQ1.visualisation.V11_coordinated_views;RQ2.guidance.G01_valid_next_step;RQ2.guidance.G05_template_entry;RQ2.guidance.G08_personalisation;RQ2.guidance.G09_language_generation;RQ2.guidance.G10_orientation_feedback;RQ3.implementation_engines.Figma;RQ3.missing.access;RQ3.missing.data_model;RQ3.missing.query_languages;RQ3.scalability.S04_reported_visual_scale;RQ3.scalability.S05_strategy_only;RQ4.evaluation.E03_formative_user;RQ4.missing.study_design_codes;RQ5.missing.resource_entries;RQ5.provenance.partial_report_read;RQ5.publication_version.recorded;RQ5.report_evaluation_limitations.text_recorded;RQ5.report_limitations.no_entry_recorded,V3-00615-EV-2649d571523b9a2a;V3-00615-EV-52b07af22f35f9f8;V3-00615-EV-844db9b06c841ab3;V3-00615-EV-80421d1952dede44;V3-00615-EV-7093974387631329;V3-00615-EV-002102b6fb595840;V3-00615-EV-0670a6a250891913;V3-00615-EV-cdd985a66c78f6eb;V3-00615-EV-4dc3d1ca7c89e4de;V3-00615-EV-07d68c973f236232;V3-00615-EV-6656c281ce739fb8;V3-00615-EV-3fcefd1405b86c27;V3-00615-EV-bfd613008408e9b6;V3-00615-EV-c31551d55d891cfc;V3-00615-EV-9ffb6eac6d1df965;V3-00615-EV-58387316ea20982a;V3-00615-EV-08d0c3585476e14e;V3-00615-EV-d41bf35dc0968d01;V3-00615-EV-14cc8224cc5a0705;V3-00615-EV-ff55bb63b8ac2080;V3-00615-EV-3cdc7578d35e8a67;V3-00615-EV-8c505ab010bbc535,1,not_performed
V3-00626,not_selected_current_unresolved,No current illustrative fact nominated; not compared for retention against the current 49.,False,local_source_copy_matched,ede3532668c53db725e429d2b3495d068173437e052b628955cb9deae15ef1d2,False,,,RQ1;RQ2;RQ3;RQ4;RQ5,RQ1.interaction.I01_entity_navigation;RQ1.interaction.I02_faceted_filtering;RQ1.interaction.I03_visual_query;RQ1.interaction.I04_text_query;RQ1.interaction.I08_coordinated_analysis;RQ1.interaction.I10_reuse_history;RQ1.representation_role.unspecified;RQ1.visualisation.V01_node_link;RQ1.visualisation.V02_outline_tree;RQ1.visualisation.V03_table_list;RQ1.visualisation.V04_map;RQ1.visualisation.V06_statistical_chart;RQ1.visualisation.V11_coordinated_views;RQ2.guidance.G02_lexical_completion;RQ2.guidance.G10_orientation_feedback;RQ2.interaction.I10_reuse_history;RQ3.access.A03_local_store;RQ3.data_model.B02_property_graph;RQ3.implementation_engines.D3/Vega/Trrack/ANTLR;RQ3.implementation_engines.Flask/Python;RQ3.implementation_engines.Neo4j;RQ3.query_languages.Cypher;RQ3.scalability.S03_reported_data_scale;RQ3.scalability.S04_reported_visual_scale;RQ3.scalability.S05_strategy_only;RQ4.evaluation.E02_case_study;RQ4.evaluation.E03_formative_user;RQ4.study_design.E02_case_study;RQ4.study_design.E03_formative_user;RQ5.missing.resource_entries;RQ5.provenance.partial_report_read;RQ5.publication_version.recorded;RQ5.report_evaluation_limitations.text_recorded;RQ5.report_limitations.no_entry_recorded,V3-00626-EV-f5a21026eca54ff3;V3-00626-EV-c45ae1f42f6b507b;V3-00626-EV-2c3998ab155424f3;V3-00626-EV-84161d9511b69609;V3-00626-EV-95ea7767770e2709;V3-00626-EV-1be66ef93de76e33;V3-00626-EV-7736c8de980f2213;V3-00626-EV-fde5a6cb174c18e8;V3-00626-EV-77b4b72690d86d51;V3-00626-EV-29eb9865989c9302;V3-00626-EV-35146ed4eb0c5810;V3-00626-EV-122f0b82730c84f1;V3-00626-EV-0864a8e37c30db19;V3-00626-EV-5b385465274c97c1;V3-00626-EV-d8b4839697e3624c;V3-00626-EV-abcdcde869ddfaba;V3-00626-EV-d5967e64373dbca3;V3-00626-EV-06d8ba62daf4b07f;V3-00626-EV-90a62457f2044a5a;V3-00626-EV-12ac95cd97be1c64;V3-00626-EV-7e5246d01dbd5cc6;V3-00626-EV-3f053721ba5e137b;V3-00626-EV-2adfebb5fedb666c;V3-00626-EV-e198a1202a911eb1;V3-00626-EV-864194160d4e7035;V3-00626-EV-52ef8e1e841b28fb;V3-00626-EV-2ca533ca395ea817;V3-00626-EV-7d70ea74c84944c5;V3-00626-EV-a930ea67ffe4d4ef;V3-00626-EV-1a4b08a92d7c192b;V3-00626-EV-cea5dae53d5a81eb;V3-00626-EV-bd0a012b9796feee;V3-00626-EV-85a45d656701c6e0;V3-00626-EV-c45fab44227e3c4b;V3-00626-EV-bb78370cb94771bc;V3-00626-EV-9fd7e02400df5a43;V3-00626-EV-0381a602d4b9c9b2;V3-00626-EV-1fc2eb5e4e32f264;V3-00626-EV-cb04f2bdacfa6212;V3-00626-EV-38f6412783c399bd;V3-00626-EV-e014f7564800ff9c;V3-00626-EV-1f3d180d9ea20af8;V3-00626-EV-6062c277b14745f1;V3-00626-EV-ef8f89b83e0edf54;V3-00626-EV-aab11c0aba502504;V3-00626-EV-772e254d4de09441;V3-00626-EV-1b19ff26d900b299;V3-00626-EV-3482130d3671bd38;V3-00626-EV-43d93f04b649a189;V3-00626-EV-3164c81e1de77fbf;V3-00626-EV-038e14b8d1b920cf;V3-00626-EV-3eed7b4a6d2b9286;V3-00626-EV-27cd694ce1039c9a;V3-00626-EV-917b25e4a03b6f56;V3-00626-EV-3f248a056982ecd2;V3-00626-EV-2bc61eaee653d668;V3-00626-EV-5d7e485399518834;V3-00626-EV-08c851da74bc5477;V3-00626-EV-d5cdb3c1ca7df2e3;V3-00626-EV-86ed9d5138525400;V3-00626-EV-7fdda50d8c774389;V3-00626-EV-cd0fd6f0b11b9b5b;V3-00626-EV-de81e93a2f14396a;V3-00626-EV-bbaf7e5a33dd7a44;V3-00626-EV-2ed9799d87478ffb;V3-00626-EV-a12ecb7bc10b5779;V3-00626-EV-54bbc8cffe8bf8e1;V3-00626-EV-dee5c7255420bb2d;V3-00626-EV-1b1ebb4dceb38dcc;V3-00626-EV-02a9f0927f9dc658;V3-00626-EV-48bd764cbaadd0ed;V3-00626-EV-d79fea5d8e0b08a8;V3-00626-EV-ffa3a24b4ab831ff;V3-00626-EV-648ea5742609c9e3;V3-00626-EV-ca5557b59dfabba0;V3-00626-EV-06f12fa6fbd4b38a;V3-00626-EV-74abfe4df8ce2c84;V3-00626-EV-d17383dbbbb5e748;V3-00626-EV-b927c0853d9fb22f;V3-00626-EV-026d0cefe93c74ed;V3-00626-EV-635a4ff117fedbe8;V3-00626-EV-883b876c4fe2fb71;V3-00626-EV-f7534818194dcc6e;V3-00626-EV-91d311e77d75bca2;V3-00626-EV-6942b1f089b21d68;V3-00626-EV-24ddab56f1837e9e,2,not_performed
V3-00629,not_selected_current_unresolved,No current illustrative fact nominated; not compared for retention against the current 49.,False,local_source_copy_matched,2257f4eebf947bce5adc4aff429470c7945318317231e164fc8c8bcc2f23e205,False,,,RQ1;RQ2;RQ3;RQ4;RQ5,RQ1.interaction.I01_entity_navigation;RQ1.interaction.I02_faceted_filtering;RQ1.interaction.I04_text_query;RQ1.interaction.I05_controlled_language;RQ1.representation_role.unspecified;RQ1.visualisation.V02_outline_tree;RQ1.visualisation.V03_table_list;RQ1.visualisation.V09_text_document;RQ2.guidance.G01_valid_next_step;RQ2.guidance.G10_orientation_feedback;RQ3.data_model.B01_rdf;RQ3.missing.access;RQ3.missing.implementation_engines;RQ3.missing.scalability;RQ3.query_languages.LISQL;RQ3.query_languages.SPARQL;RQ4.evaluation.E04_single_system_user;RQ4.study_design.E04_single_system_user;RQ5.identity_status.scoped_match;RQ5.provenance.partial_report_read;RQ5.publication_version.recorded;RQ5.report_evaluation_limitations.text_recorded;RQ5.report_limitations.no_entry_recorded;RQ5.resource_role.documentation;RQ5.resource_verification.historical_version_equivalence_verified.not_recorded;RQ5.resource_verification.license_verified.not_recorded;RQ5.resource_verification.source_build_verified.not_recorded;RQ5.resource_verification.working_demo_verified.not_recorded,V3-00629-EV-21889bb5f8e8c9c9;V3-00629-EV-398c8ae048dfa02d;V3-00629-EV-4cf8d327b3ebb561;V3-00629-EV-e654e36029dabe77;V3-00629-EV-64fb164953fac1e3;V3-00629-EV-0366ad2a8802ce1a;V3-00629-EV-b72e335e0e523e88;V3-00629-EV-058ba747a6c841f9;V3-00629-EV-88b157d4d40180ea;V3-00629-EV-d265a2875dd1dcf7;V3-00629-EV-98737e1956d7265b;V3-00629-EV-a42a3550cde12e19;V3-00629-EV-0010d0cf2a6aa824;V3-00629-EV-f059f5cd538ff912;V3-00629-EV-d2aad4d056aa3126;V3-00629-EV-c3bfc03259915b68;V3-00629-EV-12c8f8d9187ca289;V3-00629-EV-79c31408adbc352e;V3-00629-EV-efe813c232188021;V3-00629-EV-cf1ac8a1dc1ffd07;V3-00629-EV-22f152102cab23c4;V3-00629-EV-0279fd6a1acf7a13;V3-00629-EV-feec90f5d44f0093;V3-00629-EV-2f9e15ab4b0f7728;V3-00629-EV-676a1a34f523b94f;V3-00629-EV-5b04bca38b01ca11;V3-00629-EV-89f676442ee32f4d;V3-00629-EV-40448e9c36248ff0;V3-00629-EV-87512d26499a5148;V3-00629-EV-1d324197a7f7b7b7;V3-00629-EV-5ea40091793796b7;V3-00629-EV-811585643de693ed;V3-00629-EV-e47032a60fa6d235;V3-00629-EV-300798784df4d2b4;V3-00629-EV-a0e51be51f0b7ec7;V3-00629-EV-357a95b18c267b7a;V3-00629-EV-26081eabd7adef75;V3-00629-EV-05164f453be6fda5;V3-00629-EV-2a1c86d3aabcd335;V3-00629-EV-fc26fc26419d89ca;V3-00629-EV-df9afe821ead8653;V3-00629-EV-b86c421b843255de;V3-00629-EV-3f8ee82dca1cad16;V3-00629-EV-db27134927d5736d;V3-00629-EV-765c89fb5a08c503;V3-00629-EV-42863f19101a55f6;V3-00629-EV-016e706d8d144692;V3-00629-EV-1840bdea870d2a9d;V3-00629-EV-74e79698f8d94c4d;V3-00629-EV-1aff228fe17774c5;V3-00629-EV-741502a6443e5132,1,not_performed
V3-00633,retained_current_illustration_scoped,,True,local_source_copy_matched,2c11bbe0e3b8df68f115c2465fd5e636a8b169cb6a990cb4229408f58b73826b,True,ILL-V3-00633-01,principal;boundary,RQ1;RQ2;RQ3;RQ4;RQ5,RQ1.missing.interaction;RQ1.missing.visualisation;RQ2.guidance.G03_semantic_ranking;RQ2.guidance.G06_context_explanation;RQ2.guidance.G08_personalisation;RQ3.data_model.B01_rdf;RQ3.missing.access;RQ3.missing.implementation_engines;RQ3.missing.query_languages;RQ3.missing.scalability;RQ4.evaluation.E09_formal_analysis;RQ4.missing.study_entries;RQ5.missing.resource_entries;RQ5.provenance.full_report_read;RQ5.publication_version.not_recorded;RQ5.report_evaluation_limitations.text_recorded;RQ5.report_limitations.no_entry_recorded,V3-00633-EV-216954f88cb7d248;V3-00633-EV-cc195e50fda9df81;V3-00633-EV-e62ef2e7dd21ab47;V3-00633-EV-4f5779b9793a9ac8;V3-00633-EV-cbddf7da7783b1d9;V3-00633-EV-0c900ea4054ef3e8;V3-00633-EV-a89b776190597968,0,not_performed
V3-00694,retained_current_illustration_scoped,,True,local_source_copy_matched,e9c96eec60832b547498dd187c8b4ad8297cfe3f9aaff61f939b0597b78e9ecd,True,ILL-V3-00694-01,principal;contrasting,RQ1;RQ2;RQ3;RQ4;RQ5,RQ1.interaction.I01_entity_navigation;RQ1.interaction.I02_faceted_filtering;RQ1.interaction.I10_reuse_history;RQ1.representation_role.unspecified;RQ1.visualisation.V03_table_list;RQ1.visualisation.V09_text_document;RQ1.visualisation.V11_coordinated_views;RQ2.guidance.G02_lexical_completion;RQ2.guidance.G03_semantic_ranking;RQ2.guidance.G05_template_entry;RQ2.guidance.G06_context_explanation;RQ2.guidance.G08_personalisation;RQ2.guidance.G10_orientation_feedback;RQ2.interaction.I10_reuse_history;RQ3.access.A03_local_store;RQ3.access.A06_projection_cache;RQ3.data_model.B02_property_graph;RQ3.missing.implementation_engines;RQ3.missing.query_languages;RQ3.scalability.S03_reported_data_scale;RQ3.scalability.S04_reported_visual_scale;RQ3.scalability.S05_strategy_only;RQ4.evaluation.E01_demonstration;RQ4.missing.study_entries;RQ5.missing.resource_entries;RQ5.provenance.full_report_read;RQ5.publication_version.not_recorded;RQ5.report_evaluation_limitations.text_recorded;RQ5.report_limitations.no_entry_recorded,V3-00694-EV-7ac4e6b99be9ab88;V3-00694-EV-9fc0edc0531e9df8;V3-00694-EV-f39902b428d2bf32;V3-00694-EV-166be0d997ee6edf;V3-00694-EV-f3c7e5f4d7d3be8d;V3-00694-EV-8bc5085e6b9d5282;V3-00694-EV-bdc425903a66d56f;V3-00694-EV-46a5b70b615e2d13;V3-00694-EV-039e3173416576d7;V3-00694-EV-0dc24c8365325954;V3-00694-EV-be28d0c81003d7ae;V3-00694-EV-c9d757dc58baf3f1;V3-00694-EV-521f2d4f722808ed;V3-00694-EV-af35cf67391bddc5;V3-00694-EV-6cc6499cc18f4c5f;V3-00694-EV-85b07651293bf79c;V3-00694-EV-bfd0f6cf6779b272;V3-00694-EV-5f3bbf1ad1ab8d45;V3-00694-EV-d7d4005c1af0d2f4;V3-00694-EV-029b4dd3839ee002;V3-00694-EV-f9db9fe77bab856f,0,not_performed
V3-00696,retained_current_illustration_scoped,,True,local_source_copy_matched,6e20f7c340b3b58b089257c2355d382aaf1d7a997b0328a6eaa1bef38cc3c322,True,ILL-V3-00696-01,principal;boundary,RQ1;RQ2;RQ3;RQ4;RQ5,RQ1.interaction.I01_entity_navigation;RQ1.interaction.I02_faceted_filtering;RQ1.interaction.I06_free_language;RQ1.representation_role.unspecified;RQ1.visualisation.V03_table_list;RQ1.visualisation.V09_text_document;RQ2.guidance.G03_semantic_ranking;RQ2.guidance.G05_template_entry;RQ2.guidance.G09_language_generation;RQ2.guidance.G10_orientation_feedback;RQ3.access.A03_local_store;RQ3.access.A06_projection_cache;RQ3.data_model.B02_property_graph;RQ3.implementation_engines.Neo4j/Weaviate;RQ3.implementation_engines.Streamlit/RASA/Zephyr-7B-Beta;RQ3.missing.query_languages;RQ3.scalability.S03_reported_data_scale;RQ3.scalability.S04_reported_visual_scale;RQ3.scalability.S05_strategy_only;RQ4.evaluation.E01_demonstration;RQ4.evaluation.E02_case_study;RQ4.evaluation.E05_comparative_user;RQ4.evaluation.E06_offline_accuracy;RQ4.study_design.E05_comparative_user;RQ4.study_design.E06_offline_accuracy;RQ5.missing.resource_entries;RQ5.provenance.partial_report_read;RQ5.publication_version.recorded;RQ5.report_evaluation_limitations.text_recorded;RQ5.report_limitations.no_entry_recorded,V3-00696-EV-f04afdf33ead6c6d;V3-00696-EV-d6df75f4a76edd9b;V3-00696-EV-f2ef644b336bcb89;V3-00696-EV-d76d526640fb9052;V3-00696-EV-acf2f5d3fda9e5eb;V3-00696-EV-674aa66da0324f0e;V3-00696-EV-e60f4d7135bba40d;V3-00696-EV-0c37007ebede1ecb;V3-00696-EV-e49ff05b0207ace0;V3-00696-EV-f20661c588b7a730;V3-00696-EV-adc1b9565e51560a;V3-00696-EV-2c77c40eae096612;V3-00696-EV-25ba0a32da2618c0;V3-00696-EV-a57a8c6128d82fc0;V3-00696-EV-8066f5f6dcb163df;V3-00696-EV-00018543ff67e59c;V3-00696-EV-d3616cf879172bfe;V3-00696-EV-4009ce53cf1c1c0a;V3-00696-EV-1041f979065bfad7;V3-00696-EV-97ac271ced86543f;V3-00696-EV-f9545ea36ebabb78;V3-00696-EV-872aaa850dcf7e99;V3-00696-EV-0ba04cfc29a5cf5a;V3-00696-EV-ff24dc7069fb5cfd;V3-00696-EV-1b581b7ce533d4a1;V3-00696-EV-11c4aadccf273d94;V3-00696-EV-97a1f0c518599600;V3-00696-EV-6a3b3bf61e2afc86;V3-00696-EV-79c44dc2ac00f26b;V3-00696-EV-732417ac57980082;V3-00696-EV-5bed114f1b9ee825;V3-00696-EV-967a528cd2155bc9;V3-00696-EV-2ec634d5b0f8f186;V3-00696-EV-a5fa344aeb8df7c3;V3-00696-EV-aa688f7abb595657;V3-00696-EV-d2b02f8885f48786;V3-00696-EV-96ff1e0f9b600d7c;V3-00696-EV-37a7a1c3a1809c41;V3-00696-EV-757d0e7de8e674a5;V3-00696-EV-3399ec1bbb568c67;V3-00696-EV-63709fa3327fed75;V3-00696-EV-a0b8d60bd3e7e2f4;V3-00696-EV-e29a46a9cb52c22b;V3-00696-EV-4ba2ac9754278d45;V3-00696-EV-24338c55c338442f;V3-00696-EV-9a5fb22179061906;V3-00696-EV-07bbeaeb8dcff2ce;V3-00696-EV-a34f77f91e961bc0;V3-00696-EV-b4c67629249118f0;V3-00696-EV-7239c237da2c5c26;V3-00696-EV-58633c87524e4f66;V3-00696-EV-35c31d991329d26a;V3-00696-EV-3e4eece8bd69162d;V3-00696-EV-42742a658bfa342f;V3-00696-EV-3bf33ccf92421e15;V3-00696-EV-8f676786d928cd1b;V3-00696-EV-d84acfb8683cc710;V3-00696-EV-867455e4c993ff7a;V3-00696-EV-192ee833cd46ddc1;V3-00696-EV-96868968efbd108a;V3-00696-EV-5ff341759e83987e;V3-00696-EV-72e52509c63585f3;V3-00696-EV-f114003056f89071;V3-00696-EV-9286b31f47678526;V3-00696-EV-0c2204e5c51bc0bb;V3-00696-EV-0df845481ab42efa;V3-00696-EV-e02716dcd1bc434b;V3-00696-EV-85e6971a515cfd54;V3-00696-EV-0c108274878a9a48;V3-00696-EV-a40a30b8f21a6124;V3-00696-EV-e33416b20749e6bf;V3-00696-EV-8c2907b55490de6b;V3-00696-EV-5322b95be12a581e;V3-00696-EV-303713b90f977b7a;V3-00696-EV-7a50eda0ed07261b;V3-00696-EV-ddd98df7009ff11d;V3-00696-EV-9f84f56e2b446662;V3-00696-EV-8c55bd1b29ab0686;V3-00696-EV-a8de2059c48b8914,3,not_performed
V3-00704,not_selected_current_unresolved,No current illustrative fact nominated; not compared for retention against the current 49.,False,local_source_copy_matched,2181ad2c2dc3cc5dc54affbe23153e167f0817d476f58ee011a0375a164a33d9,False,,,RQ1;RQ2;RQ3;RQ4;RQ5,RQ1.interaction.I01_entity_navigation;RQ1.interaction.I03_visual_query;RQ1.interaction.I04_text_query;RQ1.interaction.I08_coordinated_analysis;RQ1.interaction.I09_visual_configuration;RQ1.interaction.I10_reuse_history;RQ1.interaction.I11_curation_modifier;RQ1.representation_role.unspecified;RQ1.visualisation.V01_node_link;RQ1.visualisation.V02_outline_tree;RQ1.visualisation.V03_table_list;RQ1.visualisation.V06_statistical_chart;RQ1.visualisation.V07_matrix;RQ1.visualisation.V11_coordinated_views;RQ2.guidance.G04_query_expansion_relaxation;RQ2.guidance.G05_template_entry;RQ2.guidance.G06_context_explanation;RQ2.guidance.G10_orientation_feedback;RQ2.interaction.I10_reuse_history;RQ3.access.A01_endpoint_query;RQ3.data_model.B01_rdf;RQ3.implementation_engines.Entity-fishing/ACTA;RQ3.implementation_engines.MGExplorer;RQ3.query_languages.SPARQL;RQ3.scalability.S03_reported_data_scale;RQ3.scalability.S04_reported_visual_scale;RQ3.scalability.S05_strategy_only;RQ4.evaluation.E01_demonstration;RQ4.evaluation.E02_case_study;RQ4.study_design.E01_demonstration;RQ4.study_design.E02_case_study;RQ5.identity_status.not_established;RQ5.identity_status.scoped_match;RQ5.provenance.partial_report_read;RQ5.publication_version.recorded;RQ5.report_evaluation_limitations.text_recorded;RQ5.report_limitations.no_entry_recorded;RQ5.resource_role.application_source;RQ5.resource_role.other;RQ5.resource_verification.historical_version_equivalence_verified.not_recorded;RQ5.resource_verification.license_verified.not_recorded;RQ5.resource_verification.source_build_verified.not_recorded;RQ5.resource_verification.working_demo_verified.not_recorded,V3-00704-EV-a8b2486ea9532495;V3-00704-EV-58a6d0131638b0ab;V3-00704-EV-c88c00aa1723822b;V3-00704-EV-88bc13dcd9d4157d;V3-00704-EV-bb5fd1a8babf1f33;V3-00704-EV-6ea1f29e3f6b560c;V3-00704-EV-c7993be5ebdfe0d1;V3-00704-EV-f770acf171bfe3ca;V3-00704-EV-a7a45d88e567d8b3;V3-00704-EV-c811d804c40c4f09;V3-00704-EV-c944d8d5bd02f597;V3-00704-EV-ec22b462ea00ac9f;V3-00704-EV-f3836c21e496441e;V3-00704-EV-eee02d66c58e4032;V3-00704-EV-910b71ea93937666;V3-00704-EV-0bafcaa8b8977d3a;V3-00704-EV-4855557ff001581d;V3-00704-EV-a83c6c42a41003a3;V3-00704-EV-213094ce575de48a;V3-00704-EV-651a39ab89de5824;V3-00704-EV-a56cd5071b67a501;V3-00704-EV-1fc7b9142e64ae71;V3-00704-EV-2b007b1b43822cbe;V3-00704-EV-10aacafa5dea5a16;V3-00704-EV-28b820e4b264e481;V3-00704-EV-d86c7adcf3f2f33f;V3-00704-EV-2951bf83645713b4;V3-00704-EV-227a92b5e60dc788;V3-00704-EV-5cbe7b53ebfddb97;V3-00704-EV-9df1bbde23d8947e;V3-00704-EV-c82d5ea97284ba87;V3-00704-EV-fab2887166052c3c;V3-00704-EV-d13967cdab2ef9dd;V3-00704-EV-35078c41ad2ad7dc;V3-00704-EV-8175aecf94e6044a;V3-00704-EV-08dd0889ed335831;V3-00704-EV-54a181d4cd3c52a1;V3-00704-EV-c3b0b48f95aca971;V3-00704-EV-f599a82094cac27d;V3-00704-EV-2006978299797d1c;V3-00704-EV-4e97971b979d76e7;V3-00704-EV-853b59a9c4ac578c;V3-00704-EV-317c248b16027818;V3-00704-EV-e34dd733f9d5564b;V3-00704-EV-41ecebdafc6e196c;V3-00704-EV-2fda463cac5db7f8;V3-00704-EV-a7421a4bda260e87;V3-00704-EV-c04a35466b598eea;V3-00704-EV-0065c45bf9ee456f;V3-00704-EV-7b8ecaff609b6a0d;V3-00704-EV-c15211bdf2850e96;V3-00704-EV-19765c815d017528;V3-00704-EV-500ebb1cc10c0747;V3-00704-EV-82f0af4e148253ed;V3-00704-EV-c42acf920a63f0b0;V3-00704-EV-5ce127be435058bb;V3-00704-EV-9a204d0cbc663312;V3-00704-EV-33efd15a7d0bd896;V3-00704-EV-74efe8933e2d671c;V3-00704-EV-e1e45881c9a234ea;V3-00704-EV-0d4a783792da0cdb;V3-00704-EV-6d929977a9ad1a3b;V3-00704-EV-e3b2e941cec1888b;V3-00704-EV-3b6b3187d7ff31f8;V3-00704-EV-86961b5127908def;V3-00704-EV-24cde42b4e8cdc6a;V3-00704-EV-ed5bba84f2886bd8;V3-00704-EV-0cca8aee3568741b;V3-00704-EV-9be942cccd9cd7df;V3-00704-EV-b9dc71017e8e6666;V3-00704-EV-afc629880781e9e0;V3-00704-EV-66d339200a6c9727;V3-00704-EV-91f8945975534447;V3-00704-EV-9183910a1ae3504d;V3-00704-EV-9ae07cd38b6c0c4b;V3-00704-EV-1b81de36ed3a1e25;V3-00704-EV-019a712ec00103d0;V3-00704-EV-3348437b2b4ce6ea;V3-00704-EV-5293fc0241c90af8;V3-00704-EV-f5595a2bd8d5fd68;V3-00704-EV-45f41cb2edd81f60;V3-00704-EV-c8542d4fdae6cab3;V3-00704-EV-b5fb6bf782d239e5;V3-00704-EV-befe5bd63300698c;V3-00704-EV-f7944b6176bed581;V3-00704-EV-4789ae821aa61979;V3-00704-EV-e49d8ae01d4086e4;V3-00704-EV-9384dcb9368ac4a9;V3-00704-EV-b669caa63de39858;V3-00704-EV-91bc8ec7a3a35189;V3-00704-EV-fe314adb5a81b365;V3-00704-EV-380b3e5d46f8405a;V3-00704-EV-e4a0439105b5db8b;V3-00704-EV-0260a4d64694edca;V3-00704-EV-9a27fc67c68fe955;V3-00704-EV-90fa5ed7838da7fc;V3-00704-EV-20451480e2493385;V3-00704-EV-d3d5259386a53c0b;V3-00704-EV-bd3d7d68fe5e6a3b;V3-00704-EV-e2e0acba9c0eede7;V3-00704-EV-6b5efe879d90092c;V3-00704-EV-a04aa8a623ac1ff6;V3-00704-EV-8c71dee1e8233956;V3-00704-EV-748413481b7b555a;V3-00704-EV-3ebc5d0630751b09;V3-00704-EV-5fb5df2c8fa34101;V3-00704-EV-48515f1c18a55890;V3-00704-EV-be93d334402796ec;V3-00704-EV-98dca534a6650581;V3-00704-EV-c0c637eaea91ef1f;V3-00704-EV-ac0052c8dba05bdb;V3-00704-EV-605785eac8cd9344;V3-00704-EV-f150fbed50da5de3;V3-00704-EV-c0693c27df66fff9;V3-00704-EV-ea73f3e078f55c79;V3-00704-EV-3a2dab359ea12c98;V3-00704-EV-f2f1e85c9673c2d3;V3-00704-EV-01d9a8ce3d51d121;V3-00704-EV-26440ccba6e199ff;V3-00704-EV-4340c1c231ee79ce;V3-00704-EV-0f13cd8eac09d46e;V3-00704-EV-f16a853e057faf5e;V3-00704-EV-358e9c360afa0241,1,not_performed
V3-00711,not_selected_current_unresolved,No current illustrative fact nominated; not compared for retention against the current 49.,False,local_source_copy_matched,0c2e855e6a294285d25c584558c5e707ef6d65015107e218690efaf65a6df658,False,,,RQ1;RQ2;RQ3;RQ4;RQ5,RQ1.interaction.I07_example_query;RQ1.representation_role.unspecified;RQ1.visualisation.V03_table_list;RQ1.visualisation.V09_text_document;RQ2.guidance.G03_semantic_ranking;RQ2.guidance.G06_context_explanation;RQ2.guidance.G08_personalisation;RQ3.access.A06_projection_cache;RQ3.data_model.B01_rdf;RQ3.missing.implementation_engines;RQ3.query_languages.SPARQL;RQ3.scalability.S03_reported_data_scale;RQ4.evaluation.E05_comparative_user;RQ4.evaluation.E06_offline_accuracy;RQ4.study_design.E05_comparative_user;RQ4.study_design.E06_offline_accuracy;RQ5.missing.resource_entries;RQ5.provenance.partial_report_read;RQ5.publication_version.recorded;RQ5.report_evaluation_limitations.text_recorded;RQ5.report_limitations.no_entry_recorded,V3-00711-EV-0d7aa7d6b5b3fdea;V3-00711-EV-a17344c42de2295a;V3-00711-EV-49acb9fac0e7b738;V3-00711-EV-35a8e9a26488be1e;V3-00711-EV-507c5a8c7dfffb75;V3-00711-EV-ad7268dd035a3935;V3-00711-EV-7b93fe50c27d273f;V3-00711-EV-447af7030a811435;V3-00711-EV-a62f2123177b1938;V3-00711-EV-0f058172483f163b;V3-00711-EV-7283e99ee7180e8b;V3-00711-EV-e892e98a3712d73d;V3-00711-EV-a9271b499b5a45ed;V3-00711-EV-8c95dd776c1262ca;V3-00711-EV-33683d86a87cd5ff;V3-00711-EV-79cc0442d347ae1a;V3-00711-EV-3cc132d9b01db66f;V3-00711-EV-c3ff6d85030f072b;V3-00711-EV-e405034afc91f1f3;V3-00711-EV-643f4294e8dc9e8a;V3-00711-EV-3654fa5e7fbe32c0;V3-00711-EV-3e1e15a3199836f2;V3-00711-EV-8d1440b0e1c0ccc6;V3-00711-EV-f050dce4375f7ac7;V3-00711-EV-9016182ae2ce51df;V3-00711-EV-af0c5ed53d9cd62a;V3-00711-EV-9536fe3718907f4f;V3-00711-EV-a21e55ffb852584e;V3-00711-EV-b883aeae124b2fd2;V3-00711-EV-87964d506f652165;V3-00711-EV-cc9463ab5f756fef,2,not_performed
V3-00731,not_selected_current_unresolved,No current illustrative fact nominated; not compared for retention against the current 49.,False,local_source_copy_matched,76e814215ac17b32b32c6ff755f523e0ac9993700bb27e2b9fe291be2f5dd7f2,False,,,RQ1;RQ2;RQ3;RQ4;RQ5,RQ1.interaction.I01_entity_navigation;RQ1.interaction.I02_faceted_filtering;RQ1.interaction.I11_curation_modifier;RQ1.representation_role.unspecified;RQ1.visualisation.V03_table_list;RQ1.visualisation.V05_timeline;RQ1.visualisation.V09_text_document;RQ2.guidance.G02_lexical_completion;RQ2.guidance.G05_template_entry;RQ3.access.A01_endpoint_query;RQ3.data_model.B01_rdf;RQ3.implementation_engines.Pundit/DataTXT/TimeMapper;RQ3.missing.scalability;RQ3.query_languages.SPARQL;RQ4.evaluation.E01_demonstration;RQ4.evaluation.E02_case_study;RQ4.study_design.E01_demonstration;RQ4.study_design.E02_case_study;RQ5.identity_status.not_established;RQ5.provenance.partial_report_read;RQ5.publication_version.recorded;RQ5.report_evaluation_limitations.text_recorded;RQ5.report_limitations.no_entry_recorded;RQ5.resource_role.other;RQ5.resource_verification.historical_version_equivalence_verified.not_recorded;RQ5.resource_verification.license_verified.not_recorded;RQ5.resource_verification.source_build_verified.not_recorded;RQ5.resource_verification.working_demo_verified.not_recorded,V3-00731-EV-8766f8064a440931;V3-00731-EV-46abab24e962021b;V3-00731-EV-917dca59f33994ff;V3-00731-EV-d5bbad85e18797e6;V3-00731-EV-dc2ee1b6e5224229;V3-00731-EV-f62958fe93b65aea;V3-00731-EV-cd82f7a1b9b8e92a;V3-00731-EV-578e8d4f3e8b5354;V3-00731-EV-b8edd97d2a103806;V3-00731-EV-ea820666e35f0de2;V3-00731-EV-1d71afa41c51b52b;V3-00731-EV-eb752eb1b5eb0d55;V3-00731-EV-b92a5f74769d0e84;V3-00731-EV-94beffec6102681a;V3-00731-EV-4742808acdfaff45;V3-00731-EV-91e90d2502b616e4;V3-00731-EV-b5a64e21107faa98;V3-00731-EV-87b82e7f24d89c11;V3-00731-EV-593a2cd1a283b8ff;V3-00731-EV-c98f02719851e47e;V3-00731-EV-3a3a25a359690bfd;V3-00731-EV-c3f3b148a0eb28d4;V3-00731-EV-fbc51c1ae88ce7e7;V3-00731-EV-d9611ecacc499e2b;V3-00731-EV-06d84ad88a76756e;V3-00731-EV-7ed5409921ee0c6f;V3-00731-EV-864348e0930395e0;V3-00731-EV-c5464f05e4189715;V3-00731-EV-cafbc545bdcd86d2;V3-00731-EV-60234f9a12a45143;V3-00731-EV-974bda4b1953dbfe;V3-00731-EV-1efaa8130d7cf827;V3-00731-EV-40df0c109f67e20a;V3-00731-EV-b60b687384bc1820;V3-00731-EV-e554c6ef543fc114;V3-00731-EV-77537464549546a5;V3-00731-EV-abc002ed433048fd;V3-00731-EV-8065bdeb58e40243;V3-00731-EV-eba04625c88e3945;V3-00731-EV-184ffe6d88b6ccc2;V3-00731-EV-9216ab2f9a6b5736;V3-00731-EV-db7ad7322c7269e1;V3-00731-EV-504915b4f2e73d7b;V3-00731-EV-247f5f9258077dca;V3-00731-EV-101fa99ca67896dd;V3-00731-EV-22934f151ccd224c;V3-00731-EV-c0c1df8462b99b21;V3-00731-EV-060a3d4243e02e00;V3-00731-EV-3e6a1514d2e18e49;V3-00731-EV-08c824d9479b61c2;V3-00731-EV-04600bedae113ab2;V3-00731-EV-840a2503ae24447b;V3-00731-EV-5363dcf2873744a7,1,not_performed
V3-00740,retained_current_illustration_scoped,,True,local_source_copy_matched,5e7103d6b7963d4f3f2a0b143bd0c5f3eb016b2a9807b9cfabfd26e9b470ae51,True,ILL-V3-00740-01,principal;boundary;demo,RQ1;RQ2;RQ3;RQ4;RQ5,RQ1.interaction.I01_entity_navigation;RQ1.interaction.I02_faceted_filtering;RQ1.interaction.I09_visual_configuration;RQ1.representation_role.unspecified;RQ1.visualisation.V01_node_link;RQ2.guidance.G06_context_explanation;RQ2.guidance.G10_orientation_feedback;RQ3.access.A01_endpoint_query;RQ3.data_model.B01_rdf;RQ3.missing.implementation_engines;RQ3.missing.query_languages;RQ3.scalability.S05_strategy_only;RQ4.evaluation.E01_demonstration;RQ4.evaluation.E02_case_study;RQ4.missing.study_entries;RQ5.identity_status.scoped_match;RQ5.provenance.full_report_read;RQ5.publication_version.not_recorded;RQ5.report_evaluation_limitations.text_recorded;RQ5.report_limitations.no_entry_recorded;RQ5.resource_role.application_source;RQ5.resource_role.documentation;RQ5.resource_verification.historical_version_equivalence_verified.not_recorded;RQ5.resource_verification.license_verified.not_recorded;RQ5.resource_verification.source_build_verified.not_recorded;RQ5.resource_verification.working_demo_verified.not_recorded,V3-00740-EV-c16a3dc3d49838ed;V3-00740-EV-9411d7346cef6087;V3-00740-EV-5f3e89bd2934eb68;V3-00740-EV-b91a18c11aa75360;V3-00740-EV-b45a929d9d3a6ef9;V3-00740-EV-7bb35b187a69385a;V3-00740-EV-c98a94f2232792c4;V3-00740-EV-f318507cf050f6c0;V3-00740-EV-c654887ff10a90c1;V3-00740-EV-13469151e498581e;V3-00740-EV-4ac8fcbf03229415;V3-00740-EV-b8fce69a7f98ea3c;V3-00740-EV-223635135c5dfd24,0,not_performed
V3-00776,not_selected_current_unresolved,No current illustrative fact nominated; not compared for retention against the current 49.,False,local_source_copy_matched,fe1bd2d9ad2f8608152adb53d9632a94b33cda59ad7f58e15c9978ebcce37dfa,False,,,RQ1;RQ2;RQ3;RQ4;RQ5,RQ1.interaction.I01_entity_navigation;RQ1.interaction.I02_faceted_filtering;RQ1.interaction.I11_curation_modifier;RQ1.representation_role.unspecified;RQ1.visualisation.V02_outline_tree;RQ1.visualisation.V03_table_list;RQ1.visualisation.V09_text_document;RQ2.guidance.G02_lexical_completion;RQ2.guidance.G10_orientation_feedback;RQ3.access.A01_endpoint_query;RQ3.data_model.B01_rdf;RQ3.implementation_engines.SAHA 3/HAKO/ONKI;RQ3.missing.scalability;RQ3.query_languages.SPARQL;RQ4.evaluation.E01_demonstration;RQ4.evaluation.E02_case_study;RQ4.study_design.E01_demonstration;RQ4.study_design.E02_case_study;RQ5.identity_status.not_established;RQ5.provenance.partial_report_read;RQ5.publication_version.recorded;RQ5.report_evaluation_limitations.text_recorded;RQ5.report_limitations.no_entry_recorded;RQ5.resource_role.other;RQ5.resource_verification.historical_version_equivalence_verified.not_recorded;RQ5.resource_verification.license_verified.not_recorded;RQ5.resource_verification.source_build_verified.not_recorded;RQ5.resource_verification.working_demo_verified.not_recorded,V3-00776-EV-13c7fceee4d00253;V3-00776-EV-173db473668891af;V3-00776-EV-644b6a3419dd1b58;V3-00776-EV-e9f1c5389043b39f;V3-00776-EV-0559233041f60183;V3-00776-EV-f350e40ef6bf2945;V3-00776-EV-98b2c23a33394f2e;V3-00776-EV-1c45b546b5c8bf1b;V3-00776-EV-fad9b213ae0d8db2;V3-00776-EV-e07eefd9e80aea95;V3-00776-EV-48b60e389edb5356;V3-00776-EV-6fd367e8191313e3;V3-00776-EV-258974f1f783037d;V3-00776-EV-9f76d94d2f32241d;V3-00776-EV-63190b87b678b89f;V3-00776-EV-8aa16ac25c36ca22;V3-00776-EV-42ff979736a3cced;V3-00776-EV-cc63a742f2106f5f;V3-00776-EV-290fccc786a151dc;V3-00776-EV-b68587c06fcf60fd;V3-00776-EV-c37327fc5966b6ef;V3-00776-EV-369f1743edcfe05b;V3-00776-EV-d9b8a56a590ad060;V3-00776-EV-b1bfe2b9b313e5aa;V3-00776-EV-767cec9cea2c283a;V3-00776-EV-d05ebff89b89a5cd;V3-00776-EV-bd5ca90c2664265e;V3-00776-EV-853b525027194b9e;V3-00776-EV-cfc5e335bcad5251;V3-00776-EV-9e85b265a5a1e6a0;V3-00776-EV-71f2fe8f0468204c;V3-00776-EV-80c61171b1769d4a;V3-00776-EV-ed5e8d6e4ddce2c3;V3-00776-EV-79d27754d4db9bb6;V3-00776-EV-36fbcd87561c4dd6;V3-00776-EV-fbbbedbd7b02582c;V3-00776-EV-c3ab0bed84873b6d,1,not_performed
V3-00800,not_selected_current_unresolved,No current illustrative fact nominated; not compared for retention against the current 49.,False,local_source_copy_matched,e0c4885efba2a7626592387ae7c18c218bafb67de880fee7b35912e59d3a7dc4,False,,,RQ1;RQ2;RQ3;RQ4;RQ5,RQ1.interaction.I01_entity_navigation;RQ1.representation_role.unspecified;RQ1.visualisation.V02_outline_tree;RQ1.visualisation.V05_timeline;RQ1.visualisation.V06_statistical_chart;RQ2.missing.guidance;RQ3.missing.access;RQ3.missing.data_model;RQ3.missing.implementation_engines;RQ3.missing.query_languages;RQ3.missing.scalability;RQ4.evaluation.E03_formative_user;RQ4.evaluation.E11_contextual_review;RQ4.study_design.E03_formative_user;RQ4.study_design.E11_contextual_review;RQ5.identity_status.scoped_match;RQ5.provenance.partial_report_read;RQ5.publication_version.recorded;RQ5.report_evaluation_limitations.text_recorded;RQ5.report_limitations.no_entry_recorded;RQ5.resource_role.application_source;RQ5.resource_verification.historical_version_equivalence_verified.not_recorded;RQ5.resource_verification.license_verified.not_recorded;RQ5.resource_verification.source_build_verified.not_recorded;RQ5.resource_verification.working_demo_verified.not_recorded,V3-00800-EV-227a0584ac736830;V3-00800-EV-d441c53900c23117;V3-00800-EV-14472eb2092fb002;V3-00800-EV-f92e429307fedb47;V3-00800-EV-97cab974d623f15a;V3-00800-EV-90909200bb53e082;V3-00800-EV-56083fbfe4520fab;V3-00800-EV-cb2360883645d4a6;V3-00800-EV-39d74b12aef48306;V3-00800-EV-f814279db6bc5a5b;V3-00800-EV-466c7e702d769b87;V3-00800-EV-91fe719e5526abb1;V3-00800-EV-3aa5cd2aa0caf1ac;V3-00800-EV-01c64fe21de94b92;V3-00800-EV-79401f90d7c3f3da;V3-00800-EV-6116d7a1f961a4df;V3-00800-EV-a8af58fb2a20eb6f;V3-00800-EV-dcb0a35eec5ae16d;V3-00800-EV-8fc69c98b23cedc6;V3-00800-EV-25e93698cca73cee;V3-00800-EV-9f2178916d5eaa51;V3-00800-EV-a097870d36944c7c;V3-00800-EV-b933066a9d4115a8;V3-00800-EV-3e0d050fb78cd6db;V3-00800-EV-f638e36fd1251d3c;V3-00800-EV-b55b9af4f3dc9827;V3-00800-EV-34d530d4511fd1d5;V3-00800-EV-c98ea5b99d4d0913;V3-00800-EV-6b865e3ccb085759,2,not_performed
V3-00810,not_selected_current_unresolved,No current illustrative fact nominated; not compared for retention against the current 49.,False,local_source_copy_matched,d4cb69c702eab67973eff95fbbc0f29d6637a02a9b0a5bfdd18f29ae80ae3c9e,False,,,RQ1;RQ2;RQ3;RQ4;RQ5,RQ1.interaction.I09_visual_configuration;RQ1.interaction.I10_reuse_history;RQ1.representation_role.unspecified;RQ1.visualisation.V01_node_link;RQ1.visualisation.V02_outline_tree;RQ2.guidance.G10_orientation_feedback;RQ2.interaction.I10_reuse_history;RQ3.access.A01_endpoint_query;RQ3.access.A05_file_input;RQ3.data_model.B01_rdf;RQ3.missing.implementation_engines;RQ3.missing.query_languages;RQ3.scalability.S05_strategy_only;RQ4.evaluation.E01_demonstration;RQ4.missing.study_entries;RQ5.identity_status.not_established;RQ5.identity_status.scoped_match;RQ5.provenance.full_report_read;RQ5.publication_version.not_recorded;RQ5.report_evaluation_limitations.text_recorded;RQ5.report_limitations.no_entry_recorded;RQ5.resource_role.application_source;RQ5.resource_role.video;RQ5.resource_verification.historical_version_equivalence_verified.not_recorded;RQ5.resource_verification.license_verified.not_recorded;RQ5.resource_verification.source_build_verified.not_recorded;RQ5.resource_verification.working_demo_verified.not_recorded,V3-00810-EV-030ec6bba669d474;V3-00810-EV-efdcf52a9f82564c;V3-00810-EV-ad8021ff72b8310d;V3-00810-EV-90eb0032868866e7;V3-00810-EV-416f2f7f4a715521;V3-00810-EV-51a343045f257eb4;V3-00810-EV-ef8d8e3901535db8;V3-00810-EV-f421e285f433a83e;V3-00810-EV-6a076285f64096b0;V3-00810-EV-06481179637f82c8;V3-00810-EV-6d7d6f1eff10ffab,0,not_performed
V3-00811,not_selected_current_unresolved,No current illustrative fact nominated; not compared for retention against the current 49.,False,local_source_copy_matched,993a43712944193f990ab87363c00a666e707a4252f74377680df06df8572eab,False,,,RQ1;RQ2;RQ3;RQ4;RQ5,RQ1.interaction.I01_entity_navigation;RQ1.interaction.I02_faceted_filtering;RQ1.interaction.I10_reuse_history;RQ1.representation_role.unspecified;RQ1.visualisation.V03_table_list;RQ2.guidance.G01_valid_next_step;RQ2.guidance.G02_lexical_completion;RQ2.guidance.G10_orientation_feedback;RQ2.interaction.I10_reuse_history;RQ3.missing.access;RQ3.missing.data_model;RQ3.missing.implementation_engines;RQ3.missing.query_languages;RQ3.scalability.S03_reported_data_scale;RQ4.evaluation.E01_demonstration;RQ4.evaluation.E02_case_study;RQ4.study_design.E01_demonstration;RQ4.study_design.E02_case_study;RQ5.identity_status.scoped_match;RQ5.provenance.partial_report_read;RQ5.publication_version.not_recorded;RQ5.report_evaluation_limitations.text_recorded;RQ5.report_limitations.no_entry_recorded;RQ5.resource_role.application_source;RQ5.resource_role.demo;RQ5.resource_verification.historical_version_equivalence_verified.not_recorded;RQ5.resource_verification.license_verified.not_recorded;RQ5.resource_verification.source_build_verified.not_recorded;RQ5.resource_verification.working_demo_verified.not_recorded,V3-00811-EV-045ddcbf30b3b5f6;V3-00811-EV-c6349a8ba15f4fad;V3-00811-EV-ad9fab27b0ea6227;V3-00811-EV-7286727c82cb65b1;V3-00811-EV-47252a84c37d4655;V3-00811-EV-c8b73845203f9317;V3-00811-EV-3af73a490dc43928;V3-00811-EV-1a1a1def29060b71;V3-00811-EV-0b39f607b890d692;V3-00811-EV-b4a91eabacc0fae5;V3-00811-EV-2d2c648ca34a1c8c;V3-00811-EV-f6974ddeec7e4ecb;V3-00811-EV-0a28091d1d222ac5,1,not_performed
V3-00815,not_selected_current_unresolved,No current illustrative fact nominated; not compared for retention against the current 49.,False,local_source_copy_matched,5b74aa3d9cecf4fccd1bb39346b989353af6eb219d572996db9e5848c05589f4,False,,,RQ1;RQ2;RQ3;RQ4;RQ5,RQ1.interaction.I01_entity_navigation;RQ1.interaction.I03_visual_query;RQ1.interaction.I10_reuse_history;RQ1.representation_role.unspecified;RQ1.visualisation.V03_table_list;RQ2.guidance.G01_valid_next_step;RQ2.guidance.G06_context_explanation;RQ2.interaction.I10_reuse_history;RQ3.access.A01_endpoint_query;RQ3.access.A02_uri_dereference;RQ3.data_model.B01_rdf;RQ3.missing.implementation_engines;RQ3.missing.query_languages;RQ3.scalability.S03_reported_data_scale;RQ3.scalability.S05_strategy_only;RQ4.evaluation.E01_demonstration;RQ4.evaluation.E02_case_study;RQ4.evaluation.E08_deployment;RQ4.missing.study_entries;RQ5.identity_status.scoped_match;RQ5.provenance.full_report_read;RQ5.publication_version.not_recorded;RQ5.report_evaluation_limitations.text_recorded;RQ5.report_limitations.no_entry_recorded;RQ5.resource_role.documentation;RQ5.resource_verification.historical_version_equivalence_verified.not_recorded;RQ5.resource_verification.license_verified.not_recorded;RQ5.resource_verification.source_build_verified.not_recorded;RQ5.resource_verification.working_demo_verified.not_recorded,V3-00815-EV-e270f8bc260c0c45;V3-00815-EV-5c038b739ec83041;V3-00815-EV-604d220d56183de2;V3-00815-EV-f5a806a2b61ed753;V3-00815-EV-5590046da8394941;V3-00815-EV-66458cb8a85b8e4f;V3-00815-EV-4c28134dfb1d568d;V3-00815-EV-f59ec964ebe4c3d4;V3-00815-EV-a27bf171a921960d;V3-00815-EV-7bbd501cb401a70d;V3-00815-EV-d424c74b562092de;V3-00815-EV-8a47c5e227f52d9f;V3-00815-EV-9a9a470bbe78c2dd;V3-00815-EV-71e1e35226db8da5;V3-00815-EV-e696f4710d734157,0,not_performed
V3-00830,not_selected_current_unresolved,No current illustrative fact nominated; not compared for retention against the current 49.,False,local_source_copy_matched,dc9f20c6f5540909bfc0b1b8d1201d2fbe3345812273400adba5b0ee3ed64965,False,,,RQ1;RQ2;RQ3;RQ4;RQ5,RQ1.interaction.I04_text_query;RQ1.representation_role.unspecified;RQ1.visualisation.V03_table_list;RQ1.visualisation.V09_text_document;RQ2.guidance.G02_lexical_completion;RQ2.guidance.G03_semantic_ranking;RQ2.guidance.G05_template_entry;RQ3.access.A01_endpoint_query;RQ3.data_model.B01_rdf;RQ3.implementation_engines.ANTLR4/linegraph clustering;RQ3.query_languages.SPARQL;RQ3.scalability.S03_reported_data_scale;RQ4.evaluation.E02_case_study;RQ4.evaluation.E05_comparative_user;RQ4.evaluation.E06_offline_accuracy;RQ4.evaluation.E10_contextual_needs;RQ4.study_design.E02_case_study;RQ4.study_design.E05_comparative_user;RQ4.study_design.E06_offline_accuracy;RQ4.study_design.E10_contextual_needs;RQ5.identity_status.not_established;RQ5.identity_status.scoped_match;RQ5.provenance.partial_report_read;RQ5.publication_version.recorded;RQ5.report_evaluation_limitations.text_recorded;RQ5.report_limitations.no_entry_recorded;RQ5.resource_role.other;RQ5.resource_verification.historical_version_equivalence_verified.not_recorded;RQ5.resource_verification.license_verified.not_recorded;RQ5.resource_verification.source_build_verified.not_recorded;RQ5.resource_verification.working_demo_verified.not_recorded,V3-00830-EV-33c994637f58936e;V3-00830-EV-fccce572efac61e8;V3-00830-EV-d51683c6e4b9bec1;V3-00830-EV-1bf226265310b465;V3-00830-EV-d37445c1f82f3273;V3-00830-EV-af026b8fb17df48b;V3-00830-EV-5a25c467a09db1df;V3-00830-EV-63a76fc2714b8107;V3-00830-EV-3963fffe16d7518c;V3-00830-EV-a2b853fe5b077a8b;V3-00830-EV-5d6e86ebac19cdf6;V3-00830-EV-4972c9aee1e84dff;V3-00830-EV-c409bc45448ad636;V3-00830-EV-7c32f0cf9ef28aaf;V3-00830-EV-afb51e76301803d9;V3-00830-EV-65960b26bf3aeb77;V3-00830-EV-957f9154f2d1e978;V3-00830-EV-b151c19d3e999ad8;V3-00830-EV-bc5852f2f96e3270;V3-00830-EV-aa95f30e10025720;V3-00830-EV-45986487b44c7033;V3-00830-EV-598a7f4d60274bb3;V3-00830-EV-c38feff97928ee7d;V3-00830-EV-f2a666edc6ffa632;V3-00830-EV-4437949d34c22910;V3-00830-EV-93d11c908b668457;V3-00830-EV-b2d4de447e200a11;V3-00830-EV-7e4e6a65ec83b215;V3-00830-EV-f310f09c9f521f09;V3-00830-EV-ff4d1afcabdf64d7;V3-00830-EV-f60e7cd6b97b6c37;V3-00830-EV-f950ec366f4fa01c;V3-00830-EV-62d65777ab72bb33;V3-00830-EV-f6250626252b626e;V3-00830-EV-1a05bd346fc0c5c7;V3-00830-EV-37ad587574ed5545;V3-00830-EV-db9045eeb0a5e5a5;V3-00830-EV-33c8d57e3862ee30;V3-00830-EV-f5546c6e80b8bf4d;V3-00830-EV-6759b1d8a4e2402e;V3-00830-EV-6abf8719a4454e46;V3-00830-EV-400f8b2424f05a64;V3-00830-EV-6bf9c61bccafd25c;V3-00830-EV-fa894176521ca9c9;V3-00830-EV-7547b9ea65758d1d;V3-00830-EV-2667854e48b51dca;V3-00830-EV-36c71914195164a0;V3-00830-EV-40bc24494b81e076;V3-00830-EV-828431952ab48ba3;V3-00830-EV-635a4cf799a898bb;V3-00830-EV-bbeb9221ed2fa049;V3-00830-EV-a481c3f0dfe9bcfb;V3-00830-EV-c0d88028161eee07;V3-00830-EV-6731a0aed03a7efd;V3-00830-EV-f9dd6c2e6ef8bc2d;V3-00830-EV-635c6f0be813a30b;V3-00830-EV-38ab0ef0eeb06f10,4,not_performed
V3-00832,not_selected_current_unresolved,No current illustrative fact nominated; not compared for retention against the current 49.,False,local_source_copy_matched,310001958714ee4ce68d5f37eb2ac255c44b50b66eea85881fc7a322451c2139,False,,,RQ1;RQ2;RQ3;RQ4;RQ5,RQ1.interaction.I02_faceted_filtering;RQ1.interaction.I05_controlled_language;RQ1.representation_role.unspecified;RQ1.visualisation.V03_table_list;RQ2.guidance.G02_lexical_completion;RQ2.guidance.G03_semantic_ranking;RQ2.guidance.G04_query_expansion_relaxation;RQ3.access.A06_projection_cache;RQ3.data_model.B01_rdf;RQ3.implementation_engines.jQuery Tokeninput/Dandelion;RQ3.missing.query_languages;RQ3.scalability.S03_reported_data_scale;RQ4.evaluation.E05_comparative_user;RQ4.study_design.E05_comparative_user;RQ5.missing.resource_entries;RQ5.provenance.partial_report_read;RQ5.publication_version.recorded;RQ5.report_evaluation_limitations.text_recorded;RQ5.report_limitations.no_entry_recorded,V3-00832-EV-02f853b24a9508df;V3-00832-EV-4fbfc7b920954a7d;V3-00832-EV-68f6a75249186039;V3-00832-EV-ad72dd3b9b2ce6f6;V3-00832-EV-62c2ac8ecc523b99;V3-00832-EV-a52504028c444974;V3-00832-EV-59d2d2e22c8f939a;V3-00832-EV-62cc697c6f36be45;V3-00832-EV-2e0f8a6b79b4c37d;V3-00832-EV-1ccccb94d52c5257;V3-00832-EV-c750f5bbdc8c20d0;V3-00832-EV-e11ed1838e07b9ab;V3-00832-EV-96c5741abaf7137c;V3-00832-EV-fc58e4bd8a141eb4;V3-00832-EV-9eb5804687c5e3b8;V3-00832-EV-2ae3878b9ffcea95;V3-00832-EV-8c0e805b0c059bd4;V3-00832-EV-e91035c3ff26f6ca;V3-00832-EV-7deae691701aa8f5;V3-00832-EV-2e082b632f0ba60b;V3-00832-EV-db0eca96a4748afd;V3-00832-EV-831190925ac813e1;V3-00832-EV-1a8af22d46e53d3d;V3-00832-EV-46d93c8576ce6d6c;V3-00832-EV-97f7fac9260e2aaf;V3-00832-EV-1c5d40a841f2a6a9;V3-00832-EV-24563f0e2263c10a;V3-00832-EV-a7f3cda600fab1aa;V3-00832-EV-73a5d89e605d0694;V3-00832-EV-2caa376a1f13ac35;V3-00832-EV-7aa1f779e92603e6;V3-00832-EV-0aa7ed607e6f738e;V3-00832-EV-55451443d4fa9567;V3-00832-EV-3ab7e447404cee44;V3-00832-EV-3f91134bced61995;V3-00832-EV-58a13149933fc62a;V3-00832-EV-7d345e21b02d1d33;V3-00832-EV-4a6a448d475db718;V3-00832-EV-d1bf572d7616d78f;V3-00832-EV-22999430764844ee;V3-00832-EV-11c9ac0a950994bb;V3-00832-EV-5391dd1c06a9a04c;V3-00832-EV-6547e2fb3dbf00b0;V3-00832-EV-e7f4653ee98f1331,1,not_performed
V3-00842,not_selected_current_unresolved,No current illustrative fact nominated; not compared for retention against the current 49.,False,local_source_copy_matched,9e7d41fb268dec5e9de81d862d3983bcfcea42c48ecd4a6761bd12597e7f9c07,False,,,RQ1;RQ2;RQ3;RQ4;RQ5,RQ1.interaction.I02_faceted_filtering;RQ1.interaction.I03_visual_query;RQ1.representation_role.unspecified;RQ1.visualisation.V03_table_list;RQ2.guidance.G01_valid_next_step;RQ2.guidance.G04_query_expansion_relaxation;RQ2.guidance.G10_orientation_feedback;RQ3.access.A01_endpoint_query;RQ3.access.A03_local_store;RQ3.data_model.B01_rdf;RQ3.missing.implementation_engines;RQ3.missing.query_languages;RQ3.scalability.S03_reported_data_scale;RQ3.scalability.S05_strategy_only;RQ4.evaluation.E01_demonstration;RQ4.evaluation.E02_case_study;RQ4.evaluation.E08_deployment;RQ4.missing.study_entries;RQ5.identity_status.not_established;RQ5.provenance.full_report_read;RQ5.publication_version.not_recorded;RQ5.report_evaluation_limitations.text_recorded;RQ5.report_limitations.no_entry_recorded;RQ5.resource_role.other;RQ5.resource_verification.historical_version_equivalence_verified.not_recorded;RQ5.resource_verification.license_verified.not_recorded;RQ5.resource_verification.source_build_verified.not_recorded;RQ5.resource_verification.working_demo_verified.not_recorded,V3-00842-EV-675bf02c2e757eae;V3-00842-EV-8be5173cbb519231;V3-00842-EV-517ebad591ce8bf5;V3-00842-EV-0e09fababbe64f29;V3-00842-EV-6711261dae1f6e02;V3-00842-EV-d8fc475765679329;V3-00842-EV-7173fe59bd7c5ea0;V3-00842-EV-0b29ee66ecd96ac4;V3-00842-EV-f4e3c82cdb7a47c9;V3-00842-EV-9cbb2e65afee5fc4;V3-00842-EV-7a1b67b9f21aebaa;V3-00842-EV-98354806e4c4419a;V3-00842-EV-f647c62ed00cb66a;V3-00842-EV-d4b24f7dfc894672;V3-00842-EV-549190f413aa2de8;V3-00842-EV-c6c64d3bfba82384;V3-00842-EV-766204dc21998f03,0,not_performed
V3-00940,not_selected_current_unresolved,No current illustrative fact nominated; not compared for retention against the current 49.,False,local_source_copy_matched,bbb86a8018c1b65f107372f50c5530dbf991dd4cdb7193097e2e8634a53457eb,False,,,RQ1;RQ2;RQ3;RQ4;RQ5,RQ1.interaction.I01_entity_navigation;RQ1.representation_role.unspecified;RQ1.visualisation.V03_table_list;RQ1.visualisation.V09_text_document;RQ2.guidance.G03_semantic_ranking;RQ2.guidance.G05_template_entry;RQ3.access.A06_projection_cache;RQ3.data_model.B01_rdf;RQ3.missing.implementation_engines;RQ3.query_languages.SPARQL;RQ3.scalability.S03_reported_data_scale;RQ4.evaluation.E04_single_system_user;RQ4.evaluation.E10_contextual_needs;RQ4.study_design.E04_single_system_user;RQ4.study_design.E10_contextual_needs;RQ5.identity_status.scoped_match;RQ5.provenance.partial_report_read;RQ5.publication_version.recorded;RQ5.report_evaluation_limitations.text_recorded;RQ5.report_limitations.no_entry_recorded;RQ5.resource_role.application_source;RQ5.resource_verification.historical_version_equivalence_verified.not_recorded;RQ5.resource_verification.license_verified.not_recorded;RQ5.resource_verification.source_build_verified.not_recorded;RQ5.resource_verification.working_demo_verified.not_recorded,V3-00940-EV-2496d82d5974ca29;V3-00940-EV-0249a031ef7cef98;V3-00940-EV-cc7cb2e271485b2d;V3-00940-EV-45b3889bf41b4488;V3-00940-EV-07ea35c43c48a6d5;V3-00940-EV-f3ce865ee407fe16;V3-00940-EV-2ac68c3efe00386a;V3-00940-EV-263934f5c9037696;V3-00940-EV-15ec20c7ea992290;V3-00940-EV-6afcb58575b4aaf8;V3-00940-EV-e6983e6df3f927ee;V3-00940-EV-40317117b7ea6bf8;V3-00940-EV-824cee0cbf1f6d39;V3-00940-EV-8f6691575e4d1d54;V3-00940-EV-d91d9e50a31a1ef4;V3-00940-EV-d01fb840b398b0c8;V3-00940-EV-312c1018d7d7a585;V3-00940-EV-74498bbb62aa60df;V3-00940-EV-804933a4df83540e;V3-00940-EV-c9c0726333a3a1df;V3-00940-EV-fa727b221363221b;V3-00940-EV-bc1603b325aaf1c8;V3-00940-EV-5d261f1bf189b079;V3-00940-EV-e6e45eedd7640275;V3-00940-EV-5f0bec473ac65a0b;V3-00940-EV-00de00b29e61a3bd;V3-00940-EV-b17b04f9e75afbdd;V3-00940-EV-c1d2de2072be80ad;V3-00940-EV-c9a89a5136202bb0;V3-00940-EV-a996172acaaa7475;V3-00940-EV-e6b5e9cd0b0a4861;V3-00940-EV-f5d4206e8f4d04d1;V3-00940-EV-6a97456e5276172e;V3-00940-EV-e3a4caa6acbead3c;V3-00940-EV-b72ba73de75e5b9c;V3-00940-EV-e1285694b6f6d1f4;V3-00940-EV-430ba1edea280d24;V3-00940-EV-e1715f66b2f8fd53;V3-00940-EV-5a1fe65f2e4dd76d;V3-00940-EV-ccb7326f0ecf04be;V3-00940-EV-eeb21e1c190a9ce4;V3-00940-EV-81cfa22e51c26ed5;V3-00940-EV-7838136d68f77491;V3-00940-EV-71d920407b1dfcf2;V3-00940-EV-8f47afb63289cef4;V3-00940-EV-aadec66de3041661;V3-00940-EV-f9555e894c31af94;V3-00940-EV-7baebfe2d5a57b05;V3-00940-EV-d6f27c6ce8cfcf05;V3-00940-EV-ad96ffd72a6899b3;V3-00940-EV-df2354a8f35ee19d;V3-00940-EV-094b3af8b9b5257c;V3-00940-EV-a4b7ffdb37afff29;V3-00940-EV-555465cbd16ef51c;V3-00940-EV-4590dbebd5852681;V3-00940-EV-d7b99e34d6213fa9;V3-00940-EV-2aa2eae70f273339;V3-00940-EV-05ed7040b97b3b7e,2,not_performed
V3-00949,retained_current_illustration_scoped,,True,local_source_copy_matched,4a9c948af0409ed4fe8fd27ed992755a7c74318be9866f55675c66d41fb0e04a,True,ILL-V3-00949-01,principal;boundary,RQ1;RQ2;RQ3;RQ4;RQ5,RQ1.interaction.I01_entity_navigation;RQ1.interaction.I09_visual_configuration;RQ1.interaction.I10_reuse_history;RQ1.representation_role.unspecified;RQ1.visualisation.V02_outline_tree;RQ1.visualisation.V03_table_list;RQ1.visualisation.V09_text_document;RQ1.visualisation.V11_coordinated_views;RQ2.guidance.G03_semantic_ranking;RQ2.guidance.G06_context_explanation;RQ2.guidance.G08_personalisation;RQ2.guidance.G10_orientation_feedback;RQ2.interaction.I10_reuse_history;RQ3.access.A01_endpoint_query;RQ3.access.A03_local_store;RQ3.access.A06_projection_cache;RQ3.data_model.B01_rdf;RQ3.data_model.B02_property_graph;RQ3.data_model.B05_mixed_models;RQ3.missing.implementation_engines;RQ3.missing.query_languages;RQ3.scalability.S04_reported_visual_scale;RQ3.scalability.S05_strategy_only;RQ4.evaluation.E03_formative_user;RQ4.evaluation.E04_single_system_user;RQ4.study_design.E03_formative_user;RQ4.study_design.E04_single_system_user;RQ5.identity_status.not_established;RQ5.identity_status.scoped_match;RQ5.provenance.full_report_read;RQ5.publication_version.not_recorded;RQ5.report_evaluation_limitations.text_recorded;RQ5.report_limitations.no_entry_recorded;RQ5.resource_role.application_source;RQ5.resource_role.other;RQ5.resource_verification.historical_version_equivalence_verified.not_recorded;RQ5.resource_verification.license_verified.not_recorded;RQ5.resource_verification.source_build_verified.not_recorded;RQ5.resource_verification.working_demo_verified.not_recorded,V3-00949-EV-fad0e5afefe571c9;V3-00949-EV-03f80f3edbc82ac5;V3-00949-EV-72c0fe6fea72b821;V3-00949-EV-bc16de5e4f17c7fa;V3-00949-EV-4615400f728f1fd1;V3-00949-EV-50c175cf563ffb2e;V3-00949-EV-5b23f9e019f93d3a;V3-00949-EV-244e76e35da08acb;V3-00949-EV-039e01e469f843ee;V3-00949-EV-c12d2583bdf0714a;V3-00949-EV-8ed303e13016d758;V3-00949-EV-e880dca41b796a83;V3-00949-EV-4fdebc9e52a58ff0;V3-00949-EV-9587a9aca4c44ad7;V3-00949-EV-dbf134a7f7fa2add;V3-00949-EV-24d19ef825d3f978;V3-00949-EV-6defb1f3ea2a5310;V3-00949-EV-280477a0bff42e2e;V3-00949-EV-40d71d7cd5ba82bf;V3-00949-EV-947ef79a9d9d4fef;V3-00949-EV-86c41480d1988d06;V3-00949-EV-9de5fa0e043553f8;V3-00949-EV-78cab917b29302ca;V3-00949-EV-1649af932cba607d,2,not_performed
V3-00950,not_selected_current_unresolved,No current illustrative fact nominated; not compared for retention against the current 49.,False,local_source_copy_matched,c3eb53c9019fe75c7a48bb0bf9476e5408287e17d9e718351285826af071f830,False,,,RQ1;RQ2;RQ3;RQ4;RQ5,RQ1.interaction.I01_entity_navigation;RQ1.interaction.I02_faceted_filtering;RQ1.representation_role.unspecified;RQ1.visualisation.V02_outline_tree;RQ1.visualisation.V03_table_list;RQ1.visualisation.V09_text_document;RQ2.guidance.G01_valid_next_step;RQ2.guidance.G10_orientation_feedback;RQ3.access.A03_local_store;RQ3.access.A06_projection_cache;RQ3.data_model.B01_rdf;RQ3.implementation_engines.Lucene;RQ3.implementation_engines.RDFox;RQ3.query_languages.SPARQL;RQ3.scalability.S01_measured_runtime;RQ3.scalability.S03_reported_data_scale;RQ3.scalability.S05_strategy_only;RQ4.evaluation.E04_single_system_user;RQ4.evaluation.E07_performance;RQ4.evaluation.E09_formal_analysis;RQ4.missing.study_entries;RQ5.identity_status.scoped_match;RQ5.provenance.full_report_read;RQ5.publication_version.recorded;RQ5.report_evaluation_limitations.text_recorded;RQ5.report_limitations.no_entry_recorded;RQ5.resource_role.documentation;RQ5.resource_verification.historical_version_equivalence_verified.not_recorded;RQ5.resource_verification.license_verified.not_recorded;RQ5.resource_verification.source_build_verified.not_recorded;RQ5.resource_verification.working_demo_verified.not_recorded,V3-00950-EV-c48acaf9e64d8cee;V3-00950-EV-a7bb4ed3abeb38a8;V3-00950-EV-8f2aff89f29764eb;V3-00950-EV-3a9361deece7fc3e;V3-00950-EV-8d8efbe4b4b7c120;V3-00950-EV-964d1e701c7277f3;V3-00950-EV-281cee940d054084;V3-00950-EV-7aaec2a79225b902;V3-00950-EV-a0ec8504aa20ed12;V3-00950-EV-945bdae85f2ac6d4;V3-00950-EV-6261eb56d24efb7a;V3-00950-EV-07a60d04c75feba2;V3-00950-EV-e789098210fb0762;V3-00950-EV-f7f8122c4aba1ad7;V3-00950-EV-0b2369407c5bcf11;V3-00950-EV-0aa66ba6aec9ad6b;V3-00950-EV-7bd26ef90ddffe87;V3-00950-EV-fad40c9330925274;V3-00950-EV-0ff0351348752350;V3-00950-EV-8a45ade481c9d773;V3-00950-EV-de1e0e288791f5f0,0,not_performed
V3-01012,not_selected_current_unresolved,No current illustrative fact nominated; not compared for retention against the current 49.,False,local_source_copy_matched,b483c4a24f9d3f77bc0073e69aea870753a2d53f010ffa9aa6d4687e2a156ca9,False,,,RQ1;RQ2;RQ3;RQ4;RQ5,RQ1.interaction.I01_entity_navigation;RQ1.interaction.I02_faceted_filtering;RQ1.interaction.I03_visual_query;RQ1.interaction.I09_visual_configuration;RQ1.representation_role.unspecified;RQ1.visualisation.V01_node_link;RQ1.visualisation.V03_table_list;RQ1.visualisation.V09_text_document;RQ1.visualisation.V11_coordinated_views;RQ2.guidance.G02_lexical_completion;RQ2.guidance.G05_template_entry;RQ2.guidance.G06_context_explanation;RQ3.access.A03_local_store;RQ3.access.A06_projection_cache;RQ3.data_model.B02_property_graph;RQ3.implementation_engines.Docker;RQ3.implementation_engines.Neo4j/Flask/py2neo;RQ3.implementation_engines.React/Cytoscape.js;RQ3.query_languages.Cypher;RQ3.scalability.S03_reported_data_scale;RQ3.scalability.S05_strategy_only;RQ4.evaluation.E01_demonstration;RQ4.evaluation.E02_case_study;RQ4.study_design.E01_demonstration;RQ4.study_design.E02_case_study;RQ5.identity_status.not_established;RQ5.identity_status.scoped_match;RQ5.provenance.partial_report_read;RQ5.publication_version.recorded;RQ5.report_evaluation_limitations.text_recorded;RQ5.report_limitations.no_entry_recorded;RQ5.resource_role.application_source;RQ5.resource_role.demo;RQ5.resource_role.other;RQ5.resource_verification.historical_version_equivalence_verified.not_recorded;RQ5.resource_verification.license_verified.not_recorded;RQ5.resource_verification.source_build_verified.not_recorded;RQ5.resource_verification.working_demo_verified.not_recorded,V3-01012-EV-28bb4ea289f9845f;V3-01012-EV-a8cbdbc80a1fb3e6;V3-01012-EV-b7a5146c7d8b2e4e;V3-01012-EV-e17f04f329f5c632;V3-01012-EV-25a17e89d476c0f9;V3-01012-EV-ac9c951d52f00418;V3-01012-EV-8854fff27765f8fb;V3-01012-EV-1efeeddc87c3f437;V3-01012-EV-2b15088e111f2488;V3-01012-EV-196c01fe28193439;V3-01012-EV-39b34c6e9fd770d6;V3-01012-EV-79dee9bd26d84ea3;V3-01012-EV-100aaa482ae04cc2;V3-01012-EV-450a21a9234ce1e7;V3-01012-EV-270fa99d7a9c65ce;V3-01012-EV-1fc8f76730b76e58;V3-01012-EV-bd95f3371d5f0326;V3-01012-EV-07e7adb3a623fdd7;V3-01012-EV-6f2d27d1e9feb021;V3-01012-EV-0bbb695b5c091069;V3-01012-EV-8bbd304b886242d9;V3-01012-EV-d2a8b0ccc420dc9e;V3-01012-EV-89c79f2a61a441ed;V3-01012-EV-dfe74a8e8a435808;V3-01012-EV-ba4c5aa7c4bcf7b2;V3-01012-EV-1f30ed81a1238c08;V3-01012-EV-18b2e57da86ee8c3;V3-01012-EV-48737044885a9547;V3-01012-EV-84d95db21c841b4e;V3-01012-EV-56f92429e913d2ff;V3-01012-EV-e350560aa9f63e89;V3-01012-EV-5b57f0ccc3f4b8cd;V3-01012-EV-8c9d19efbe20a139;V3-01012-EV-48635922014a59c4;V3-01012-EV-28fb28b18ceb3344;V3-01012-EV-755d607d76eb2d44;V3-01012-EV-0d12aaa7f5c7dbf2;V3-01012-EV-a175f7820be12ea7;V3-01012-EV-2d12b2b4c2a96790;V3-01012-EV-ec01a82bdae0ede4;V3-01012-EV-9c6c0285a7f3adab;V3-01012-EV-17e88f7959f9fc2b;V3-01012-EV-09d6b6cbd8a99013;V3-01012-EV-71d469a8b292d28d;V3-01012-EV-79056aa895cf0c9d;V3-01012-EV-0e71972a817fd848;V3-01012-EV-21745783059e670f;V3-01012-EV-a0806176c1185083;V3-01012-EV-3089e6f479eed8e7;V3-01012-EV-24e81af84ba1a3c3;V3-01012-EV-854befd008d62caf;V3-01012-EV-c8b1eb948177a231;V3-01012-EV-59233c6db0cd83ee;V3-01012-EV-c896478d19970ef5;V3-01012-EV-462448edb31188a9;V3-01012-EV-9f6968585d7c0e7c;V3-01012-EV-fd41e9cca01404a2;V3-01012-EV-0b2ed7bf8faf2220;V3-01012-EV-7a8986458de274ea;V3-01012-EV-f04fb1177d56ea27;V3-01012-EV-aff8398004be4aa8;V3-01012-EV-98bde7b91b904280;V3-01012-EV-c7d1bab62a669684;V3-01012-EV-f5cef81c9b9fb20d;V3-01012-EV-916b882f880cf2b4;V3-01012-EV-4056f674b6dc5b04;V3-01012-EV-e48b620eef4b02b5;V3-01012-EV-f4c814f831997cb5;V3-01012-EV-e3ae06f97d9d8089;V3-01012-EV-359a7f2f15d6e6ca;V3-01012-EV-fb7cd39ed471f375;V3-01012-EV-ab3ccbbd3abb2f2c;V3-01012-EV-8085cf240d9fd436;V3-01012-EV-1ec05c3373c2b845;V3-01012-EV-0bb32538b8cb76d6;V3-01012-EV-009c7b4496d03150;V3-01012-EV-6484d14336637020,2,not_performed
V3-01013,retained_current_illustration_scoped,,True,local_source_copy_matched,4a9c948af0409ed4fe8fd27ed992755a7c74318be9866f55675c66d41fb0e04a,True,ILL-V3-01013-01,contrasting;boundary,RQ1;RQ2;RQ3;RQ4;RQ5,RQ1.interaction.I03_visual_query;RQ1.interaction.I04_text_query;RQ1.interaction.I10_reuse_history;RQ1.representation_role.unspecified;RQ1.visualisation.V01_node_link;RQ1.visualisation.V03_table_list;RQ1.visualisation.V09_text_document;RQ2.guidance.G01_valid_next_step;RQ2.guidance.G02_lexical_completion;RQ2.guidance.G06_context_explanation;RQ2.guidance.G10_orientation_feedback;RQ2.interaction.I10_reuse_history;RQ3.access.A01_endpoint_query;RQ3.access.A03_local_store;RQ3.access.A06_projection_cache;RQ3.data_model.B01_rdf;RQ3.missing.implementation_engines;RQ3.missing.query_languages;RQ3.scalability.S03_reported_data_scale;RQ3.scalability.S05_strategy_only;RQ4.evaluation.E04_single_system_user;RQ4.evaluation.E06_offline_accuracy;RQ4.study_design.E04_single_system_user;RQ4.study_design.E06_offline_accuracy;RQ5.identity_status.scoped_match;RQ5.provenance.full_report_read;RQ5.publication_version.not_recorded;RQ5.report_evaluation_limitations.text_recorded;RQ5.report_limitations.no_entry_recorded;RQ5.resource_role.endpoint;RQ5.resource_role.other;RQ5.resource_verification.historical_version_equivalence_verified.not_recorded;RQ5.resource_verification.license_verified.not_recorded;RQ5.resource_verification.source_build_verified.not_recorded;RQ5.resource_verification.working_demo_verified.not_recorded,V3-01013-EV-6c5aa4fa10e54b2a;V3-01013-EV-e28fa81114af31a0;V3-01013-EV-6ca2ef03f020d015;V3-01013-EV-a3349a5ba2fadefd;V3-01013-EV-a0beb1d6de70eb79;V3-01013-EV-c1168063a0e1345f;V3-01013-EV-f804b69e53477a90;V3-01013-EV-82227c8388ccb887;V3-01013-EV-a6bd2f8978d42928;V3-01013-EV-2c590d58f8690725;V3-01013-EV-5fbe6c635535e5d8;V3-01013-EV-adc266e9b590cb37;V3-01013-EV-a9364fbdb529e7cb;V3-01013-EV-0dc1c804b7e472a5;V3-01013-EV-6725eb2eb8525f29;V3-01013-EV-27156d5ac25fcfe4;V3-01013-EV-8f6ebb09f784ab99;V3-01013-EV-c6d59ccb93c961cf;V3-01013-EV-6d12c351c1fa4ed0;V3-01013-EV-ea90dd3d9bee2304;V3-01013-EV-0d5055c796617929;V3-01013-EV-a8c9448a5fae15fd,2,not_performed
V3-01014,retained_current_illustration_scoped,,True,local_source_copy_matched,f71aa12ff212c149a3bc443dc4ab7a38e4a83c52fb9ef5bd5248a4311044003d,True,ILL-V3-01014-01,principal;contrasting,RQ1;RQ2;RQ3;RQ4;RQ5,RQ1.interaction.I01_entity_navigation;RQ1.interaction.I03_visual_query;RQ1.representation_role.unspecified;RQ1.visualisation.V03_table_list;RQ2.guidance.G10_orientation_feedback;RQ3.access.A03_local_store;RQ3.data_model.B01_rdf;RQ3.implementation_engines.Local RDF store;RQ3.missing.query_languages;RQ3.missing.scalability;RQ4.evaluation.E03_formative_user;RQ4.evaluation.E04_single_system_user;RQ4.missing.study_design_codes;RQ5.identity_status.not_established;RQ5.provenance.source_evidence_extracted;RQ5.publication_version.not_recorded;RQ5.report_evaluation_limitations.text_recorded;RQ5.report_limitations.no_entry_recorded;RQ5.resource_role.other;RQ5.resource_verification.historical_version_equivalence_verified.not_recorded;RQ5.resource_verification.license_verified.not_recorded;RQ5.resource_verification.source_build_verified.not_recorded;RQ5.resource_verification.working_demo_verified.not_recorded,V3-01014-EV-72090370d6e32d06;V3-01014-EV-3c58ea24044d9765;V3-01014-EV-8744f7616ffa4645;V3-01014-EV-0820cd5d33295874;V3-01014-EV-16cf6f8362d6bdde;V3-01014-EV-7574005697c66432;V3-01014-EV-f8264415a7f7b7ba;V3-01014-EV-cadb8feb62d6b805;V3-01014-EV-90ac847cdef58b23;V3-01014-EV-d2e781ae711ffb19;V3-01014-EV-ec55f2e872899988,2,not_performed
V3-01024,not_selected_current_unresolved,No current illustrative fact nominated; not compared for retention against the current 49.,False,local_source_copy_matched,954bfa9979c7c18a5075860ca4cdcfef4ccd1216d18bf0d943a814f96753d409,False,,,RQ1;RQ2;RQ3;RQ4;RQ5,RQ1.interaction.I01_entity_navigation;RQ1.interaction.I09_visual_configuration;RQ1.representation_role.unspecified;RQ1.visualisation.V01_node_link;RQ2.guidance.G06_context_explanation;RQ2.guidance.G10_orientation_feedback;RQ3.access.A01_endpoint_query;RQ3.access.A03_local_store;RQ3.data_model.B01_rdf;RQ3.implementation_engines.BlazeGraph;RQ3.implementation_engines.Java/custom evaluator;RQ3.query_languages.SPARQL;RQ3.query_languages.other_explicitly_attested;RQ3.scalability.S01_measured_runtime;RQ3.scalability.S03_reported_data_scale;RQ4.evaluation.E07_performance;RQ4.evaluation.E09_formal_analysis;RQ4.study_design.E07_performance;RQ4.study_design.E09_formal_analysis;RQ5.missing.resource_entries;RQ5.provenance.partial_report_read;RQ5.publication_version.recorded;RQ5.report_evaluation_limitations.text_recorded;RQ5.report_limitations.no_entry_recorded,V3-01024-EV-e70eee2e36ecdea4;V3-01024-EV-fbb288d691027692;V3-01024-EV-d5e3a4d712439226;V3-01024-EV-97a9e904a85c6f77;V3-01024-EV-a64d8073725847e9;V3-01024-EV-7d60c89b10ee0ad6;V3-01024-EV-008603924a7544e0;V3-01024-EV-66db87f2a160226d;V3-01024-EV-2597c3747a240193;V3-01024-EV-ef425bc451f9c814;V3-01024-EV-db73c0cf6e14f35a;V3-01024-EV-940be25f527e264e;V3-01024-EV-dfe6834e3c8a0e5e;V3-01024-EV-e6665b3a2765965d;V3-01024-EV-066fc1eaa2b06dec;V3-01024-EV-62fb115f5d1254bc;V3-01024-EV-85f36491958efb6f;V3-01024-EV-0141e99e90e749e3;V3-01024-EV-27dd03907370ca24;V3-01024-EV-7517cff0313622d8;V3-01024-EV-8c6e08e6026ae29a;V3-01024-EV-0eca567267ae278d;V3-01024-EV-7e998bbdf8747de5;V3-01024-EV-8e7c5687bc322ef2;V3-01024-EV-8a6ecd8f190f0f35;V3-01024-EV-8b6c071da6233903;V3-01024-EV-4c559b5be4715fb1;V3-01024-EV-0913d9fd631ec256;V3-01024-EV-44663003b0aad68d;V3-01024-EV-85e04f89b3bc7281;V3-01024-EV-bf28bbf768d61e7a;V3-01024-EV-f972cabb37637277;V3-01024-EV-3b0f726dcdf4ca7f;V3-01024-EV-d459464b906536ad;V3-01024-EV-21108a4414e93dee;V3-01024-EV-50f70921cb850b60;V3-01024-EV-1dd0eea08779e5f3;V3-01024-EV-979f9d8b3e25b9ac;V3-01024-EV-d269458931c3cf93;V3-01024-EV-9c645fc622cb0834;V3-01024-EV-6e013bd866fc6a0a;V3-01024-EV-b90bcf7c02f35ad1;V3-01024-EV-43ef551f307f4b60;V3-01024-EV-bf95f1eb9f27b4b3;V3-01024-EV-080d838c831a9210;V3-01024-EV-83c4b7fbaa4e7830;V3-01024-EV-6d4eeed648ea1290;V3-01024-EV-f9a9cadf6287e125;V3-01024-EV-ea9ca5e5539a390d;V3-01024-EV-bd6a0db91b6ffbd9;V3-01024-EV-7faab78368d449d5;V3-01024-EV-96dbb689c60de65e;V3-01024-EV-61fb191a3fc833e0;V3-01024-EV-ea7910a3f1313723;V3-01024-EV-58f2387a783c3d71;V3-01024-EV-cc3805a80b89b400;V3-01024-EV-776980d6d04b96df;V3-01024-EV-a929d27a36879d3a;V3-01024-EV-14b76ccda194eaeb,2,not_performed
V3-01044,not_selected_current_unresolved,No current illustrative fact nominated; not compared for retention against the current 49.,False,local_source_copy_matched,7db511acaf7b1865795506be17de59bc90af9e45bbc186ce8a5fcfe8e0e84417,False,,,RQ1;RQ2;RQ3;RQ4;RQ5,RQ1.interaction.I01_entity_navigation;RQ1.interaction.I02_faceted_filtering;RQ1.interaction.I07_example_query;RQ1.representation_role.unspecified;RQ1.visualisation.V01_node_link;RQ1.visualisation.V03_table_list;RQ1.visualisation.V09_text_document;RQ2.guidance.G03_semantic_ranking;RQ2.guidance.G06_context_explanation;RQ3.access.A01_endpoint_query;RQ3.access.A03_local_store;RQ3.data_model.B01_rdf;RQ3.missing.implementation_engines;RQ3.query_languages.SPARQL;RQ3.scalability.S01_measured_runtime;RQ3.scalability.S05_strategy_only;RQ4.evaluation.E01_demonstration;RQ4.evaluation.E02_case_study;RQ4.evaluation.E07_performance;RQ4.study_design.E01_demonstration;RQ4.study_design.E02_case_study;RQ4.study_design.E07_performance;RQ5.identity_status.not_established;RQ5.provenance.partial_report_read;RQ5.publication_version.recorded;RQ5.report_evaluation_limitations.text_recorded;RQ5.report_limitations.no_entry_recorded;RQ5.resource_role.other;RQ5.resource_verification.historical_version_equivalence_verified.not_recorded;RQ5.resource_verification.license_verified.not_recorded;RQ5.resource_verification.source_build_verified.not_recorded;RQ5.resource_verification.working_demo_verified.not_recorded,V3-01044-EV-dac3480d0490a405;V3-01044-EV-2ae509abd35c9888;V3-01044-EV-237c3d4613a17c13;V3-01044-EV-ea75d62e3fa3898d;V3-01044-EV-ae45ad163f28f3c4;V3-01044-EV-856893171db0a4b6;V3-01044-EV-2f2250b66a63a305;V3-01044-EV-a076134bbe5634e0;V3-01044-EV-47b2fa167106e74b;V3-01044-EV-3d25f717f1951050;V3-01044-EV-04c1d5491479bd94;V3-01044-EV-766ca0e7026088f3;V3-01044-EV-1123bff7c0d92469;V3-01044-EV-0aa7dc2898dd1783;V3-01044-EV-1a0062cd00024c22;V3-01044-EV-bcde2110ce527688;V3-01044-EV-595fad42b3906f49;V3-01044-EV-ccf2147542fcd863;V3-01044-EV-e135c6aeaa283b90;V3-01044-EV-5875212b782211e0;V3-01044-EV-e9c140901533ffd7;V3-01044-EV-7b9232eb3bf9313a;V3-01044-EV-65b3e8d4216d3ed9;V3-01044-EV-abf68b790d20f49e;V3-01044-EV-bda9bc1529d6c98c;V3-01044-EV-e6d837a0298d4284;V3-01044-EV-466a440bdc27d919;V3-01044-EV-b612a7331a6b8106;V3-01044-EV-0975cee67289adfb;V3-01044-EV-04e965d037370dfd;V3-01044-EV-4ca7bacb6fb133e4;V3-01044-EV-ecfc4b365b16a3b8;V3-01044-EV-da27306fa6b2fcbf;V3-01044-EV-8479d913e1ab2782;V3-01044-EV-8703bc5a4a045353;V3-01044-EV-7724eb46ad8c6151;V3-01044-EV-31a0682f6afe1cad;V3-01044-EV-f08ac9d2c1163eaa;V3-01044-EV-46931ff538d3b7e5;V3-01044-EV-cf8ef26ca9a1a7c4;V3-01044-EV-36c0c4b25b75e48b;V3-01044-EV-5ae54c2fe297ce0f,2,not_performed
V3-01050,not_selected_current_unresolved,No current illustrative fact nominated; not compared for retention against the current 49.,False,local_source_copy_matched,f425fe094ee8d942f55cb53a7bccff80e7cffb63ac7a6dbde1b2ec313524f052,False,,,RQ1;RQ2;RQ3;RQ4;RQ5,RQ1.interaction.I01_entity_navigation;RQ1.interaction.I02_faceted_filtering;RQ1.representation_role.unspecified;RQ1.visualisation.V03_table_list;RQ1.visualisation.V09_text_document;RQ2.guidance.G03_semantic_ranking;RQ2.guidance.G06_context_explanation;RQ2.guidance.G10_orientation_feedback;RQ3.access.A03_local_store;RQ3.access.A06_projection_cache;RQ3.data_model.B01_rdf;RQ3.implementation_engines.MongoDB/GSON/Jena/SILK/Sesame;RQ3.query_languages.SPARQL;RQ3.scalability.S03_reported_data_scale;RQ4.evaluation.E05_comparative_user;RQ4.evaluation.E08_deployment;RQ4.study_design.E05_comparative_user;RQ4.study_design.E08_deployment;RQ5.identity_status.scoped_match;RQ5.provenance.partial_report_read;RQ5.publication_version.recorded;RQ5.report_evaluation_limitations.text_recorded;RQ5.report_limitations.no_entry_recorded;RQ5.resource_role.documentation;RQ5.resource_verification.historical_version_equivalence_verified.not_recorded;RQ5.resource_verification.license_verified.not_recorded;RQ5.resource_verification.source_build_verified.not_recorded;RQ5.resource_verification.working_demo_verified.not_recorded,V3-01050-EV-d5063b94a50b1bd9;V3-01050-EV-01b0efeb6531b7fc;V3-01050-EV-a27c835ec49b8e43;V3-01050-EV-9cd6252bab7c3ad2;V3-01050-EV-dd95312a160e16b8;V3-01050-EV-0375530f327cf857;V3-01050-EV-3dee6a58aa63e6a7;V3-01050-EV-08e101db56d9f8ab;V3-01050-EV-92cc54c0d3282b86;V3-01050-EV-159a8d3cc7371ebb;V3-01050-EV-b91c32b72ee76bde;V3-01050-EV-5c67c1658f760a3d;V3-01050-EV-2c461480a960f9d5;V3-01050-EV-3e14b2dcc77b62ec;V3-01050-EV-805ddd775549d069;V3-01050-EV-2d182299af6e6967;V3-01050-EV-a9598709bfaa522f;V3-01050-EV-dbf4ca5a5daf3709;V3-01050-EV-3c5d7b2b0bda0661;V3-01050-EV-01f515693d3070c6;V3-01050-EV-f0ddecbd20346dae;V3-01050-EV-84f619c2a1b0ba81;V3-01050-EV-1804fc5b1101358d;V3-01050-EV-fe3ffcd35a71fbb5;V3-01050-EV-24b5180a06e621ce;V3-01050-EV-a9541cdeebfd5e4a;V3-01050-EV-a0553a8801566da7;V3-01050-EV-e671b25a431746ae;V3-01050-EV-8431cbcd2001e80c;V3-01050-EV-4da2e595c2275ac6;V3-01050-EV-f49f965269a0ecf9;V3-01050-EV-5bf51e44ac84f524;V3-01050-EV-c38e10605d47d80e;V3-01050-EV-ca37d323cb511cfa;V3-01050-EV-1da9d911ac855732;V3-01050-EV-83e1118589b18a05;V3-01050-EV-a7069c99becaa092;V3-01050-EV-2315d14db743f331;V3-01050-EV-64e2cc38d9898057;V3-01050-EV-913c051ab72cc8d5;V3-01050-EV-dc60b970b19de4c8;V3-01050-EV-1087bcc2284ecf9c;V3-01050-EV-3f2ebed0dec7f270;V3-01050-EV-e2e6707fa3f1eae3;V3-01050-EV-22a694c3bbb0be47;V3-01050-EV-7d1e301ae177203d;V3-01050-EV-333ad8370b5c8595;V3-01050-EV-124d6fc6fea867b0;V3-01050-EV-28b4413450765177;V3-01050-EV-e41e440f6d012b7f;V3-01050-EV-9bf6e7675f0b7eb3;V3-01050-EV-3d08f1470e8875e1;V3-01050-EV-3f6e01fbe43e5e1b;V3-01050-EV-0a1462952bc0af7c;V3-01050-EV-13ae649aaa61d23c;V3-01050-EV-231df57f3d6781f5;V3-01050-EV-64e705af7903f913;V3-01050-EV-f828636b9a1f33b0;V3-01050-EV-03daa9b08698982e;V3-01050-EV-3c28796b1c8dde5b;V3-01050-EV-f4c5b157a23bb011;V3-01050-EV-bad1210cbfc94ce5;V3-01050-EV-c163eabd919779a9;V3-01050-EV-93ac9e2cc6993fa3;V3-01050-EV-956cee684e7cc7fc;V3-01050-EV-c03bfb331b8fabd3;V3-01050-EV-0ae711025f86331d;V3-01050-EV-56a7ff7a71215b30;V3-01050-EV-78012e3796dff5c6;V3-01050-EV-29f365555410f8ab;V3-01050-EV-3927e882e2bec2ca;V3-01050-EV-ac39efb52a82d79a;V3-01050-EV-cf8d1d2bcfc9d585;V3-01050-EV-ba9e145605719215,2,not_performed
V3-01056,retained_current_illustration_scoped,,True,local_source_copy_matched,7d349bcdc18e14a364a48a3eb3f3e6cfc2ccb4a965cedf97807d24355d563db9,True,ILL-V3-01056-01,principal;boundary,RQ1;RQ2;RQ3;RQ4;RQ5,RQ1.interaction.I02_faceted_filtering;RQ1.interaction.I03_visual_query;RQ1.interaction.I04_text_query;RQ1.interaction.I08_coordinated_analysis;RQ1.interaction.I10_reuse_history;RQ1.representation_role.unspecified;RQ1.visualisation.V01_node_link;RQ1.visualisation.V02_outline_tree;RQ1.visualisation.V11_coordinated_views;RQ2.guidance.G01_valid_next_step;RQ2.guidance.G06_context_explanation;RQ2.guidance.G10_orientation_feedback;RQ2.interaction.I10_reuse_history;RQ3.access.A03_local_store;RQ3.access.A06_projection_cache;RQ3.data_model.B01_rdf;RQ3.missing.implementation_engines;RQ3.missing.query_languages;RQ3.scalability.S01_measured_runtime;RQ3.scalability.S03_reported_data_scale;RQ3.scalability.S04_reported_visual_scale;RQ3.scalability.S05_strategy_only;RQ4.evaluation.E01_demonstration;RQ4.evaluation.E02_case_study;RQ4.evaluation.E07_performance;RQ4.missing.study_entries;RQ5.identity_status.not_established;RQ5.provenance.full_report_read;RQ5.publication_version.not_recorded;RQ5.report_evaluation_limitations.text_recorded;RQ5.report_limitations.no_entry_recorded;RQ5.resource_role.other;RQ5.resource_verification.historical_version_equivalence_verified.not_recorded;RQ5.resource_verification.license_verified.not_recorded;RQ5.resource_verification.source_build_verified.not_recorded;RQ5.resource_verification.working_demo_verified.not_recorded,V3-01056-EV-923ce56ca921685c;V3-01056-EV-93351455f9cdc3f8;V3-01056-EV-8cf908a32fcce6c5;V3-01056-EV-3ebca5893f05a480;V3-01056-EV-021cc6f986f32fa9;V3-01056-EV-1d025cf7f7fe0c23;V3-01056-EV-e06d298019c662e3;V3-01056-EV-d08ec1bd94dae2fa;V3-01056-EV-f9d2ee08934fa6f3;V3-01056-EV-11cd8ed93f4bf49e;V3-01056-EV-5fc5ea91cfc9cf54;V3-01056-EV-80e59aad76215765;V3-01056-EV-257b96261fa07f8a;V3-01056-EV-4d5f5641ec9b6902;V3-01056-EV-a17308e16c7b14b1;V3-01056-EV-fcddbcfda7d2ac46;V3-01056-EV-097039da11311078;V3-01056-EV-3713c5ff772c4501;V3-01056-EV-e1cf6d9df1306af0;V3-01056-EV-23b1b240ef3bf666;V3-01056-EV-74398a31e7ad2b6b;V3-01056-EV-e8b1e4c9ba5ffd1c,0,not_performed
V3-01057,not_selected_current_unresolved,No current illustrative fact nominated; not compared for retention against the current 49.,False,local_source_copy_matched,76d4350c5f80845dfe0bfaa7bce816a8000e5edf9987c45aa6b91241576324b0,False,,,RQ1;RQ2;RQ3;RQ4;RQ5,RQ1.interaction.I01_entity_navigation;RQ1.interaction.I02_faceted_filtering;RQ1.interaction.I03_visual_query;RQ1.representation_role.unspecified;RQ1.visualisation.V03_table_list;RQ1.visualisation.V09_text_document;RQ2.guidance.G03_semantic_ranking;RQ2.guidance.G05_template_entry;RQ2.guidance.G06_context_explanation;RQ2.guidance.G10_orientation_feedback;RQ3.access.A01_endpoint_query;RQ3.access.A03_local_store;RQ3.data_model.B01_rdf;RQ3.missing.implementation_engines;RQ3.missing.query_languages;RQ3.missing.scalability;RQ4.evaluation.E01_demonstration;RQ4.evaluation.E06_offline_accuracy;RQ4.missing.study_entries;RQ5.identity_status.not_established;RQ5.identity_status.scoped_match;RQ5.provenance.full_report_read;RQ5.publication_version.not_recorded;RQ5.report_evaluation_limitations.text_recorded;RQ5.report_limitations.no_entry_recorded;RQ5.resource_role.component_source;RQ5.resource_role.demo;RQ5.resource_role.other;RQ5.resource_verification.historical_version_equivalence_verified.not_recorded;RQ5.resource_verification.license_verified.not_recorded;RQ5.resource_verification.source_build_verified.not_recorded;RQ5.resource_verification.working_demo_verified.not_recorded,V3-01057-EV-2283be3641bb0680;V3-01057-EV-f305477a093af89a;V3-01057-EV-daaa9e476d6fb3e3;V3-01057-EV-93f741e77bbcd0d5;V3-01057-EV-9d54cafee5057a59;V3-01057-EV-54c118265a95524f;V3-01057-EV-16f71a77917ba0d6;V3-01057-EV-36d4c05b5d9334a7;V3-01057-EV-f32ccbc6e699a613;V3-01057-EV-660b08439d198a54;V3-01057-EV-38c059537600c5c1;V3-01057-EV-9ce7b9b4b7f11e9e;V3-01057-EV-090758a329e89e0e;V3-01057-EV-72f2e4051f98a52b;V3-01057-EV-9c420a6a6c022ea1;V3-01057-EV-cf3ff6e5e8ca6e65,0,not_performed
V3-01058,retained_current_illustration_scoped,,True,local_source_copy_matched,ae8f4e6a54dad382c604f8e2b97243a099300f011950ba88de04994595249027,True,ILL-V3-01058-01,principal;boundary;demo,RQ1;RQ2;RQ3;RQ4;RQ5,RQ1.interaction.I02_faceted_filtering;RQ1.interaction.I08_coordinated_analysis;RQ1.representation_role.unspecified;RQ1.visualisation.V01_node_link;RQ1.visualisation.V02_outline_tree;RQ1.visualisation.V06_statistical_chart;RQ1.visualisation.V11_coordinated_views;RQ2.guidance.G01_valid_next_step;RQ2.guidance.G05_template_entry;RQ2.guidance.G10_orientation_feedback;RQ3.access.A03_local_store;RQ3.access.A05_file_input;RQ3.access.A06_projection_cache;RQ3.data_model.B01_rdf;RQ3.missing.implementation_engines;RQ3.missing.query_languages;RQ3.scalability.S04_reported_visual_scale;RQ3.scalability.S05_strategy_only;RQ4.evaluation.E01_demonstration;RQ4.evaluation.E02_case_study;RQ4.missing.study_entries;RQ5.identity_status.not_established;RQ5.provenance.full_report_read;RQ5.publication_version.not_recorded;RQ5.report_evaluation_limitations.text_recorded;RQ5.report_limitations.no_entry_recorded;RQ5.resource_role.other;RQ5.resource_verification.historical_version_equivalence_verified.not_recorded;RQ5.resource_verification.license_verified.not_recorded;RQ5.resource_verification.source_build_verified.not_recorded;RQ5.resource_verification.working_demo_verified.not_recorded,V3-01058-EV-e49353fe0da3196b;V3-01058-EV-5ff1b017532b4598;V3-01058-EV-9f220e0b34ecb9fe;V3-01058-EV-881c2f5b56ec77c6;V3-01058-EV-764bd32c53ec2585;V3-01058-EV-ab258a0664e7fcbb;V3-01058-EV-f0b54ef2a045727f;V3-01058-EV-37145083dcabf693;V3-01058-EV-253c5559d83a75e3;V3-01058-EV-dd7afa7f1978070b;V3-01058-EV-7670551885602429;V3-01058-EV-ee74a747a556006e;V3-01058-EV-dd349d667ae10d8b;V3-01058-EV-546136c572b651fa;V3-01058-EV-2f55b5985086e2a4;V3-01058-EV-49e74e1a05728c31;V3-01058-EV-40eada60521939cd;V3-01058-EV-fd38cb3733ca118e;V3-01058-EV-d6bea3769f09caad;V3-01058-EV-ed2265b4de6a0f20,0,not_performed
V3-01073,not_selected_current_unresolved,No current illustrative fact nominated; not compared for retention against the current 49.,False,local_source_copy_matched,0b52c0be65fdae11106115bb78509451929a8163bb870502522e6bb18f707f6a,False,,,RQ1;RQ2;RQ3;RQ4;RQ5,RQ1.interaction.I01_entity_navigation;RQ1.interaction.I02_faceted_filtering;RQ1.interaction.I08_coordinated_analysis;RQ1.interaction.I09_visual_configuration;RQ1.representation_role.unspecified;RQ1.visualisation.V03_table_list;RQ1.visualisation.V04_map;RQ1.visualisation.V05_timeline;RQ1.visualisation.V06_statistical_chart;RQ1.visualisation.V11_coordinated_views;RQ2.guidance.G01_valid_next_step;RQ2.guidance.G02_lexical_completion;RQ2.guidance.G10_orientation_feedback;RQ3.access.A01_endpoint_query;RQ3.access.A03_local_store;RQ3.data_model.B01_rdf;RQ3.implementation_engines.JavaScript/Highcharts/Raphaël/Google Maps;RQ3.implementation_engines.PHP/ARC;RQ3.query_languages.SPARQL;RQ3.query_languages.SQL;RQ3.scalability.S01_measured_runtime;RQ3.scalability.S03_reported_data_scale;RQ3.scalability.S05_strategy_only;RQ4.evaluation.E03_formative_user;RQ4.evaluation.E07_performance;RQ4.study_design.E03_formative_user;RQ4.study_design.E07_performance;RQ5.missing.resource_entries;RQ5.provenance.partial_report_read;RQ5.publication_version.recorded;RQ5.report_evaluation_limitations.text_recorded;RQ5.report_limitations.no_entry_recorded,V3-01073-EV-03992f03348aba8a;V3-01073-EV-3344321d7f00d30b;V3-01073-EV-bbe667a4d51b5f99;V3-01073-EV-3240ea4bb4534d9f;V3-01073-EV-45ce339529dfb4d9;V3-01073-EV-d2b8f6343503d2e2;V3-01073-EV-2d30f2829d293d28;V3-01073-EV-e6329dd50ce0b987;V3-01073-EV-408184f4419b8759;V3-01073-EV-1471c0b551eb89d1;V3-01073-EV-9ff98b2d2efceacb;V3-01073-EV-5dc5e179c6e6c2a6;V3-01073-EV-24396cb86d84ac7f;V3-01073-EV-e2833866bfdfd72f;V3-01073-EV-55210869af2f4a9c;V3-01073-EV-445b55cbbcd8c268;V3-01073-EV-ae4ac4ade0c92af7;V3-01073-EV-cf543fdefb29af09;V3-01073-EV-f38167049b65d6fe;V3-01073-EV-6cc09247a39c2db8;V3-01073-EV-c3116069c4002d7b;V3-01073-EV-92097a1266745d57;V3-01073-EV-c6c9796357e19ff7;V3-01073-EV-477aedd5fed2b0fc;V3-01073-EV-6f7ff9c08e66db42;V3-01073-EV-cfd0fa6010fe3576;V3-01073-EV-64331d9248671f92;V3-01073-EV-e1a01ff12120c037;V3-01073-EV-33528db8319adb89;V3-01073-EV-b2420ca5197858de;V3-01073-EV-021db83ec0f9ba05;V3-01073-EV-739ec65b1237d8fa;V3-01073-EV-951231d5a1e524f4;V3-01073-EV-7b3fb4f2ef910c98;V3-01073-EV-8150c8ed6e182be8;V3-01073-EV-8c67863210023775;V3-01073-EV-8985aab454045f31;V3-01073-EV-7bc47d017b846ed1;V3-01073-EV-a89ff077b1d95965;V3-01073-EV-3f95b4bdd9324ce3;V3-01073-EV-c560d01834583d9f;V3-01073-EV-2f9be6e3a6c39574;V3-01073-EV-4012b8ad6b644e80;V3-01073-EV-c49c06b4c7a38d4c;V3-01073-EV-dd80a3297dc9385c;V3-01073-EV-32026a2de274cc7e;V3-01073-EV-be6eabdd9bff9343;V3-01073-EV-4c0ebbd83be73d34;V3-01073-EV-1af1c2846384c415;V3-01073-EV-b9a4afd785ffbaf8;V3-01073-EV-3f93df5ab8b1c4da;V3-01073-EV-ca533c681fc5f400;V3-01073-EV-b93a0565c9fcd865;V3-01073-EV-5f5043e96651504f;V3-01073-EV-5981f147863b194b;V3-01073-EV-03a2d5960e8b341b;V3-01073-EV-c4fd45b4764bcb54;V3-01073-EV-13f1f0ff3ac1ef8c;V3-01073-EV-011a2960fb19a5d4;V3-01073-EV-268a28250822b8ec;V3-01073-EV-07963d6681861de5;V3-01073-EV-efc079133f10f82f;V3-01073-EV-fb895128830df3b9;V3-01073-EV-ad5ca63358307615;V3-01073-EV-55079f198824a838;V3-01073-EV-85cc5ee486fc870d;V3-01073-EV-49e228e195b66cee;V3-01073-EV-98a7be746413269f;V3-01073-EV-ced8fd82531af2db;V3-01073-EV-35279a975bb7c351;V3-01073-EV-97f386ce5db71661;V3-01073-EV-a4c6688fa4c41b7d;V3-01073-EV-fbc5adc64055995f;V3-01073-EV-c9e769f4a46335d6;V3-01073-EV-03b7169608d90624;V3-01073-EV-a9d6c57b40ff0806;V3-01073-EV-ee601fc6693809a0;V3-01073-EV-6fba4b3a44607a0a;V3-01073-EV-f0cd77bc6567b7dd;V3-01073-EV-5457316479c33de0;V3-01073-EV-a72e3f58aaa6cc2b;V3-01073-EV-4286ab7738024989;V3-01073-EV-c5ae1a4866ea478b;V3-01073-EV-3a793abab98ceec8;V3-01073-EV-72017cf0b4f34c3e;V3-01073-EV-6efa0ddb090618e3;V3-01073-EV-f4de1dd1e38f9d18;V3-01073-EV-659b2906fb5f9793;V3-01073-EV-569b3e48fae1b50c;V3-01073-EV-9fcadcaa645a2815;V3-01073-EV-18be7eda1253c94f;V3-01073-EV-ea065bde2867eefc;V3-01073-EV-579a1d51623778cc;V3-01073-EV-7af9404c7e570a4b;V3-01073-EV-5617a2f1217eed8c;V3-01073-EV-6cced2a555a817f8;V3-01073-EV-e8c70f391b2cc48b;V3-01073-EV-07476d5ddcf95c93;V3-01073-EV-ed841522fb9f7c94;V3-01073-EV-d74b16c36fba6060;V3-01073-EV-2465ff93c667202e;V3-01073-EV-1423f1e95b8f8074;V3-01073-EV-9234f37b5b2ba337;V3-01073-EV-b7153607702b9ebc;V3-01073-EV-3db45c0510375c92;V3-01073-EV-869d4084ad402488;V3-01073-EV-336492484430ea95;V3-01073-EV-cc2f0f979637453d;V3-01073-EV-d79fdbb3393e0624;V3-01073-EV-54d6eb98e2b2c81a;V3-01073-EV-aa698ad504ad03e3,3,not_performed
V3-01075,not_selected_current_unresolved,No current illustrative fact nominated; not compared for retention against the current 49.,False,local_source_copy_matched,dde9a3a9f757ca117205f0ead76300eaa3f0223f581032873171cafaed8798a8,False,,,RQ1;RQ2;RQ3;RQ4;RQ5,RQ1.interaction.I01_entity_navigation;RQ1.interaction.I02_faceted_filtering;RQ1.interaction.I05_controlled_language;RQ1.representation_role.unspecified;RQ1.visualisation.V03_table_list;RQ1.visualisation.V09_text_document;RQ2.guidance.G01_valid_next_step;RQ2.guidance.G02_lexical_completion;RQ2.guidance.G10_orientation_feedback;RQ3.access.A01_endpoint_query;RQ3.data_model.B01_rdf;RQ3.implementation_engines.OCaml/js_of_ocaml/JavaScript/HTML5/CSS3;RQ3.query_languages.SPARQL;RQ3.scalability.S01_measured_runtime;RQ3.scalability.S05_strategy_only;RQ4.evaluation.E04_single_system_user;RQ4.evaluation.E06_offline_accuracy;RQ4.evaluation.E07_performance;RQ4.study_design.E04_single_system_user;RQ4.study_design.E06_offline_accuracy;RQ4.study_design.E07_performance;RQ5.identity_status.scoped_match;RQ5.provenance.partial_report_read;RQ5.publication_version.recorded;RQ5.report_evaluation_limitations.text_recorded;RQ5.report_limitations.no_entry_recorded;RQ5.resource_role.documentation;RQ5.resource_verification.historical_version_equivalence_verified.not_recorded;RQ5.resource_verification.license_verified.not_recorded;RQ5.resource_verification.source_build_verified.not_recorded;RQ5.resource_verification.working_demo_verified.not_recorded,V3-01075-EV-55dd68d2f04e1fc7;V3-01075-EV-86a1f6090ace9a3e;V3-01075-EV-fef11eb7270f9d8f;V3-01075-EV-0714f618fe0315dc;V3-01075-EV-2a431825fbbe4229;V3-01075-EV-805b5c3f3d4345f1;V3-01075-EV-e11805159465e031;V3-01075-EV-59cff4d843e64081;V3-01075-EV-fe66771f5380fe24;V3-01075-EV-e3f3c64dc2e9e62f;V3-01075-EV-9c0a5336ebe5c7b4;V3-01075-EV-3d599e5c334bd187;V3-01075-EV-d4c285a7e75a630f;V3-01075-EV-0646a8a4af104d01;V3-01075-EV-a3c978ad10219283;V3-01075-EV-fd6502eeaa7ef8d5;V3-01075-EV-b8047b6443552b04;V3-01075-EV-4158aa5acb39db52;V3-01075-EV-a0028e969a68e5d5;V3-01075-EV-18d54f244a001952;V3-01075-EV-bb9ddcb80df97985;V3-01075-EV-33abbf09f290d7a4;V3-01075-EV-430fe131bf6cad26;V3-01075-EV-48a110cb95292687;V3-01075-EV-37fb4c25ccc1f78a;V3-01075-EV-d7accba63ef72587;V3-01075-EV-5b9f77c9870cda8d;V3-01075-EV-05d63adda31879ef;V3-01075-EV-46fa6f348a6626e4;V3-01075-EV-d0a3d097f0d92da1;V3-01075-EV-99852d72c1162951;V3-01075-EV-77d902c6810c487d;V3-01075-EV-6810b78fc0e629d9;V3-01075-EV-867fb0b20e113ed3;V3-01075-EV-94de058f4b22e2f8;V3-01075-EV-b3507edd0b1d0a15;V3-01075-EV-6d005b62ac8cdd48;V3-01075-EV-9c298e8397670a15;V3-01075-EV-bccbd062b195f5f6;V3-01075-EV-ff6c68ad4a5e1216;V3-01075-EV-1a60afc037420903;V3-01075-EV-3ec4f001f7f46e35;V3-01075-EV-41e074a1fc4526c2;V3-01075-EV-39266edaea1224fd;V3-01075-EV-1f9b75c264dcbb7e;V3-01075-EV-af4c4ab885f3243e;V3-01075-EV-fdb56579e70d0b23;V3-01075-EV-d5c9a7f10e80b598;V3-01075-EV-806b12822bf0a4ae;V3-01075-EV-3dcf4d7488faf3af;V3-01075-EV-9b5311106ea8759c;V3-01075-EV-d787a769c98c3f15;V3-01075-EV-fa057ad7aac52854;V3-01075-EV-965a2d1ce4eb2876;V3-01075-EV-71740ba664d5f0fe;V3-01075-EV-1c94da0cf021e78b;V3-01075-EV-2e9e45a9e0a3aeb9;V3-01075-EV-abeaa3c382c7bdcb;V3-01075-EV-a250367b3631ce52;V3-01075-EV-d9f03bc3728bdb1d;V3-01075-EV-e8907656239c93ce;V3-01075-EV-d71c876d721fd213,5,not_performed
V3-01077,retained_current_illustration_scoped,,True,local_source_copy_matched,9336fc52074b3d309db62937e885611db6b29f13933cc239019610831a460caf,True,ILL-V3-01077-01,contrasting;boundary,RQ1;RQ2;RQ3;RQ4;RQ5,RQ1.interaction.I03_visual_query;RQ1.interaction.I04_text_query;RQ1.interaction.I10_reuse_history;RQ1.representation_role.unspecified;RQ1.visualisation.V01_node_link;RQ1.visualisation.V09_text_document;RQ2.guidance.G01_valid_next_step;RQ2.guidance.G02_lexical_completion;RQ2.guidance.G06_context_explanation;RQ2.guidance.G10_orientation_feedback;RQ2.interaction.I10_reuse_history;RQ3.access.A01_endpoint_query;RQ3.access.A05_file_input;RQ3.data_model.B01_rdf;RQ3.missing.implementation_engines;RQ3.missing.query_languages;RQ3.scalability.S05_strategy_only;RQ4.evaluation.E01_demonstration;RQ4.evaluation.E04_single_system_user;RQ4.missing.study_entries;RQ5.identity_status.scoped_match;RQ5.provenance.full_report_read;RQ5.publication_version.not_recorded;RQ5.report_evaluation_limitations.text_recorded;RQ5.report_limitations.no_entry_recorded;RQ5.resource_role.documentation;RQ5.resource_role.other;RQ5.resource_verification.historical_version_equivalence_verified.not_recorded;RQ5.resource_verification.license_verified.not_recorded;RQ5.resource_verification.source_build_verified.not_recorded;RQ5.resource_verification.working_demo_verified.not_recorded,V3-01077-EV-a7656e16f639d634;V3-01077-EV-bf26672360d6ae25;V3-01077-EV-34a3f2bbed3eb5cd;V3-01077-EV-50bc33843dc5ca85;V3-01077-EV-a799f0eaa4ecc5b6;V3-01077-EV-1bf91f111578ecf1;V3-01077-EV-20e28aba5a0dfbfc;V3-01077-EV-e5a194241026c7ca;V3-01077-EV-14715fe6b1c12fc4;V3-01077-EV-a02e3d904a9feb8c;V3-01077-EV-8043e17a39d19521;V3-01077-EV-1747c0d3fda6c7e8;V3-01077-EV-104617750e96d2da;V3-01077-EV-7e47682e08254fb1;V3-01077-EV-1715c4605717bb8a;V3-01077-EV-d2153e2f0043b3b5;V3-01077-EV-ea6d2f187049b694,0,not_performed
V3-01078,not_selected_current_unresolved,No current illustrative fact nominated; not compared for retention against the current 49.,False,local_source_copy_matched,72ed9dcadc497199994867a13046b647f55d2ce0dbb30fde9ec6329aed19f9b1,False,,,RQ1;RQ2;RQ3;RQ4;RQ5,RQ1.interaction.I01_entity_navigation;RQ1.interaction.I02_faceted_filtering;RQ1.representation_role.unspecified;RQ1.visualisation.V03_table_list;RQ2.guidance.G01_valid_next_step;RQ2.guidance.G03_semantic_ranking;RQ2.guidance.G10_orientation_feedback;RQ3.access.A03_local_store;RQ3.data_model.B01_rdf;RQ3.implementation_engines.Ruby on Rails/ActiveRDF/YARS;RQ3.missing.query_languages;RQ3.scalability.S04_reported_visual_scale;RQ4.evaluation.E05_comparative_user;RQ4.evaluation.E09_formal_analysis;RQ4.study_design.E05_comparative_user;RQ4.study_design.E09_formal_analysis;RQ5.identity_status.not_established;RQ5.identity_status.scoped_match;RQ5.provenance.partial_report_read;RQ5.publication_version.recorded;RQ5.report_evaluation_limitations.text_recorded;RQ5.report_limitations.no_entry_recorded;RQ5.resource_role.documentation;RQ5.resource_role.other;RQ5.resource_verification.historical_version_equivalence_verified.not_recorded;RQ5.resource_verification.license_verified.not_recorded;RQ5.resource_verification.source_build_verified.not_recorded;RQ5.resource_verification.working_demo_verified.not_recorded,V3-01078-EV-473646cb22fa0033;V3-01078-EV-7f7e8be096f9571e;V3-01078-EV-a5afc695ddcef48f;V3-01078-EV-c1a5c6dc3447995b;V3-01078-EV-909236a2c6c1b151;V3-01078-EV-2b1b2d341c71cf03;V3-01078-EV-1b74f0bf506c8b3b;V3-01078-EV-99f2e2e81643546e;V3-01078-EV-f5ba9494b808528a;V3-01078-EV-e0d6c8b4a5b9ea71;V3-01078-EV-f414a2e004e565ef;V3-01078-EV-5d25d1ed50cdeba3;V3-01078-EV-e68b6f0cc6f0c17e;V3-01078-EV-bb2991700ace0554;V3-01078-EV-e292889344934389;V3-01078-EV-01fe78d9f549120e;V3-01078-EV-03650451e88a9747;V3-01078-EV-0a131735a3b0dd11;V3-01078-EV-163f7ed986629475;V3-01078-EV-e3a709c54b3cbc74;V3-01078-EV-cdd9d2a54ad63e5b;V3-01078-EV-4428cb9a859eae21;V3-01078-EV-10f0b0caaa2751ef;V3-01078-EV-a273b70afaed11f0;V3-01078-EV-a5b48310c2d9ec39;V3-01078-EV-82453453dc86327b;V3-01078-EV-49097580addbe17d;V3-01078-EV-714a3756e85a44af;V3-01078-EV-701eff726c1594bf;V3-01078-EV-b22e68101dcdf64a;V3-01078-EV-6818161834d4b7d5;V3-01078-EV-a3f46a5f35ac46dc;V3-01078-EV-50fedd42e3ac93fa;V3-01078-EV-02f53d4989d2ff9c;V3-01078-EV-995e5abd429b3725;V3-01078-EV-0f6a0dd390781e5e;V3-01078-EV-1118de9ad46343ef;V3-01078-EV-b862e93c76d719f7;V3-01078-EV-dbe34f4ea0207621;V3-01078-EV-a8fd6056e522b158;V3-01078-EV-294d6b2101c7df80;V3-01078-EV-6d8a71f1d4a04a7c;V3-01078-EV-4058afdd24413251;V3-01078-EV-85a80984720a52bc;V3-01078-EV-f51d55162d83174a;V3-01078-EV-c531d83f207c0ad3;V3-01078-EV-82a317d86af5bf9f,2,not_performed
V3-01093,retained_current_illustration_scoped,,True,local_source_copy_matched,331ea3d78c1a532f2c060071115ca97c9d64f605f106fae1b2ee89a67b927860,True,ILL-V3-01093-01,principal;contrasting,RQ1;RQ2;RQ3;RQ4;RQ5,RQ1.interaction.I01_entity_navigation;RQ1.interaction.I02_faceted_filtering;RQ1.representation_role.unspecified;RQ1.visualisation.V02_outline_tree;RQ1.visualisation.V03_table_list;RQ1.visualisation.V05_timeline;RQ2.guidance.G01_valid_next_step;RQ2.guidance.G02_lexical_completion;RQ3.access.A03_local_store;RQ3.access.A06_projection_cache;RQ3.data_model.B01_rdf;RQ3.implementation_engines.SWI-Prolog;RQ3.missing.query_languages;RQ3.scalability.S03_reported_data_scale;RQ3.scalability.S05_strategy_only;RQ4.evaluation.E01_demonstration;RQ4.evaluation.E02_case_study;RQ4.missing.study_design_codes;RQ5.identity_status.not_established;RQ5.provenance.source_evidence_extracted;RQ5.publication_version.not_recorded;RQ5.report_evaluation_limitations.text_recorded;RQ5.report_limitations.no_entry_recorded;RQ5.resource_role.other;RQ5.resource_verification.historical_version_equivalence_verified.not_recorded;RQ5.resource_verification.license_verified.not_recorded;RQ5.resource_verification.source_build_verified.not_recorded;RQ5.resource_verification.working_demo_verified.not_recorded,V3-01093-EV-b67d89c513ac4756;V3-01093-EV-8cbeff621e7641e5;V3-01093-EV-3d6ea475c9bb4e6f;V3-01093-EV-ea9318a4506f1445;V3-01093-EV-768045b329df2413;V3-01093-EV-52df9a422b7c00cd;V3-01093-EV-6efbc43dad01300e;V3-01093-EV-e8cdc6c7b8c38bbb;V3-01093-EV-2b95f980d2680ca7;V3-01093-EV-a8e39458d71d4cee;V3-01093-EV-e1847e466e60f273;V3-01093-EV-ee544318b2a5d051;V3-01093-EV-8260f598f634fabf;V3-01093-EV-f03f42d33faa858d;V3-01093-EV-0606577b945dabff;V3-01093-EV-e00ef8eb3e923b78;V3-01093-EV-eee7dcd48a4ff34d;V3-01093-EV-5617132d13922c39,1,not_performed
V3-01096,not_selected_current_unresolved,No current illustrative fact nominated; not compared for retention against the current 49.,False,local_source_copy_matched,cd91d55ceb910c9d56ee463c5f93f85713c91cbd7a82bfdfafc04ffaebd36ad2,False,,,RQ1;RQ2;RQ3;RQ4;RQ5,RQ1.interaction.I01_entity_navigation;RQ1.interaction.I02_faceted_filtering;RQ1.interaction.I03_visual_query;RQ1.interaction.I10_reuse_history;RQ1.representation_role.unspecified;RQ1.visualisation.V01_node_link;RQ1.visualisation.V03_table_list;RQ2.guidance.G01_valid_next_step;RQ2.guidance.G03_semantic_ranking;RQ2.guidance.G06_context_explanation;RQ2.guidance.G10_orientation_feedback;RQ2.interaction.I10_reuse_history;RQ3.access.A01_endpoint_query;RQ3.data_model.B01_rdf;RQ3.implementation_engines.Adobe Flex/Flash;RQ3.query_languages.SPARQL;RQ3.scalability.S04_reported_visual_scale;RQ3.scalability.S05_strategy_only;RQ4.evaluation.E05_comparative_user;RQ4.study_design.E05_comparative_user;RQ5.identity_status.not_established;RQ5.provenance.full_report_read;RQ5.publication_version.not_recorded;RQ5.report_evaluation_limitations.text_recorded;RQ5.report_limitations.no_entry_recorded;RQ5.resource_role.other;RQ5.resource_verification.historical_version_equivalence_verified.not_recorded;RQ5.resource_verification.license_verified.not_recorded;RQ5.resource_verification.source_build_verified.not_recorded;RQ5.resource_verification.working_demo_verified.not_recorded,V3-01096-EV-00fc705f669171b4;V3-01096-EV-5ec50e7c6a5ab15a;V3-01096-EV-f0b69f35fe72270d;V3-01096-EV-16a41b6913d701cb;V3-01096-EV-60d760cef943a9cb;V3-01096-EV-9aa479e1bfecc132;V3-01096-EV-a2eed3f2c0714c08;V3-01096-EV-c46357c714d207ec;V3-01096-EV-e5eba462388a7706;V3-01096-EV-8a758ef03c142f9e;V3-01096-EV-6c1715f7a530dc70;V3-01096-EV-84c52615286c1c6c;V3-01096-EV-bf874b02170a8c77;V3-01096-EV-1a440ed3280f5248;V3-01096-EV-8ebf13c1137d5ad4;V3-01096-EV-2dd902186e5065d5;V3-01096-EV-d36f101fc5d299e0;V3-01096-EV-617eeb7f999b3f4f;V3-01096-EV-a8e5ce2c263cfac5;V3-01096-EV-4b5d4c2fdf2a74c5;V3-01096-EV-a172c21c00507f20,1,not_performed
V3-01100,not_selected_current_unresolved,No current illustrative fact nominated; not compared for retention against the current 49.,False,local_source_copy_matched,c08cf35fcfe82703dbffecec6c4f154ee50598d890c96a0ac7f65ff3f9b5c731,False,,,RQ1;RQ2;RQ3;RQ4;RQ5,RQ1.interaction.I01_entity_navigation;RQ1.interaction.I02_faceted_filtering;RQ1.representation_role.unspecified;RQ1.visualisation.V02_outline_tree;RQ1.visualisation.V03_table_list;RQ1.visualisation.V09_text_document;RQ2.guidance.G01_valid_next_step;RQ2.guidance.G10_orientation_feedback;RQ3.access.A01_endpoint_query;RQ3.access.A03_local_store;RQ3.access.A06_projection_cache;RQ3.data_model.B01_rdf;RQ3.implementation_engines.SemFacet; RDFox;RQ3.query_languages.SPARQL;RQ3.scalability.S01_measured_runtime;RQ3.scalability.S03_reported_data_scale;RQ3.scalability.S05_strategy_only;RQ4.evaluation.E07_performance;RQ4.evaluation.E09_formal_analysis;RQ4.missing.study_design_codes;RQ5.identity_status.not_established;RQ5.provenance.source_evidence_extracted;RQ5.publication_version.not_recorded;RQ5.report_evaluation_limitations.text_recorded;RQ5.report_limitations.no_entry_recorded;RQ5.resource_role.other;RQ5.resource_verification.historical_version_equivalence_verified.not_recorded;RQ5.resource_verification.license_verified.not_recorded;RQ5.resource_verification.source_build_verified.not_recorded;RQ5.resource_verification.working_demo_verified.not_recorded,V3-01100-EV-1088c2429f8810bd;V3-01100-EV-7cd5f992f1a763e5;V3-01100-EV-ca1989f6a6870caa;V3-01100-EV-9fde12d12054fefe;V3-01100-EV-c9a687eda176ef91;V3-01100-EV-c2765665240968af;V3-01100-EV-079543aa590779ca;V3-01100-EV-f04c984ddb207e66;V3-01100-EV-f9c853e249efc085;V3-01100-EV-7ce25fe01473aa5d;V3-01100-EV-f958eb5a59aa0d5a;V3-01100-EV-d589bd958ca9bf4d;V3-01100-EV-d506d652d834e39e;V3-01100-EV-baf167a7fa735491;V3-01100-EV-9e9dae004b0a56bc;V3-01100-EV-f63d1eb658d793e9;V3-01100-EV-c0a8bfa56c419465;V3-01100-EV-26122e99b79e4437;V3-01100-EV-5abc8ec4cb388043;V3-01100-EV-adfda4aaee03dc57;V3-01100-EV-e3e1be8b311adfb6,1,not_performed
V3-01102,not_selected_current_unresolved,No current illustrative fact nominated; not compared for retention against the current 49.,False,local_source_copy_matched,68cc185bbf112cf1b63d20c0305be966c303de195c8016943ad9f31e05756379,False,,,RQ1;RQ2;RQ3;RQ4;RQ5,RQ1.interaction.I01_entity_navigation;RQ1.interaction.I02_faceted_filtering;RQ1.interaction.I03_visual_query;RQ1.representation_role.unspecified;RQ1.visualisation.V01_node_link;RQ1.visualisation.V03_table_list;RQ2.guidance.G06_context_explanation;RQ2.guidance.G10_orientation_feedback;RQ3.access.A01_endpoint_query;RQ3.data_model.B01_rdf;RQ3.implementation_engines.Endpoint;RQ3.missing.scalability;RQ3.query_languages.SPARQL;RQ4.evaluation.E05_comparative_user;RQ4.missing.study_design_codes;RQ5.missing.resource_entries;RQ5.provenance.source_evidence_extracted;RQ5.publication_version.not_recorded;RQ5.report_evaluation_limitations.text_recorded;RQ5.report_limitations.no_entry_recorded,V3-01102-EV-41dc381cd5ae49c5;V3-01102-EV-b4044af5241f854c;V3-01102-EV-ead07ca601db4be7;V3-01102-EV-7872125210be137b;V3-01102-EV-ce9f28d5016e279d;V3-01102-EV-49ffb2d1d8b38e95;V3-01102-EV-696ff04e28b69d13;V3-01102-EV-232e1d391f6cb4f0;V3-01102-EV-5c1b06d084ff38ed;V3-01102-EV-4e6a918a3824992e;V3-01102-EV-7804a67565af121a;V3-01102-EV-48becfe1b6895222;V3-01102-EV-8a2b3378329070bc;V3-01102-EV-01f6d7d5e3540d96;V3-01102-EV-d3c8cf8021e29969;V3-01102-EV-2ddea14234ebcbb9,1,not_performed
V3-01104,not_selected_current_unresolved,No current illustrative fact nominated; not compared for retention against the current 49.,False,local_source_copy_matched,a8015a17c754291f494d8e829f5996e89bfee236363a72a69e93fe6d01ca5361,False,,,RQ1;RQ2;RQ3;RQ4;RQ5,RQ1.interaction.I01_entity_navigation;RQ1.interaction.I02_faceted_filtering;RQ1.interaction.I09_visual_configuration;RQ1.representation_role.unspecified;RQ1.visualisation.V03_table_list;RQ1.visualisation.V09_text_document;RQ2.guidance.G01_valid_next_step;RQ2.guidance.G03_semantic_ranking;RQ2.guidance.G10_orientation_feedback;RQ3.access.A01_endpoint_query;RQ3.access.A03_local_store;RQ3.access.A05_file_input;RQ3.access.A06_projection_cache;RQ3.data_model.B01_rdf;RQ3.implementation_engines.Exhibit/mSpace;RQ3.implementation_engines.FacetOntology/Data Picker;RQ3.query_languages.SPARQL;RQ3.query_languages.SQL;RQ3.scalability.S05_strategy_only;RQ4.evaluation.E01_demonstration;RQ4.evaluation.E02_case_study;RQ4.evaluation.E08_deployment;RQ4.study_design.E01_demonstration;RQ4.study_design.E02_case_study;RQ4.study_design.E08_deployment;RQ5.identity_status.not_established;RQ5.identity_status.scoped_match;RQ5.provenance.full_report_read;RQ5.publication_version.not_recorded;RQ5.report_evaluation_limitations.text_recorded;RQ5.report_limitations.no_entry_recorded;RQ5.resource_role.component_source;RQ5.resource_role.other;RQ5.resource_verification.historical_version_equivalence_verified.not_recorded;RQ5.resource_verification.license_verified.not_recorded;RQ5.resource_verification.source_build_verified.not_recorded;RQ5.resource_verification.working_demo_verified.not_recorded,V3-01104-EV-ec8d819f4aa99eec;V3-01104-EV-eac2b483d6ba9387;V3-01104-EV-254badcfc8089b2b;V3-01104-EV-4a5e74b50d126d3b;V3-01104-EV-528fe1b7cb77f1e1;V3-01104-EV-f440abbd5848fba8;V3-01104-EV-c2c369069b00c3ec;V3-01104-EV-810bb23d7307a7b8;V3-01104-EV-f4d8a2826ea214a1;V3-01104-EV-d2f0a3acbc5dd1be;V3-01104-EV-465c71744ff773dc;V3-01104-EV-add64538d004b647;V3-01104-EV-380a0321c69d40f8;V3-01104-EV-60bbaa854c9bd740;V3-01104-EV-5420bf4ada347572;V3-01104-EV-a0563fd26ffd7d18;V3-01104-EV-e9e75a748f1bfa2b;V3-01104-EV-09478a3388b009f4;V3-01104-EV-3d2cf2608c1929d0;V3-01104-EV-c6e6150b9ba6167a;V3-01104-EV-6032205f96d702fd;V3-01104-EV-a65c935c46e6295e;V3-01104-EV-c07f7c32c4ff1d50;V3-01104-EV-707b74952dcc7fcb;V3-01104-EV-d79e1e6459ff4a3e,1,not_performed
V3-01105,retained_current_illustration_scoped,,True,local_source_copy_matched,f29df1b951777602db9b6fad376e071fe70730c39097f1a48fdea8469c816ed0,True,ILL-V3-01105-01,principal;boundary;contrasting,RQ1;RQ2;RQ3;RQ4;RQ5,RQ1.interaction.I01_entity_navigation;RQ1.interaction.I02_faceted_filtering;RQ1.interaction.I10_reuse_history;RQ1.representation_role.unspecified;RQ1.visualisation.V02_outline_tree;RQ1.visualisation.V03_table_list;RQ1.visualisation.V06_statistical_chart;RQ1.visualisation.V09_text_document;RQ2.guidance.G01_valid_next_step;RQ2.guidance.G02_lexical_completion;RQ2.guidance.G03_semantic_ranking;RQ2.guidance.G06_context_explanation;RQ2.guidance.G10_orientation_feedback;RQ2.interaction.I10_reuse_history;RQ3.access.A01_endpoint_query;RQ3.access.A06_projection_cache;RQ3.data_model.B01_rdf;RQ3.missing.implementation_engines;RQ3.missing.query_languages;RQ3.scalability.S04_reported_visual_scale;RQ3.scalability.S05_strategy_only;RQ4.evaluation.E03_formative_user;RQ4.evaluation.E04_single_system_user;RQ4.study_design.E03_formative_user;RQ4.study_design.E04_single_system_user;RQ5.identity_status.not_established;RQ5.provenance.full_report_read;RQ5.publication_version.not_recorded;RQ5.report_evaluation_limitations.text_recorded;RQ5.report_limitations.no_entry_recorded;RQ5.resource_role.other;RQ5.resource_verification.historical_version_equivalence_verified.not_recorded;RQ5.resource_verification.license_verified.not_recorded;RQ5.resource_verification.source_build_verified.not_recorded;RQ5.resource_verification.working_demo_verified.not_recorded,V3-01105-EV-982b8021b6c043dd;V3-01105-EV-05a86f19db5c0f2a;V3-01105-EV-02eceb2fc34fe0ee;V3-01105-EV-9b9b9f143420a504;V3-01105-EV-78709c86e1b5edff;V3-01105-EV-c0d97177c1320361;V3-01105-EV-d96552b9d8ebfe63;V3-01105-EV-46363f95cf7fef66;V3-01105-EV-696339fcb300a53a;V3-01105-EV-479b7829588bdedc;V3-01105-EV-dde7a7fef7707fec;V3-01105-EV-c2627e056643bae6;V3-01105-EV-03fdb5e6702cdddf;V3-01105-EV-a7bcafea04ac00ec;V3-01105-EV-357eaf8c68360cce;V3-01105-EV-3bfcffafd785fe73;V3-01105-EV-af4d6057ea2fcaae;V3-01105-EV-e7f31ccf8b87d5cc;V3-01105-EV-763be95a2f840918;V3-01105-EV-34f86d21c75a25f2;V3-01105-EV-1b2682930b6a45db;V3-01105-EV-925a3f596620ced8;V3-01105-EV-e3a240ab486106af,2,not_performed
V3-01109,not_selected_current_unresolved,No current illustrative fact nominated; not compared for retention against the current 49.,False,local_source_copy_matched,2624bba1b4db84086bff0553ff721a9778e8d0bbceda41e8d0425fe293adaae0,False,,,RQ1;RQ2;RQ3;RQ4;RQ5,RQ1.interaction.I01_entity_navigation;RQ1.interaction.I02_faceted_filtering;RQ1.representation_role.unspecified;RQ1.visualisation.V03_table_list;RQ2.guidance.G03_semantic_ranking;RQ2.guidance.G06_context_explanation;RQ2.guidance.G10_orientation_feedback;RQ3.data_model.B01_rdf;RQ3.implementation_engines.Java lattice/selection algorithms;RQ3.missing.access;RQ3.missing.query_languages;RQ3.scalability.S01_measured_runtime;RQ3.scalability.S03_reported_data_scale;RQ4.evaluation.E05_comparative_user;RQ4.evaluation.E07_performance;RQ4.study_design.E05_comparative_user;RQ4.study_design.E07_performance;RQ5.identity_status.not_established;RQ5.provenance.partial_report_read;RQ5.publication_version.recorded;RQ5.report_evaluation_limitations.text_recorded;RQ5.report_limitations.no_entry_recorded;RQ5.resource_role.other;RQ5.resource_verification.historical_version_equivalence_verified.not_recorded;RQ5.resource_verification.license_verified.not_recorded;RQ5.resource_verification.source_build_verified.not_recorded;RQ5.resource_verification.working_demo_verified.not_recorded,V3-01109-EV-56f6b6aaa7551c75;V3-01109-EV-466a88d178efb04e;V3-01109-EV-086299f0a7549f6f;V3-01109-EV-6daca8f182e9421a;V3-01109-EV-467cba16b7c7101d;V3-01109-EV-f0604fdbbc6d5240;V3-01109-EV-43ca9c20aafe96d8;V3-01109-EV-b9a8d38e6627660e;V3-01109-EV-314e3c34802d1bc4;V3-01109-EV-45aa72cd8033b76f;V3-01109-EV-5e8ef7b2f5018b16;V3-01109-EV-f26f4bd899fa0d58;V3-01109-EV-fdb1080dc469466f;V3-01109-EV-97f1d6a0dbc697bf;V3-01109-EV-42dabc6366b7bba6;V3-01109-EV-f86f323e435d365f;V3-01109-EV-b0fa9c1e30e90a0b;V3-01109-EV-25c22501b871c8cf;V3-01109-EV-d939aaf8d19af556;V3-01109-EV-5a20faa939ab6409;V3-01109-EV-b101cb73f721d6da;V3-01109-EV-740b2fc818b29c5c;V3-01109-EV-37cab97e845dd48c;V3-01109-EV-e0b5b14d419fd532;V3-01109-EV-0751afea58503b11;V3-01109-EV-a1bab17158e280fe;V3-01109-EV-1f4a511ba98ad40e;V3-01109-EV-39384095e0615ae0;V3-01109-EV-c53db3789588dec7;V3-01109-EV-d4d5b8e8bcc6b847;V3-01109-EV-c99665143b662db7;V3-01109-EV-cf2624d3fa59d3eb;V3-01109-EV-089d14db689359be;V3-01109-EV-400f6b86731b0086;V3-01109-EV-12e795f9dd1ff24a;V3-01109-EV-c9eddb8ff7f03273;V3-01109-EV-aa30b1ec14cf279d;V3-01109-EV-c17bcddff1ded2d5;V3-01109-EV-7c14a3de3fc96241;V3-01109-EV-1da893cb63bb1a92;V3-01109-EV-b536cd7964a847c9;V3-01109-EV-4b5919fdd81d3740;V3-01109-EV-62a187bee95b6102;V3-01109-EV-0fe5ff9381f36d17;V3-01109-EV-965320b29e83e210;V3-01109-EV-540b801a94fc4056;V3-01109-EV-61b7146640fe8aef;V3-01109-EV-6ae833f8e67e519c,2,not_performed
V3-01110,retained_current_illustration_scoped,,True,local_source_copy_matched,572cfb2d94f4ccda697b651c7b62a9008b3fd73b3dac971a8c5d5479c516b062,True,ILL-V3-01110-01,principal;boundary,RQ1;RQ2;RQ3;RQ4;RQ5,RQ1.missing.interaction;RQ1.missing.visualisation;RQ2.guidance.G05_template_entry;RQ3.data_model.B01_rdf;RQ3.missing.access;RQ3.missing.implementation_engines;RQ3.missing.query_languages;RQ3.missing.scalability;RQ4.evaluation.E01_demonstration;RQ4.evaluation.E02_case_study;RQ4.missing.study_entries;RQ5.identity_status.scoped_match;RQ5.provenance.full_report_read;RQ5.publication_version.not_recorded;RQ5.report_evaluation_limitations.text_recorded;RQ5.report_limitations.no_entry_recorded;RQ5.resource_role.application_source;RQ5.resource_verification.historical_version_equivalence_verified.not_recorded;RQ5.resource_verification.license_verified.not_recorded;RQ5.resource_verification.source_build_verified.not_recorded;RQ5.resource_verification.working_demo_verified.not_recorded,V3-01110-EV-2ff33e3c15da1998;V3-01110-EV-a7a5a8a036f14a63;V3-01110-EV-42aabef2e91e2371;V3-01110-EV-5cd7b1d8cdbffb49;V3-01110-EV-c4a72090ed5de140;V3-01110-EV-0536d1b2e516279b,0,not_performed
V3-01117,retained_current_illustration_scoped,,True,local_source_copy_matched,a58a62c945ef279ae361ecdd58175b8b52f66ed5347d1147a3e1c20792aacb0a,True,ILL-V3-01117-01,principal;boundary,RQ1;RQ2;RQ3;RQ4;RQ5,RQ1.interaction.I02_faceted_filtering;RQ1.interaction.I09_visual_configuration;RQ1.interaction.I10_reuse_history;RQ1.representation_role.unspecified;RQ1.visualisation.V01_node_link;RQ1.visualisation.V02_outline_tree;RQ1.visualisation.V03_table_list;RQ1.visualisation.V04_map;RQ1.visualisation.V11_coordinated_views;RQ2.guidance.G01_valid_next_step;RQ2.guidance.G02_lexical_completion;RQ2.guidance.G06_context_explanation;RQ2.guidance.G07_visualisation_recommendation;RQ2.guidance.G10_orientation_feedback;RQ2.interaction.I10_reuse_history;RQ3.access.A01_endpoint_query;RQ3.access.A04_federation;RQ3.data_model.B01_rdf;RQ3.missing.implementation_engines;RQ3.missing.query_languages;RQ3.scalability.S05_strategy_only;RQ4.evaluation.E01_demonstration;RQ4.evaluation.E02_case_study;RQ4.missing.study_entries;RQ5.missing.resource_entries;RQ5.provenance.full_report_read;RQ5.publication_version.not_recorded;RQ5.report_evaluation_limitations.text_recorded;RQ5.report_limitations.no_entry_recorded,V3-01117-EV-52095a6692690bcc;V3-01117-EV-1fe1f4c81552ca56;V3-01117-EV-3082cc4fdfa3a0ba;V3-01117-EV-8ca047f828d77898;V3-01117-EV-e631ef65f9cfca52;V3-01117-EV-170e549017ea02b2;V3-01117-EV-f9e5938501e136ed;V3-01117-EV-fbbb117dfa680586;V3-01117-EV-d463023c1a47993d;V3-01117-EV-c07e422b1ad9d7da;V3-01117-EV-dfb12ad84f5974cb;V3-01117-EV-7c7c7da5cbc8e684;V3-01117-EV-c21b549eb989a15f;V3-01117-EV-56cef9693af9c3f1;V3-01117-EV-420bf4fd25cc1a07;V3-01117-EV-ac07b87b958bdedd;V3-01117-EV-690fff48a7efb8a4;V3-01117-EV-173159207de546cc;V3-01117-EV-3bf3748b7bfa56ef;V3-01117-EV-77d08ef601e012cd;V3-01117-EV-f498124784303b59,0,not_performed
V3-01118,retained_current_illustration_scoped,,True,local_source_copy_matched,a2c9b2fcd79db35d5fe3c04f44d1655706dc34d9de4a7ab6ef21a3d7fa6e0904,True,ILL-V3-01118-01,principal;boundary;contrasting,RQ1;RQ2;RQ3;RQ4;RQ5,RQ1.interaction.I04_text_query;RQ1.missing.visualisation;RQ2.guidance.G02_lexical_completion;RQ3.access.A03_local_store;RQ3.access.A05_file_input;RQ3.access.A06_projection_cache;RQ3.data_model.B01_rdf;RQ3.implementation_engines.Lucene graph-summary index;RQ3.query_languages.SPARQL;RQ3.scalability.S01_measured_runtime;RQ3.scalability.S02_measured_resource;RQ3.scalability.S03_reported_data_scale;RQ3.scalability.S05_strategy_only;RQ4.evaluation.E06_offline_accuracy;RQ4.evaluation.E07_performance;RQ4.missing.study_design_codes;RQ5.identity_status.scoped_match;RQ5.provenance.source_evidence_extracted;RQ5.publication_version.not_recorded;RQ5.report_evaluation_limitations.text_recorded;RQ5.report_limitations.no_entry_recorded;RQ5.resource_role.application_source;RQ5.resource_verification.historical_version_equivalence_verified.not_recorded;RQ5.resource_verification.license_verified.not_recorded;RQ5.resource_verification.source_build_verified.not_recorded;RQ5.resource_verification.working_demo_verified.not_recorded,V3-01118-EV-2b5a466e2ade3af6;V3-01118-EV-a5d93002c19c2c88;V3-01118-EV-1d07cd56fb33ae83;V3-01118-EV-de85b1a545079e40;V3-01118-EV-5fe68751b4720447;V3-01118-EV-8a42e5ac0a9398b9;V3-01118-EV-cae51a2c6a697ea4;V3-01118-EV-afbf8b0b043dc8be;V3-01118-EV-2394c07ea844eb08;V3-01118-EV-8fdbde1da7c46c42;V3-01118-EV-967c0e0b12b1aa70;V3-01118-EV-5258597512f689b9;V3-01118-EV-ed25a89856645244;V3-01118-EV-085a24d8c6f54503;V3-01118-EV-b954f65ccb1eccb7;V3-01118-EV-edee94f491292e0a;V3-01118-EV-621a664e8a5f3f40,1,not_performed
V3-01126,retained_current_illustration_scoped,,True,local_source_copy_matched,08b4fb1429abeb1ca03e5a2336d015012436908103477fb164fe13873e6fcec1,True,ILL-V3-01126-01,principal;boundary;contrasting,RQ1;RQ2;RQ3;RQ4;RQ5,RQ1.interaction.I01_entity_navigation;RQ1.interaction.I07_example_query;RQ1.interaction.I10_reuse_history;RQ1.representation_role.unspecified;RQ1.visualisation.V03_table_list;RQ1.visualisation.V06_statistical_chart;RQ1.visualisation.V09_text_document;RQ2.guidance.G03_semantic_ranking;RQ2.guidance.G06_context_explanation;RQ2.guidance.G08_personalisation;RQ2.interaction.I10_reuse_history;RQ3.implementation_engines.Linear SVM/tf-idf/SPECTER;RQ3.missing.access;RQ3.missing.data_model;RQ3.missing.query_languages;RQ3.scalability.S01_measured_runtime;RQ3.scalability.S03_reported_data_scale;RQ3.scalability.S05_strategy_only;RQ4.evaluation.E03_formative_user;RQ4.evaluation.E05_comparative_user;RQ4.evaluation.E06_offline_accuracy;RQ4.evaluation.E07_performance;RQ4.study_design.E03_formative_user;RQ4.study_design.E05_comparative_user;RQ4.study_design.E06_offline_accuracy;RQ4.study_design.E07_performance;RQ5.missing.resource_entries;RQ5.provenance.source_evidence_extracted;RQ5.publication_version.recorded;RQ5.report_evaluation_limitations.text_recorded;RQ5.report_limitations.no_entry_recorded,V3-01126-EV-abdf77c9d050312a;V3-01126-EV-f14e1667743ef3f8;V3-01126-EV-9f68e3940412d916;V3-01126-EV-e4479ba5a27929d9;V3-01126-EV-4d404ff6016a4caf;V3-01126-EV-20503103ffcdb16f;V3-01126-EV-c20123d3f508e9ff;V3-01126-EV-2a57f3a1afb0b43b;V3-01126-EV-9145b41160f02fff;V3-01126-EV-130cd0759ed3ccd6;V3-01126-EV-b3a2185e798b1b0b;V3-01126-EV-fd1796fae9ef15d0;V3-01126-EV-2c844b9c30d0b58d;V3-01126-EV-a192fd26d53779a4;V3-01126-EV-a7548d8f4714c9d6;V3-01126-EV-1263b191c464ef04;V3-01126-EV-0b592bbf4a523943;V3-01126-EV-67e52eb2c2335e48;V3-01126-EV-0b391f7542f36092;V3-01126-EV-b1835c5c66a4849c,4,not_performed
V3-01127,not_selected_current_unresolved,No current illustrative fact nominated; not compared for retention against the current 49.,False,local_source_copy_matched,95a75c461d6023fb35137534f77ed3f7f7f49dad9dcf49acf6105a49ab49f974,False,,,RQ1;RQ2;RQ3;RQ4;RQ5,RQ1.interaction.I01_entity_navigation;RQ1.interaction.I02_faceted_filtering;RQ1.interaction.I10_reuse_history;RQ1.representation_role.unspecified;RQ1.visualisation.V03_table_list;RQ1.visualisation.V09_text_document;RQ2.guidance.G01_valid_next_step;RQ2.guidance.G08_personalisation;RQ2.guidance.G10_orientation_feedback;RQ2.interaction.I10_reuse_history;RQ3.access.A01_endpoint_query;RQ3.access.A04_federation;RQ3.data_model.B01_rdf;RQ3.implementation_engines.Linked Data Reactor;RQ3.query_languages.SPARQL;RQ3.scalability.S05_strategy_only;RQ4.evaluation.E02_case_study;RQ4.missing.study_design_codes;RQ5.identity_status.not_established;RQ5.identity_status.scoped_match;RQ5.provenance.source_evidence_extracted;RQ5.publication_version.not_recorded;RQ5.report_evaluation_limitations.text_recorded;RQ5.report_limitations.no_entry_recorded;RQ5.resource_role.application_source;RQ5.resource_role.other;RQ5.resource_verification.historical_version_equivalence_verified.not_recorded;RQ5.resource_verification.license_verified.not_recorded;RQ5.resource_verification.source_build_verified.not_recorded;RQ5.resource_verification.working_demo_verified.not_recorded,V3-01127-EV-2cdf52ca3e337978;V3-01127-EV-f787b659c6b005cb;V3-01127-EV-56367396a630376f;V3-01127-EV-d95bd8b47e3d8270;V3-01127-EV-82fa1fa582cf98e4;V3-01127-EV-467b9cbf33578f3b;V3-01127-EV-e81adc4997d6637e;V3-01127-EV-5b792bc52909f280;V3-01127-EV-677d002fb876ed3a;V3-01127-EV-92b048bdb312b75c;V3-01127-EV-055ae28acedd2123;V3-01127-EV-3ac572dc4329730f;V3-01127-EV-4f435d10db34758b;V3-01127-EV-c316fe3e11d73130;V3-01127-EV-99a6000074ee834a;V3-01127-EV-4203a4c6589293c1;V3-01127-EV-00e566b19da1ef13;V3-01127-EV-9ab2f624a0a9156e;V3-01127-EV-792d144a60444e60,1,not_performed
V3-01155,retained_current_illustration_scoped,,True,local_source_copy_matched,67cdd44166d1313f052cf10fc645ecfb61ae9dddc0cb34669112a96a23499a48,True,ILL-V3-01155-01,principal;boundary;demo,RQ1;RQ2;RQ3;RQ4;RQ5,RQ1.interaction.I02_faceted_filtering;RQ1.interaction.I03_visual_query;RQ1.interaction.I06_free_language;RQ1.interaction.I08_coordinated_analysis;RQ1.representation_role.unspecified;RQ1.visualisation.V03_table_list;RQ1.visualisation.V04_map;RQ1.visualisation.V09_text_document;RQ1.visualisation.V11_coordinated_views;RQ2.guidance.G01_valid_next_step;RQ2.guidance.G05_template_entry;RQ2.guidance.G06_context_explanation;RQ2.guidance.G09_language_generation;RQ2.guidance.G10_orientation_feedback;RQ3.access.A01_endpoint_query;RQ3.data_model.B01_rdf;RQ3.missing.implementation_engines;RQ3.missing.query_languages;RQ3.missing.scalability;RQ4.evaluation.E01_demonstration;RQ4.evaluation.E02_case_study;RQ4.evaluation.E03_formative_user;RQ4.missing.study_entries;RQ5.missing.resource_entries;RQ5.provenance.full_report_read;RQ5.publication_version.not_recorded;RQ5.report_evaluation_limitations.text_recorded;RQ5.report_limitations.no_entry_recorded,V3-01155-EV-c9e18b1622522318;V3-01155-EV-fc9451d5703df2ab;V3-01155-EV-85314079d70a6363;V3-01155-EV-dda6599dceb31a59;V3-01155-EV-57372e90a161eabe;V3-01155-EV-f2336e8dd88a8c2d;V3-01155-EV-62b62903274c0c8a;V3-01155-EV-baa76ab5adedc1f3;V3-01155-EV-436437a551620dfa;V3-01155-EV-4e7094f6320350d5;V3-01155-EV-0c0f380e75127fe8;V3-01155-EV-cd5483e24f16b0c9;V3-01155-EV-95dd6acf842dbb3f;V3-01155-EV-bae1ace7c187ef60;V3-01155-EV-3724ec9561ea6829;V3-01155-EV-38c21fe7c30e60c3;V3-01155-EV-fec6793b399be1e5;V3-01155-EV-a22e1c1307bdd92d;V3-01155-EV-33c40339efd2b748;V3-01155-EV-0055b305b9d48114;V3-01155-EV-e8ba4fbd76236a4a,0,not_performed
V3-01169,not_selected_current_unresolved,No current illustrative fact nominated; not compared for retention against the current 49.,False,local_source_copy_matched,196fcfa2fa9d5a3d0f578606d747c5e92013256ebaffe9e67c451c20ceb5e7a1,False,,,RQ1;RQ2;RQ3;RQ4;RQ5,RQ1.interaction.I01_entity_navigation;RQ1.interaction.I02_faceted_filtering;RQ1.interaction.I09_visual_configuration;RQ1.representation_role.unspecified;RQ1.visualisation.V01_node_link;RQ1.visualisation.V02_outline_tree;RQ1.visualisation.V03_table_list;RQ1.visualisation.V09_text_document;RQ2.guidance.G06_context_explanation;RQ2.guidance.G07_visualisation_recommendation;RQ2.guidance.G10_orientation_feedback;RQ3.access.A02_uri_dereference;RQ3.access.A03_local_store;RQ3.data_model.B01_rdf;RQ3.implementation_engines.IsaViz;RQ3.implementation_engines.Java/SWT;RQ3.implementation_engines.Java/Sesame/XSLT;RQ3.implementation_engines.PHP/MySQL;RQ3.missing.scalability;RQ3.query_languages.SPARQL;RQ3.query_languages.other_explicitly_attested;RQ4.evaluation.E01_demonstration;RQ4.study_design.E01_demonstration;RQ5.identity_status.not_established;RQ5.identity_status.scoped_match;RQ5.provenance.partial_report_read;RQ5.publication_version.recorded;RQ5.report_evaluation_limitations.text_recorded;RQ5.report_limitations.no_entry_recorded;RQ5.resource_role.documentation;RQ5.resource_role.other;RQ5.resource_verification.historical_version_equivalence_verified.not_recorded;RQ5.resource_verification.license_verified.not_recorded;RQ5.resource_verification.source_build_verified.not_recorded;RQ5.resource_verification.working_demo_verified.not_recorded,V3-01169-EV-66236871b018b7d2;V3-01169-EV-0266233060ea2387;V3-01169-EV-ca25a1a7ee4e4225;V3-01169-EV-f04899633a002d9b;V3-01169-EV-91accafbe01f2808;V3-01169-EV-6ca6de5fb1c4357e;V3-01169-EV-441363f4b0c53827;V3-01169-EV-03b472e5f4af18a6;V3-01169-EV-153f397beaf6a78b;V3-01169-EV-8c9e40f8299389b8;V3-01169-EV-09da5fb39d06df4c;V3-01169-EV-0d06bf49ff4c30e8;V3-01169-EV-97398584fff15498;V3-01169-EV-205160f616ae524f;V3-01169-EV-78b5d9545cd0710f;V3-01169-EV-e1f50a7a181061f8;V3-01169-EV-f121bfee297d3559;V3-01169-EV-7cfee31c4c853615;V3-01169-EV-c626c888ff3af1fe;V3-01169-EV-7eaaaf873b491151;V3-01169-EV-e86947a815cd2e44;V3-01169-EV-30457f28cca5883c;V3-01169-EV-21576c33ab06d763;V3-01169-EV-6c87ff3abe9d098a;V3-01169-EV-46a8b7316604f0c7;V3-01169-EV-e9635f1ebb7ef587;V3-01169-EV-61fa663ab347c1f7;V3-01169-EV-fa4b1b8c3edebeb6;V3-01169-EV-c89a1dc7fbb23f4c;V3-01169-EV-9109959a2733209a;V3-01169-EV-90cad97922b7e2e3;V3-01169-EV-e12c9d2f02a99969;V3-01169-EV-995547ffd25517f1;V3-01169-EV-599506928d90813d;V3-01169-EV-f387901c9163d346;V3-01169-EV-9d3722df01c3c7e2;V3-01169-EV-150053db608032d8;V3-01169-EV-fb7dd228e951d8b2;V3-01169-EV-3000a8e5bccc2ff5;V3-01169-EV-8bf7138a60ed67cc;V3-01169-EV-50cdb8af07c7fbc7;V3-01169-EV-d97d254745256b86;V3-01169-EV-6789eae34ffee78f;V3-01169-EV-d9535903cae15780;V3-01169-EV-4234644b9cde7466;V3-01169-EV-0dfb6a415b885a13;V3-01169-EV-25ef7dff3614e4ec;V3-01169-EV-c85202e13e5df473;V3-01169-EV-092d1784bb347d98;V3-01169-EV-5b4841ebb3318669;V3-01169-EV-ef61771a3f98f36a;V3-01169-EV-9541b79d53051a38,1,not_performed
V3-01218,retained_current_illustration_scoped,,True,local_source_copy_matched,befa9d98f342fc9e11b8be7d7692f76882fe907828007959ed09f242ed221ccf,True,ILL-V3-01218-01,principal;demo;boundary,RQ1;RQ2;RQ3;RQ4;RQ5,RQ1.interaction.I01_entity_navigation;RQ1.interaction.I08_coordinated_analysis;RQ1.representation_role.unspecified;RQ1.visualisation.V01_node_link;RQ1.visualisation.V03_table_list;RQ1.visualisation.V04_map;RQ1.visualisation.V06_statistical_chart;RQ1.visualisation.V09_text_document;RQ1.visualisation.V11_coordinated_views;RQ2.guidance.G05_template_entry;RQ2.guidance.G06_context_explanation;RQ2.guidance.G10_orientation_feedback;RQ3.access.A01_endpoint_query;RQ3.data_model.B01_rdf;RQ3.missing.implementation_engines;RQ3.missing.query_languages;RQ3.missing.scalability;RQ4.evaluation.E01_demonstration;RQ4.evaluation.E02_case_study;RQ4.missing.study_entries;RQ5.missing.resource_entries;RQ5.provenance.full_report_read;RQ5.publication_version.not_recorded;RQ5.report_evaluation_limitations.text_recorded;RQ5.report_limitations.no_entry_recorded,V3-01218-EV-33d9fa9248de4742;V3-01218-EV-a19b95ae1db4c14d;V3-01218-EV-8fcde394ab6b08ed;V3-01218-EV-8dffceb9607af5f3;V3-01218-EV-afe4b774b97786cc;V3-01218-EV-f674fbb9a744214c;V3-01218-EV-bc9e0bc42ae7bc8b;V3-01218-EV-3668cad58add4014;V3-01218-EV-1fb95fe75edc2f5b;V3-01218-EV-b5d5043b24886a49;V3-01218-EV-f6171d39a38d978b;V3-01218-EV-d0646670e356d3be;V3-01218-EV-4329d9e6d34860ec;V3-01218-EV-2111d89478f9e47e;V3-01218-EV-056111bad819245d;V3-01218-EV-e044cf8510507b0c;V3-01218-EV-11fcbcf757b311c0,0,not_performed
V3-01227,not_selected_current_unresolved,No current illustrative fact nominated; not compared for retention against the current 49.,False,local_source_copy_matched,0593b8d1d9d2f72d6f5c90be3c8dd1a90f75bce513f64fa3458f795ddd93854e,False,,,RQ1;RQ2;RQ3;RQ4;RQ5,RQ1.interaction.I01_entity_navigation;RQ1.interaction.I02_faceted_filtering;RQ1.interaction.I04_text_query;RQ1.interaction.I09_visual_configuration;RQ1.representation_role.unspecified;RQ1.visualisation.V01_node_link;RQ1.visualisation.V03_table_list;RQ1.visualisation.V09_text_document;RQ2.guidance.G02_lexical_completion;RQ3.access.A05_file_input;RQ3.implementation_engines.Java/Pellet;RQ3.missing.data_model;RQ3.query_languages.SPARQL;RQ3.scalability.S05_strategy_only;RQ4.evaluation.E01_demonstration;RQ4.evaluation.E02_case_study;RQ4.study_design.E01_demonstration;RQ4.study_design.E02_case_study;RQ5.missing.resource_entries;RQ5.provenance.partial_report_read;RQ5.publication_version.recorded;RQ5.report_evaluation_limitations.text_recorded;RQ5.report_limitations.no_entry_recorded,V3-01227-EV-8133965a18854a17;V3-01227-EV-1ab8b9499c006e56;V3-01227-EV-e964a233b331f248;V3-01227-EV-4e28ce4a877f575c;V3-01227-EV-fee9f6d1c155a417;V3-01227-EV-ece99d95d7a085dc;V3-01227-EV-4a965bd4cb8bead1;V3-01227-EV-df6e69c0befa5f08;V3-01227-EV-c580c12a132c0573;V3-01227-EV-9d88f89d4717430c;V3-01227-EV-93a514217d1d8a18;V3-01227-EV-d7a00cf557f34c76;V3-01227-EV-d434b03db5db6e92;V3-01227-EV-e0cc187ecb59eac4;V3-01227-EV-f34e961f04f5a368;V3-01227-EV-b3560a0c802b140b;V3-01227-EV-8723d61f7e5cdee6;V3-01227-EV-dad903aa000627c5;V3-01227-EV-ce43d228cb5417fe;V3-01227-EV-05be70335faaaa58;V3-01227-EV-5154d324d22ce53d;V3-01227-EV-6ebfcc342e5e5e97;V3-01227-EV-835a859ed98fd634;V3-01227-EV-597eb04214111690;V3-01227-EV-6fedbedb93105847;V3-01227-EV-a83294980d0022c9;V3-01227-EV-5e53e952367e04e9;V3-01227-EV-1553bdbf93bed53e;V3-01227-EV-40f3c003ccd49371;V3-01227-EV-24b4ae764aaaf0d6;V3-01227-EV-34c4337065574cc8;V3-01227-EV-1b486c8662615cc4;V3-01227-EV-77d44199a41b0ddf;V3-01227-EV-0131ff25c9ede56f;V3-01227-EV-dba22497cb3331fe;V3-01227-EV-5d9f8d211b1b7d77,1,not_performed
V3-01230,retained_current_illustration_scoped,,True,local_source_copy_matched,aa8f35b90a63251b915b9fd158cc35b9a193b67060ab8906d6317f782b7a1ca2,True,ILL-V3-01230-01,boundary;contrasting,RQ1;RQ2;RQ3;RQ4;RQ5,RQ1.interaction.I02_faceted_filtering;RQ1.interaction.I03_visual_query;RQ1.representation_role.unspecified;RQ1.visualisation.V01_node_link;RQ1.visualisation.V03_table_list;RQ1.visualisation.V04_map;RQ2.guidance.G06_context_explanation;RQ2.guidance.G10_orientation_feedback;RQ3.access.A01_endpoint_query;RQ3.data_model.B01_rdf;RQ3.missing.implementation_engines;RQ3.missing.scalability;RQ3.query_languages.SPARQL;RQ4.evaluation.E04_single_system_user;RQ4.missing.study_design_codes;RQ5.identity_status.not_established;RQ5.provenance.source_evidence_extracted;RQ5.publication_version.not_recorded;RQ5.report_evaluation_limitations.text_recorded;RQ5.report_limitations.no_entry_recorded;RQ5.resource_role.other;RQ5.resource_verification.historical_version_equivalence_verified.not_recorded;RQ5.resource_verification.license_verified.not_recorded;RQ5.resource_verification.source_build_verified.not_recorded;RQ5.resource_verification.working_demo_verified.not_recorded,V3-01230-EV-e731879f3453a4c5;V3-01230-EV-9fcb38890d1de0fa;V3-01230-EV-f26066bacc10a41f;V3-01230-EV-6cb75e6c1efcfdd6;V3-01230-EV-22c5fdac77d71e35;V3-01230-EV-204d067ddc5e0aaa;V3-01230-EV-e903cc3c3586498f;V3-01230-EV-f26c3dba0ec91f24;V3-01230-EV-c3eca22fd7781b2f;V3-01230-EV-49f5ef3ff4c8fe38;V3-01230-EV-fbe103df40092c21;V3-01230-EV-f289c8e67ee0991b;V3-01230-EV-a84488ae1dc74689;V3-01230-EV-08e67f451d39de80,1,not_performed
V3-01242,retained_current_illustration_scoped,,True,local_source_copy_matched,2c983cb0a4b1a0ba0fc8525b9d4acf88d587a4eda0adaa2540f7f2930a150d81,True,ILL-V3-01242-01,principal;demo;boundary,RQ1;RQ2;RQ3;RQ4;RQ5,RQ1.interaction.I01_entity_navigation;RQ1.interaction.I02_faceted_filtering;RQ1.representation_role.unspecified;RQ1.visualisation.V02_outline_tree;RQ2.missing.guidance;RQ3.access.A01_endpoint_query;RQ3.access.A04_federation;RQ3.data_model.B01_rdf;RQ3.missing.implementation_engines;RQ3.missing.query_languages;RQ3.scalability.S03_reported_data_scale;RQ4.evaluation.E01_demonstration;RQ4.evaluation.E02_case_study;RQ4.evaluation.E08_deployment;RQ4.missing.study_entries;RQ5.missing.resource_entries;RQ5.provenance.full_report_read;RQ5.publication_version.not_recorded;RQ5.report_evaluation_limitations.text_recorded;RQ5.report_limitations.no_entry_recorded,V3-01242-EV-21a1563841009e9e;V3-01242-EV-21113c749dc1bb72;V3-01242-EV-055879c84a4f1f11;V3-01242-EV-4c8dee0be9d5c504;V3-01242-EV-fddb4f10ec5d8252;V3-01242-EV-268a4767523889ab;V3-01242-EV-1bab4273aa42693f;V3-01242-EV-ab91fb073f29c8df;V3-01242-EV-9b7974ceb0240566;V3-01242-EV-43364b340ff63f17;V3-01242-EV-73f3feafbbfcc0c4;V3-01242-EV-9e683474995770cc,0,not_performed
V3-01248,not_selected_current_unresolved,No current illustrative fact nominated; not compared for retention against the current 49.,False,local_source_copy_matched,2db7653c0e50091081689e1882c5c6966b018499358b3defd8a74b60141c59b8,False,,,RQ1;RQ2;RQ3;RQ4;RQ5,RQ1.interaction.I01_entity_navigation;RQ1.interaction.I02_faceted_filtering;RQ1.representation_role.unspecified;RQ1.visualisation.V03_table_list;RQ2.guidance.G01_valid_next_step;RQ2.guidance.G02_lexical_completion;RQ2.guidance.G03_semantic_ranking;RQ3.access.A03_local_store;RQ3.access.A05_file_input;RQ3.access.A06_projection_cache;RQ3.data_model.B01_rdf;RQ3.implementation_engines.Lucene;RQ3.missing.query_languages;RQ3.scalability.S03_reported_data_scale;RQ3.scalability.S05_strategy_only;RQ4.evaluation.E01_demonstration;RQ4.missing.study_entries;RQ5.identity_status.scoped_match;RQ5.provenance.full_report_read;RQ5.publication_version.recorded;RQ5.report_evaluation_limitations.text_recorded;RQ5.report_limitations.no_entry_recorded;RQ5.resource_role.application_source;RQ5.resource_role.demo;RQ5.resource_verification.historical_version_equivalence_verified.not_recorded;RQ5.resource_verification.license_verified.not_recorded;RQ5.resource_verification.source_build_verified.not_recorded;RQ5.resource_verification.working_demo_verified.not_recorded,V3-01248-EV-4fec9c46084ec00d;V3-01248-EV-cf318941c651a3c4;V3-01248-EV-cddf6164dc697735;V3-01248-EV-1c495b261d4bc62f;V3-01248-EV-571a06216850a367;V3-01248-EV-60f2f731c09eb222;V3-01248-EV-02f6b9155052b7aa;V3-01248-EV-86123c253c9cf508;V3-01248-EV-848480d2186616b7;V3-01248-EV-210103ae8ea100af;V3-01248-EV-5a78f0845119c260;V3-01248-EV-53bb75fd5ed35509;V3-01248-EV-5f716e636c54c691;V3-01248-EV-33bcb224e97c944c;V3-01248-EV-483a2ed5c72f3694;V3-01248-EV-66bb9dd1ffbc0890,0,not_performed
V3-01249,not_selected_current_unresolved,No current illustrative fact nominated; not compared for retention against the current 49.,False,local_source_copy_matched,ac8c1541def9e1b439283b55b4e7fa6a7502b9eb3d27c4e0d08744d3870ef1fa,False,,,RQ1;RQ2;RQ3;RQ4;RQ5,RQ1.interaction.I02_faceted_filtering;RQ1.representation_role.unspecified;RQ1.visualisation.V03_table_list;RQ2.guidance.G01_valid_next_step;RQ2.guidance.G10_orientation_feedback;RQ3.access.A03_local_store;RQ3.access.A06_projection_cache;RQ3.data_model.B01_rdf;RQ3.implementation_engines.Materialised RDF facet indexes;RQ3.missing.query_languages;RQ3.scalability.S01_measured_runtime;RQ3.scalability.S02_measured_resource;RQ3.scalability.S03_reported_data_scale;RQ3.scalability.S05_strategy_only;RQ4.evaluation.E04_single_system_user;RQ4.evaluation.E07_performance;RQ4.missing.study_design_codes;RQ5.identity_status.scoped_match;RQ5.provenance.source_evidence_extracted;RQ5.publication_version.not_recorded;RQ5.report_evaluation_limitations.text_recorded;RQ5.report_limitations.no_entry_recorded;RQ5.resource_role.application_source;RQ5.resource_role.demo;RQ5.resource_verification.historical_version_equivalence_verified.not_recorded;RQ5.resource_verification.license_verified.not_recorded;RQ5.resource_verification.source_build_verified.not_recorded;RQ5.resource_verification.working_demo_verified.not_recorded,V3-01249-EV-93b6e7157cc68f40;V3-01249-EV-81ef1161af7299f1;V3-01249-EV-f1a2025443e2b1b2;V3-01249-EV-c622d117bc7be16e;V3-01249-EV-1a608e5b946cf634;V3-01249-EV-a923aa18c0ab84cd;V3-01249-EV-036ba3e00625fd1a;V3-01249-EV-b1d3874d95a2b5fa;V3-01249-EV-f87ed820ffbb27b0;V3-01249-EV-ae5cf165810c5197;V3-01249-EV-0031a19ecc6da030;V3-01249-EV-1602c8b94e55dbe6;V3-01249-EV-6e7ea23beb33618f;V3-01249-EV-7cf6d7ab5fd52b46;V3-01249-EV-e930aa57927cf94e;V3-01249-EV-8b9341d68540ff54;V3-01249-EV-eb92fc3e727f94a4,1,not_performed
V3-01262,not_selected_current_unresolved,No current illustrative fact nominated; not compared for retention against the current 49.,False,local_source_copy_matched,e25542ee1727d5ab95109c6e649d12fdd29c2e6dd24893d3c3bf5961eab0c75b,False,,,RQ1;RQ2;RQ3;RQ4;RQ5,RQ1.interaction.I03_visual_query;RQ1.interaction.I06_free_language;RQ1.interaction.I07_example_query;RQ1.representation_role.unspecified;RQ1.visualisation.V01_node_link;RQ1.visualisation.V02_outline_tree;RQ1.visualisation.V08_small_multiples;RQ1.visualisation.V11_coordinated_views;RQ2.guidance.G01_valid_next_step;RQ2.guidance.G02_lexical_completion;RQ2.guidance.G03_semantic_ranking;RQ2.guidance.G04_query_expansion_relaxation;RQ2.guidance.G09_language_generation;RQ2.guidance.G10_orientation_feedback;RQ3.access.A01_endpoint_query;RQ3.data_model.B01_rdf;RQ3.implementation_engines.OnSET/constrained language models/sentence embeddings;RQ3.missing.scalability;RQ3.query_languages.SPARQL;RQ4.evaluation.E04_single_system_user;RQ4.evaluation.E06_offline_accuracy;RQ4.study_design.E04_single_system_user;RQ4.study_design.E06_offline_accuracy;RQ5.identity_status.scoped_match;RQ5.provenance.full_report_read;RQ5.publication_version.not_recorded;RQ5.report_evaluation_limitations.text_recorded;RQ5.report_limitations.no_entry_recorded;RQ5.resource_role.application_source;RQ5.resource_verification.historical_version_equivalence_verified.not_recorded;RQ5.resource_verification.license_verified.not_recorded;RQ5.resource_verification.source_build_verified.not_recorded;RQ5.resource_verification.working_demo_verified.not_recorded,V3-01262-EV-49126da2c91da749;V3-01262-EV-432a1ec55ac31f50;V3-01262-EV-90e0a78aebd6c311;V3-01262-EV-17cf10e110ef980b;V3-01262-EV-be8402d9a479f029;V3-01262-EV-cdcdb62f2d3186ea;V3-01262-EV-8442b5af0dc01eb2;V3-01262-EV-1f031653fc050b92;V3-01262-EV-0f6ced69495a86dd;V3-01262-EV-1d48be710b8a09a4;V3-01262-EV-b3295b96f906a7b4;V3-01262-EV-db4eada9948856a4;V3-01262-EV-a46a0d6bbf46eabd;V3-01262-EV-aa930a12233b76fc;V3-01262-EV-5f97af32c56ac847;V3-01262-EV-a3f55421aac0aaff;V3-01262-EV-a5f34d9a69553d2d;V3-01262-EV-3ece6605d169b7d2;V3-01262-EV-306472f60738057a;V3-01262-EV-5a8697a38168481d;V3-01262-EV-9a9ae8ad73f71425;V3-01262-EV-71237303cf5b0fa6,2,not_performed
V3-01265,retained_current_illustration_scoped,,True,local_source_copy_matched,d08839bec83563f6a70fb9b14651f6ef4b8056afb22c714c0f021b37eb2c4890,True,ILL-V3-01265-01,principal;boundary;contrasting,RQ1;RQ2;RQ3;RQ4;RQ5,RQ1.interaction.I07_example_query;RQ1.representation_role.unspecified;RQ1.visualisation.V01_node_link;RQ2.guidance.G03_semantic_ranking;RQ2.guidance.G04_query_expansion_relaxation;RQ3.access.A03_local_store;RQ3.access.A06_projection_cache;RQ3.implementation_engines.Precomputed heterogeneous KG statistics;RQ3.missing.data_model;RQ3.missing.query_languages;RQ3.scalability.S01_measured_runtime;RQ3.scalability.S03_reported_data_scale;RQ3.scalability.S05_strategy_only;RQ4.evaluation.E06_offline_accuracy;RQ4.evaluation.E07_performance;RQ4.missing.study_design_codes;RQ5.missing.resource_entries;RQ5.provenance.source_evidence_extracted;RQ5.publication_version.not_recorded;RQ5.report_evaluation_limitations.text_recorded;RQ5.report_limitations.no_entry_recorded,V3-01265-EV-6ae491a0cf4b0585;V3-01265-EV-e7ff257a34ce5ed4;V3-01265-EV-4b026993a6a579f0;V3-01265-EV-a2cde7eb447afe78;V3-01265-EV-b85bd6e55b8f04e7;V3-01265-EV-21489248e3fde359;V3-01265-EV-b1674e9c4d276924;V3-01265-EV-0907c8f7f4210f70;V3-01265-EV-996d72122919f15b;V3-01265-EV-add7b8831fdf8fc9;V3-01265-EV-13c2d6faaf028ba9;V3-01265-EV-58bff5aab7e796b9;V3-01265-EV-816006535aaa91ae;V3-01265-EV-1674125112967e51,1,not_performed
V3-01274,not_selected_current_unresolved,No current illustrative fact nominated; not compared for retention against the current 49.,False,local_source_copy_matched,0bc76f6f3114d92e656ebd3ba398e855ad10d4a48e69d915ee5e9b06ec7fc286,False,,,RQ1;RQ2;RQ3;RQ4;RQ5,RQ1.interaction.I03_visual_query;RQ1.interaction.I10_reuse_history;RQ1.representation_role.unspecified;RQ1.visualisation.V01_node_link;RQ1.visualisation.V03_table_list;RQ2.guidance.G01_valid_next_step;RQ2.guidance.G10_orientation_feedback;RQ2.interaction.I10_reuse_history;RQ3.access.A05_file_input;RQ3.data_model.B06_schema_only;RQ3.implementation_engines.Java1.5/Jena2.5.7/NetBeans;RQ3.query_languages.SPARQL;RQ3.scalability.S04_reported_visual_scale;RQ4.evaluation.E01_demonstration;RQ4.study_design.E01_demonstration;RQ5.missing.resource_entries;RQ5.provenance.partial_report_read;RQ5.publication_version.recorded;RQ5.report_evaluation_limitations.text_recorded;RQ5.report_limitations.no_entry_recorded,V3-01274-EV-38cc5808f982c615;V3-01274-EV-ae10a1c6f96b20c7;V3-01274-EV-ff50c84af3c8eaa3;V3-01274-EV-cce82dc42a916d8e;V3-01274-EV-2cc309379626c9e8;V3-01274-EV-96738cdebc35f684;V3-01274-EV-ffbd19691983608b;V3-01274-EV-2e555425a98c5447;V3-01274-EV-a904e277726145f4;V3-01274-EV-11f2f24008c4a94f;V3-01274-EV-d4f679b7bf9c1b1b;V3-01274-EV-2110e6ae1257abb2;V3-01274-EV-62297115295b0f06;V3-01274-EV-4e04de44d9054245;V3-01274-EV-92d4f1a273c9b925;V3-01274-EV-abcce7dc6e7ed2cf;V3-01274-EV-14384d2acd20a5b2;V3-01274-EV-4f9550944e3f147c;V3-01274-EV-02fd83a95856561e;V3-01274-EV-7b1cd7a096c1d5ad;V3-01274-EV-86231c646af1acd9;V3-01274-EV-84e4b5f503f8f93e;V3-01274-EV-e4a1ef3a59719ca2;V3-01274-EV-235f1a3a2d7c4be6;V3-01274-EV-dacf0f0e17d1d396;V3-01274-EV-924e5430499f014f;V3-01274-EV-6637dc47de8bfe6e;V3-01274-EV-3985b771c2adb86c;V3-01274-EV-ff0579939ca211e5;V3-01274-EV-8a0789910bd166eb;V3-01274-EV-497ab9af6e14bbc0;V3-01274-EV-0ed4e4e2926f17ee;V3-01274-EV-24df2d22c317548e;V3-01274-EV-dc6d1a26418a190e;V3-01274-EV-cb8eed583bae240e;V3-01274-EV-404b4f7b0722ddd7;V3-01274-EV-967079a4c9cd1536;V3-01274-EV-669e01f15febd5e0;V3-01274-EV-f09e671ed01c87fe;V3-01274-EV-c93aaaf00e05a890;V3-01274-EV-0dd85aa5a3ba4a96;V3-01274-EV-8219a1a24a2152f7;V3-01274-EV-74f27f81ca165a90;V3-01274-EV-28f9f29f0375832d;V3-01274-EV-78b3ae0739faf03f;V3-01274-EV-9fb3dd236ef06299;V3-01274-EV-984015679d563154,1,not_performed
V3-01312,not_selected_current_unresolved,No current illustrative fact nominated; not compared for retention against the current 49.,False,local_source_copy_matched,6148828f886c32bbdd2e746b1efb57757275e164255fe6ad4fb9dbe0ad63d89f,False,,,RQ1;RQ2;RQ3;RQ4;RQ5,RQ1.interaction.I01_entity_navigation;RQ1.interaction.I03_visual_query;RQ1.representation_role.unspecified;RQ1.visualisation.V01_node_link;RQ2.guidance.G10_orientation_feedback;RQ3.access.A01_endpoint_query;RQ3.access.A03_local_store;RQ3.access.A06_projection_cache;RQ3.data_model.B01_rdf;RQ3.missing.implementation_engines;RQ3.query_languages.SPARQL;RQ3.scalability.S03_reported_data_scale;RQ3.scalability.S04_reported_visual_scale;RQ3.scalability.S05_strategy_only;RQ4.evaluation.E01_demonstration;RQ4.evaluation.E02_case_study;RQ4.missing.study_entries;RQ5.identity_status.scoped_match;RQ5.provenance.partial_report_read;RQ5.publication_version.not_recorded;RQ5.report_evaluation_limitations.text_recorded;RQ5.report_limitations.no_entry_recorded;RQ5.resource_role.other;RQ5.resource_verification.historical_version_equivalence_verified.not_recorded;RQ5.resource_verification.license_verified.not_recorded;RQ5.resource_verification.source_build_verified.not_recorded;RQ5.resource_verification.working_demo_verified.not_recorded,V3-01312-EV-6577c5a748f4e946;V3-01312-EV-5ef750907a63dc26;V3-01312-EV-b92a7753dd2d913f;V3-01312-EV-7ed7657012958288;V3-01312-EV-b18fe410edae4fe2;V3-01312-EV-fcbadfb3178157ee;V3-01312-EV-18399b1cb859e0a0;V3-01312-EV-0e2f7158af52af9d;V3-01312-EV-1a55bc5f44597707;V3-01312-EV-ed07560e64af0e77;V3-01312-EV-6bb063492f0b73a5;V3-01312-EV-a83c613e18968ec7;V3-01312-EV-d944065594db15c5;V3-01312-EV-f76960103f70a951;V3-01312-EV-644cf16ff355b73a;V3-01312-EV-6ff087b531ed45d1,0,not_performed
V3-01328,not_selected_current_unresolved,No current illustrative fact nominated; not compared for retention against the current 49.,False,local_source_copy_matched,bcefb76467d9dafe53650a8ee730791ce76b056c82005a211a8f60823d356ba6,False,,,RQ1;RQ2;RQ3;RQ4;RQ5,RQ1.interaction.I01_entity_navigation;RQ1.interaction.I02_faceted_filtering;RQ1.interaction.I08_coordinated_analysis;RQ1.representation_role.unspecified;RQ1.visualisation.V03_table_list;RQ1.visualisation.V04_map;RQ1.visualisation.V06_statistical_chart;RQ1.visualisation.V11_coordinated_views;RQ2.guidance.G10_orientation_feedback;RQ3.access.A01_endpoint_query;RQ3.access.A04_federation;RQ3.data_model.B01_rdf;RQ3.missing.implementation_engines;RQ3.query_languages.SPARQL;RQ3.scalability.S05_strategy_only;RQ4.evaluation.E01_demonstration;RQ4.evaluation.E02_case_study;RQ4.missing.study_entries;RQ5.identity_status.not_established;RQ5.identity_status.scoped_match;RQ5.provenance.partial_report_read;RQ5.publication_version.not_recorded;RQ5.report_evaluation_limitations.text_recorded;RQ5.report_limitations.no_entry_recorded;RQ5.resource_role.application_source;RQ5.resource_role.demo;RQ5.resource_verification.historical_version_equivalence_verified.not_recorded;RQ5.resource_verification.license_verified.not_recorded;RQ5.resource_verification.source_build_verified.not_recorded;RQ5.resource_verification.working_demo_verified.not_recorded,V3-01328-EV-b60c46535b433b6a;V3-01328-EV-b520ab8a67e7aafa;V3-01328-EV-ebb5f73c05ade47f;V3-01328-EV-c210a539ee0de4d6;V3-01328-EV-832dd97b6d727479;V3-01328-EV-60c8610660fc875f;V3-01328-EV-c85342d363020223;V3-01328-EV-d92b6a1aab58d243;V3-01328-EV-13b95da2169d2401;V3-01328-EV-2e4dbc272cedb083;V3-01328-EV-865bdf51cc4e4055;V3-01328-EV-c06018b01b8f1d33;V3-01328-EV-3b3be9689b0fd785;V3-01328-EV-b2b158c18e40deef;V3-01328-EV-0e825f44e6dbdcc8;V3-01328-EV-a7437dd3dd6a0483;V3-01328-EV-81a71777f8dc5e75,0,not_performed
V3-01439,not_selected_current_unresolved,No current illustrative fact nominated; not compared for retention against the current 49.,False,local_source_copy_matched,ac36baad2e2d7ea20ba3cea53e9f26a82b7c8f878486c7e0c0f665c8df1de6a2,False,,,RQ1;RQ2;RQ3;RQ4;RQ5,RQ1.interaction.I01_entity_navigation;RQ1.interaction.I04_text_query;RQ1.interaction.I11_curation_modifier;RQ1.representation_role.unspecified;RQ1.visualisation.V03_table_list;RQ1.visualisation.V09_text_document;RQ2.guidance.G01_valid_next_step;RQ2.guidance.G02_lexical_completion;RQ2.guidance.G10_orientation_feedback;RQ3.access.A03_local_store;RQ3.access.A06_projection_cache;RQ3.data_model.B01_rdf;RQ3.implementation_engines.F# type provider;RQ3.query_languages.SPARQL;RQ3.query_languages.other_explicitly_attested;RQ3.scalability.S05_strategy_only;RQ4.evaluation.E01_demonstration;RQ4.evaluation.E02_case_study;RQ4.study_design.E01_demonstration;RQ4.study_design.E02_case_study;RQ5.identity_status.not_established;RQ5.provenance.source_evidence_extracted;RQ5.publication_version.recorded;RQ5.report_evaluation_limitations.text_recorded;RQ5.report_limitations.no_entry_recorded;RQ5.resource_role.other;RQ5.resource_verification.historical_version_equivalence_verified.not_recorded;RQ5.resource_verification.license_verified.not_recorded;RQ5.resource_verification.source_build_verified.not_recorded;RQ5.resource_verification.working_demo_verified.not_recorded,V3-01439-EV-612f66c80fd9fda2;V3-01439-EV-27f6f38b6a376b12;V3-01439-EV-7a34c3bc4f88e8ee;V3-01439-EV-717a8ef7f965c69e;V3-01439-EV-fcd2a601617cd2bd;V3-01439-EV-8b6148c92b589128;V3-01439-EV-b199b8b41ab778ff;V3-01439-EV-57d4feb3d2d2c3b2;V3-01439-EV-a68f9955fa4eb03a;V3-01439-EV-447eb0aa475d25d8;V3-01439-EV-fd130e6e66976ca0;V3-01439-EV-0fc21135daca5766;V3-01439-EV-a8d28fbc49743688;V3-01439-EV-0e592814a2b94e78;V3-01439-EV-0a7c196759aeac0b;V3-01439-EV-4e7946047afe6756;V3-01439-EV-873b3cf3a875d68e;V3-01439-EV-57b49f33592d4120;V3-01439-EV-25188da16bdaf0cc;V3-01439-EV-560759696b00b1dc,1,not_performed
V3-01501,not_selected_current_unresolved,No current illustrative fact nominated; not compared for retention against the current 49.,False,local_source_copy_location_unresolved,,False,,,RQ1;RQ2;RQ3;RQ4;RQ5,RQ1.interaction.I01_entity_navigation;RQ1.interaction.I02_faceted_filtering;RQ1.interaction.I08_coordinated_analysis;RQ1.interaction.I09_visual_configuration;RQ1.representation_role.unspecified;RQ1.visualisation.V03_table_list;RQ1.visualisation.V04_map;RQ1.visualisation.V05_timeline;RQ1.visualisation.V06_statistical_chart;RQ1.visualisation.V11_coordinated_views;RQ2.missing.guidance;RQ3.access.A01_endpoint_query;RQ3.data_model.B01_rdf;RQ3.implementation_engines.Sampo-UI;RQ3.query_languages.SPARQL;RQ3.scalability.S03_reported_data_scale;RQ4.evaluation.E01_demonstration;RQ4.evaluation.E02_case_study;RQ4.evaluation.E08_deployment;RQ4.study_design.E01_demonstration;RQ4.study_design.E02_case_study;RQ4.study_design.E08_deployment;RQ5.identity_status.not_established;RQ5.identity_status.scoped_match;RQ5.provenance.partial_report_read;RQ5.publication_version.not_recorded;RQ5.report_evaluation_limitations.text_recorded;RQ5.report_limitations.no_entry_recorded;RQ5.resource_role.application_source;RQ5.resource_role.other;RQ5.resource_verification.historical_version_equivalence_verified.not_recorded;RQ5.resource_verification.license_verified.not_recorded;RQ5.resource_verification.source_build_verified.not_recorded;RQ5.resource_verification.working_demo_verified.not_recorded,V3-01501-EV-ddb5f4ca6ce4138b,2,not_performed
V3-01503,not_selected_current_unresolved,No current illustrative fact nominated; not compared for retention against the current 49.,False,local_source_copy_location_unresolved,,False,,,RQ1;RQ2;RQ3;RQ4;RQ5,RQ1.interaction.I01_entity_navigation;RQ1.interaction.I02_faceted_filtering;RQ1.interaction.I09_visual_configuration;RQ1.interaction.I10_reuse_history;RQ1.representation_role.unspecified;RQ1.visualisation.V03_table_list;RQ1.visualisation.V09_text_document;RQ2.guidance.G01_valid_next_step;RQ2.guidance.G10_orientation_feedback;RQ2.interaction.I10_reuse_history;RQ3.access.A03_local_store;RQ3.data_model.B01_rdf;RQ3.implementation_engines.AJAX client/server;RQ3.missing.query_languages;RQ3.missing.scalability;RQ4.evaluation.E03_formative_user;RQ4.study_design.E03_formative_user;RQ5.identity_status.not_established;RQ5.provenance.partial_report_read;RQ5.publication_version.not_recorded;RQ5.report_evaluation_limitations.text_recorded;RQ5.report_limitations.no_entry_recorded;RQ5.resource_role.other;RQ5.resource_verification.historical_version_equivalence_verified.not_recorded;RQ5.resource_verification.license_verified.not_recorded;RQ5.resource_verification.source_build_verified.not_recorded;RQ5.resource_verification.working_demo_verified.not_recorded,V3-01503-EV-d15a04bed125b9c5;V3-01503-EV-ea346a44e9023619;V3-01503-EV-2cbb982a9a2c48cf;V3-01503-EV-959f80bf6859a77e;V3-01503-EV-ef1f1459d2e1c3f7;V3-01503-EV-626bfc6296d4202d;V3-01503-EV-0557b9c51e2af639;V3-01503-EV-0928ebd3552437db;V3-01503-EV-b9b71deb461712b9;V3-01503-EV-0d5deeb7681d1a35;V3-01503-EV-2f7a69e4b4354606;V3-01503-EV-0b67a11d6f325c8c;V3-01503-EV-b373f8543bad9304;V3-01503-EV-847da752f1d77255;V3-01503-EV-7a297a447ed6771f,1,not_performed
V3-01523,not_selected_current_unresolved,No current illustrative fact nominated; not compared for retention against the current 49.,False,local_source_copy_matched,ac5f938f55cf5d085b68375c6bf80d220dd6fa5f59104bc66e203ad30691325c,False,,,RQ1;RQ2;RQ3;RQ4;RQ5,RQ1.interaction.I02_faceted_filtering;RQ1.interaction.I07_example_query;RQ1.missing.visualisation;RQ2.guidance.G01_valid_next_step;RQ2.guidance.G04_query_expansion_relaxation;RQ3.data_model.B01_rdf;RQ3.implementation_engines.No evaluated implementation;RQ3.missing.access;RQ3.missing.scalability;RQ3.query_languages.SPARQL;RQ4.evaluation.E09_formal_analysis;RQ4.missing.study_design_codes;RQ5.missing.resource_entries;RQ5.provenance.source_evidence_extracted;RQ5.publication_version.not_recorded;RQ5.report_evaluation_limitations.text_recorded;RQ5.report_limitations.no_entry_recorded,V3-01523-EV-1c21f160504a1461;V3-01523-EV-ca2c165024089ecd;V3-01523-EV-e91c4a48236ebf9c;V3-01523-EV-4334505307a14ecd;V3-01523-EV-bca92cf9fcfad047;V3-01523-EV-c2e65497871e68a0;V3-01523-EV-28d02b788d7777e7;V3-01523-EV-3ac3fd5cbd9292d1;V3-01523-EV-18af86137f91766d;V3-01523-EV-f337fd00dccc43fb,1,not_performed
V3-01532,not_selected_current_unresolved,No current illustrative fact nominated; not compared for retention against the current 49.,False,local_source_copy_matched,9237b2e96680046aab5ae1d8437b8934ac7abe74fec91f3b3ec1a4cd648991d1,False,,,RQ1;RQ2;RQ3;RQ4;RQ5,RQ1.interaction.I01_entity_navigation;RQ1.interaction.I02_faceted_filtering;RQ1.representation_role.unspecified;RQ1.visualisation.V01_node_link;RQ1.visualisation.V09_text_document;RQ2.guidance.G02_lexical_completion;RQ2.guidance.G03_semantic_ranking;RQ2.guidance.G06_context_explanation;RQ3.access.A01_endpoint_query;RQ3.data_model.B01_rdf;RQ3.implementation_engines.Remote RDF endpoints;RQ3.query_languages.SPARQL;RQ3.scalability.S05_strategy_only;RQ4.evaluation.E05_comparative_user;RQ4.missing.study_design_codes;RQ5.identity_status.not_established;RQ5.provenance.source_evidence_extracted;RQ5.publication_version.not_recorded;RQ5.report_evaluation_limitations.text_recorded;RQ5.report_limitations.no_entry_recorded;RQ5.resource_role.other;RQ5.resource_verification.historical_version_equivalence_verified.not_recorded;RQ5.resource_verification.license_verified.not_recorded;RQ5.resource_verification.source_build_verified.not_recorded;RQ5.resource_verification.working_demo_verified.not_recorded,V3-01532-EV-6c450503fc6201fd;V3-01532-EV-281e9cf4a33f9890;V3-01532-EV-58beb6cf0ef21ac6;V3-01532-EV-e7b0510f00867b13;V3-01532-EV-bff895a4a502cdc0;V3-01532-EV-82eb2c7cc244f1a9;V3-01532-EV-aef3b453c33d62c7;V3-01532-EV-b6a4fa1fb5f10e4d;V3-01532-EV-aa81677e87d1a5da;V3-01532-EV-4212d49ce26164c1;V3-01532-EV-5b130b6bcd01e715;V3-01532-EV-164a281192d73dc4;V3-01532-EV-853234d46c6810c9;V3-01532-EV-2159f0df7b11d1db;V3-01532-EV-f4ae19549fa4366c;V3-01532-EV-4b49b7cb4be51bd0,1,not_performed
V3-01535,not_selected_current_unresolved,No current illustrative fact nominated; not compared for retention against the current 49.,False,local_source_copy_location_unresolved,,False,,,RQ1;RQ2;RQ3;RQ4;RQ5,RQ1.interaction.I01_entity_navigation;RQ1.interaction.I02_faceted_filtering;RQ1.interaction.I08_coordinated_analysis;RQ1.interaction.I10_reuse_history;RQ1.representation_role.unspecified;RQ1.visualisation.V01_node_link;RQ1.visualisation.V02_outline_tree;RQ1.visualisation.V06_statistical_chart;RQ1.visualisation.V11_coordinated_views;RQ2.guidance.G03_semantic_ranking;RQ2.guidance.G10_orientation_feedback;RQ2.interaction.I10_reuse_history;RQ3.access.A06_projection_cache;RQ3.implementation_engines.TransR/RotatE/AttH/UMAP;RQ3.missing.data_model;RQ3.missing.query_languages;RQ3.scalability.S03_reported_data_scale;RQ3.scalability.S04_reported_visual_scale;RQ3.scalability.S05_strategy_only;RQ4.evaluation.E05_comparative_user;RQ4.study_design.E05_comparative_user;RQ5.missing.resource_entries;RQ5.provenance.partial_report_read;RQ5.publication_version.not_recorded;RQ5.report_evaluation_limitations.text_recorded;RQ5.report_limitations.no_entry_recorded,V3-01535-EV-52c3d67935e24ce6,1,not_performed
V3-01559,not_selected_current_unresolved,No current illustrative fact nominated; not compared for retention against the current 49.,False,local_source_copy_matched,8b1ad5bf8c415dfad710f0a82dd8d91dda6511ed6c39d3f0c2e0e5ab056bb5ad,False,,,RQ1;RQ2;RQ3;RQ4;RQ5,RQ1.interaction.I01_entity_navigation;RQ1.interaction.I04_text_query;RQ1.interaction.I10_reuse_history;RQ1.representation_role.unspecified;RQ1.visualisation.V01_node_link;RQ1.visualisation.V03_table_list;RQ1.visualisation.V09_text_document;RQ2.guidance.G02_lexical_completion;RQ2.guidance.G03_semantic_ranking;RQ2.guidance.G10_orientation_feedback;RQ2.interaction.I10_reuse_history;RQ3.access.A03_local_store;RQ3.access.A06_projection_cache;RQ3.data_model.B01_rdf;RQ3.implementation_engines.HMatch2.0/hierarchical agglomerative clustering/inCloud;RQ3.implementation_engines.HTML5/JavaScript;RQ3.query_languages.other_explicitly_attested;RQ3.scalability.S03_reported_data_scale;RQ3.scalability.S04_reported_visual_scale;RQ3.scalability.S05_strategy_only;RQ4.evaluation.E01_demonstration;RQ4.evaluation.E02_case_study;RQ4.study_design.E01_demonstration;RQ4.study_design.E02_case_study;RQ5.identity_status.not_established;RQ5.provenance.partial_report_read;RQ5.publication_version.recorded;RQ5.report_evaluation_limitations.text_recorded;RQ5.report_limitations.no_entry_recorded;RQ5.resource_role.other;RQ5.resource_verification.historical_version_equivalence_verified.not_recorded;RQ5.resource_verification.license_verified.not_recorded;RQ5.resource_verification.source_build_verified.not_recorded;RQ5.resource_verification.working_demo_verified.not_recorded,V3-01559-EV-164b5dc4de59d019;V3-01559-EV-3009e0e98a8789f5;V3-01559-EV-026c1b22fd22b211;V3-01559-EV-52e75a0717e1bd70;V3-01559-EV-3297bbd055d5b419;V3-01559-EV-dfd91157dbe2e065;V3-01559-EV-9747260da2b8bf85;V3-01559-EV-edde19b6d73d21de;V3-01559-EV-79c7ed8250950ef9;V3-01559-EV-2fa461a49f8cc655;V3-01559-EV-c971f10b923ec2c6;V3-01559-EV-1f206baa1aeae682;V3-01559-EV-870b2d93f32722a6;V3-01559-EV-8c48dd8ecfcd53c4;V3-01559-EV-cf557c0cae74f02f;V3-01559-EV-c003ae5408d1025c;V3-01559-EV-b056e39fe92ac62d;V3-01559-EV-5dcf32c8f458c177;V3-01559-EV-b41dd1dbd4259491;V3-01559-EV-f05817d903168257;V3-01559-EV-91d28cbe12968091;V3-01559-EV-ae03412db98e6d29;V3-01559-EV-b83314a12c70fcb8,1,not_performed
V3-01581,not_selected_current_unresolved,No current illustrative fact nominated; not compared for retention against the current 49.,False,local_source_copy_location_unresolved,,False,,,RQ1;RQ2;RQ3;RQ4;RQ5,RQ1.interaction.I01_entity_navigation;RQ1.interaction.I02_faceted_filtering;RQ1.representation_role.unspecified;RQ1.visualisation.V01_node_link;RQ1.visualisation.V06_statistical_chart;RQ1.visualisation.V09_text_document;RQ2.guidance.G04_query_expansion_relaxation;RQ2.guidance.G06_context_explanation;RQ3.access.A01_endpoint_query;RQ3.access.A04_federation;RQ3.data_model.B01_rdf;RQ3.missing.implementation_engines;RQ3.missing.query_languages;RQ3.missing.scalability;RQ4.evaluation.E01_demonstration;RQ4.evaluation.E02_case_study;RQ4.study_design.E01_demonstration;RQ4.study_design.E02_case_study;RQ5.identity_status.not_established;RQ5.provenance.partial_report_read;RQ5.publication_version.not_recorded;RQ5.report_evaluation_limitations.text_recorded;RQ5.report_limitations.no_entry_recorded;RQ5.resource_role.other;RQ5.resource_verification.historical_version_equivalence_verified.not_recorded;RQ5.resource_verification.license_verified.not_recorded;RQ5.resource_verification.source_build_verified.not_recorded;RQ5.resource_verification.working_demo_verified.not_recorded,V3-01581-EV-69b6e5d4709035ba,1,not_performed
V3-01592,not_selected_current_unresolved,No current illustrative fact nominated; not compared for retention against the current 49.,False,local_source_copy_location_unresolved,,False,,,RQ1;RQ2;RQ3;RQ4;RQ5,RQ1.interaction.I02_faceted_filtering;RQ1.interaction.I08_coordinated_analysis;RQ1.representation_role.unspecified;RQ1.visualisation.V02_outline_tree;RQ1.visualisation.V03_table_list;RQ1.visualisation.V04_map;RQ1.visualisation.V11_coordinated_views;RQ2.guidance.G10_orientation_feedback;RQ3.access.A01_endpoint_query;RQ3.access.A06_projection_cache;RQ3.data_model.B01_rdf;RQ3.implementation_engines.Jassa JavaScript APIs;RQ3.query_languages.SPARQL;RQ3.scalability.S05_strategy_only;RQ4.evaluation.E01_demonstration;RQ4.study_design.E01_demonstration;RQ5.identity_status.not_established;RQ5.identity_status.scoped_match;RQ5.provenance.partial_report_read;RQ5.publication_version.not_recorded;RQ5.report_evaluation_limitations.text_recorded;RQ5.report_limitations.no_entry_recorded;RQ5.resource_role.component_source;RQ5.resource_role.other;RQ5.resource_verification.historical_version_equivalence_verified.not_recorded;RQ5.resource_verification.license_verified.not_recorded;RQ5.resource_verification.source_build_verified.not_recorded;RQ5.resource_verification.working_demo_verified.not_recorded,V3-01592-EV-f557df01fcb06629,1,not_performed
V3-01619,not_selected_current_unresolved,No current illustrative fact nominated; not compared for retention against the current 49.,False,local_source_copy_matched,4493506cec207e372fc1b7b486bd96abbca9692449e3880fd626f1443a2de1b8,False,,,RQ1;RQ2;RQ3;RQ4;RQ5,RQ1.interaction.I01_entity_navigation;RQ1.interaction.I08_coordinated_analysis;RQ1.interaction.I10_reuse_history;RQ1.representation_role.unspecified;RQ1.visualisation.V01_node_link;RQ1.visualisation.V06_statistical_chart;RQ1.visualisation.V08_small_multiples;RQ1.visualisation.V11_coordinated_views;RQ2.guidance.G03_semantic_ranking;RQ2.interaction.I10_reuse_history;RQ3.access.A05_file_input;RQ3.implementation_engines.Not established in main report;RQ3.missing.data_model;RQ3.missing.query_languages;RQ3.missing.scalability;RQ4.evaluation.E05_comparative_user;RQ4.missing.study_design_codes;RQ5.missing.resource_entries;RQ5.provenance.source_evidence_extracted;RQ5.publication_version.not_recorded;RQ5.report_evaluation_limitations.text_recorded;RQ5.report_limitations.no_entry_recorded,V3-01619-EV-05b3b15800c15f1d;V3-01619-EV-6aa076318bca9b2b;V3-01619-EV-8273503ee6dcdbeb;V3-01619-EV-80af539eb838ea9b;V3-01619-EV-fd3919fbb3c1e721;V3-01619-EV-81abe260aa7a9573;V3-01619-EV-2e89285e5d48d089;V3-01619-EV-d5a151579d450f7a;V3-01619-EV-de022b07134b97e6;V3-01619-EV-bb41ab2cd16b9a77;V3-01619-EV-64c0120ab231bd5b;V3-01619-EV-b8aae2604b905faf;V3-01619-EV-a152528d5110f5db;V3-01619-EV-06300f6fd535cddb,1,not_performed
V3-01620,not_selected_current_unresolved,No current illustrative fact nominated; not compared for retention against the current 49.,False,local_source_copy_matched,cb28c662804c98f3fb2d3729b93005bf9530eb4cd7d6ec44d9272b670135c525,False,,,RQ1;RQ2;RQ3;RQ4;RQ5,RQ1.interaction.I03_visual_query;RQ1.interaction.I10_reuse_history;RQ1.representation_role.unspecified;RQ1.visualisation.V03_table_list;RQ2.guidance.G02_lexical_completion;RQ2.guidance.G10_orientation_feedback;RQ2.interaction.I10_reuse_history;RQ3.access.A01_endpoint_query;RQ3.data_model.B01_rdf;RQ3.missing.implementation_engines;RQ3.missing.scalability;RQ3.query_languages.SPARQL;RQ4.evaluation.E03_formative_user;RQ4.evaluation.E04_single_system_user;RQ4.missing.study_entries;RQ5.identity_status.scoped_match;RQ5.provenance.partial_report_read;RQ5.publication_version.not_recorded;RQ5.report_evaluation_limitations.text_recorded;RQ5.report_limitations.no_entry_recorded;RQ5.resource_role.application_source;RQ5.resource_role.demo;RQ5.resource_verification.historical_version_equivalence_verified.not_recorded;RQ5.resource_verification.license_verified.not_recorded;RQ5.resource_verification.source_build_verified.not_recorded;RQ5.resource_verification.working_demo_verified.not_recorded,V3-01620-EV-f08226ba46d7a731;V3-01620-EV-6e4b828dcc08100b;V3-01620-EV-c12ec6417984c15a;V3-01620-EV-449161dfdea17b9f;V3-01620-EV-de8822cc7d9803c1;V3-01620-EV-9e635af83aa1b511;V3-01620-EV-6111c5072372d67d;V3-01620-EV-6b1132f6e6ba937e;V3-01620-EV-4da9549d7e5e07ff;V3-01620-EV-8a39369a853755c6;V3-01620-EV-aada78772e8efe5d;V3-01620-EV-0642504ce748a570,0,not_performed
V3-01623,retained_current_illustration_scoped,,True,local_source_copy_matched,0464a761650b5358432a7e954e0ad85cb0415f254b5c06c73c154db7e9952b4b,True,ILL-V3-01623-01,principal;contrasting;boundary,RQ1;RQ2;RQ3;RQ4;RQ5,RQ1.interaction.I01_entity_navigation;RQ1.interaction.I03_visual_query;RQ1.interaction.I07_example_query;RQ1.interaction.I10_reuse_history;RQ1.representation_role.unspecified;RQ1.visualisation.V01_node_link;RQ1.visualisation.V03_table_list;RQ2.guidance.G02_lexical_completion;RQ2.guidance.G04_query_expansion_relaxation;RQ2.guidance.G10_orientation_feedback;RQ2.interaction.I10_reuse_history;RQ3.access.A01_endpoint_query;RQ3.data_model.B01_rdf;RQ3.missing.implementation_engines;RQ3.query_languages.SPARQL;RQ3.scalability.S04_reported_visual_scale;RQ3.scalability.S05_strategy_only;RQ4.evaluation.E05_comparative_user;RQ4.study_design.E05_comparative_user;RQ5.missing.resource_entries;RQ5.provenance.source_evidence_extracted;RQ5.publication_version.recorded;RQ5.report_evaluation_limitations.text_recorded;RQ5.report_limitations.no_entry_recorded,V3-01623-EV-da53e74e47bad57a;V3-01623-EV-d4b19819220da785;V3-01623-EV-21b2e02827a48a8a;V3-01623-EV-5f10871262edd741;V3-01623-EV-3041b39d63cadf24;V3-01623-EV-439bca754dfd5d32;V3-01623-EV-a1f22213acde0be6;V3-01623-EV-4c63b7d91783ec9c;V3-01623-EV-cef21c09f1cfbb14;V3-01623-EV-d6cf0e58edf44e44;V3-01623-EV-203439f31d9f7b72;V3-01623-EV-0657518a521a7458;V3-01623-EV-4fea6b4b484f61b8;V3-01623-EV-b4f0c75fe3962112;V3-01623-EV-af94184decb545ab;V3-01623-EV-14f874047ad9b38a;V3-01623-EV-174f45d29adb8058;V3-01623-EV-ad2cfab8609f1209,1,not_performed
V3-01639,not_selected_current_unresolved,No current illustrative fact nominated; not compared for retention against the current 49.,False,local_source_copy_matched,d801994774b1cbc05d06e1ac7fb422f95894b1dfd4a649f9c05aba865f83efb4,False,,,RQ1;RQ2;RQ3;RQ4;RQ5,RQ1.missing.interaction;RQ1.missing.visualisation;RQ2.missing.guidance;RQ3.missing.access;RQ3.missing.data_model;RQ3.missing.implementation_engines;RQ3.missing.query_languages;RQ3.missing.scalability;RQ4.missing.evaluation;RQ4.missing.study_entries;RQ5.identity_status.not_established;RQ5.identity_status.scoped_match;RQ5.provenance.source_evidence_extracted;RQ5.publication_version.recorded;RQ5.report_evaluation_limitations.text_recorded;RQ5.report_limitations.no_entry_recorded;RQ5.resource_role.other;RQ5.resource_verification.historical_version_equivalence_verified.not_recorded;RQ5.resource_verification.license_verified.not_recorded;RQ5.resource_verification.source_build_verified.not_recorded;RQ5.resource_verification.working_demo_verified.not_recorded,V3-01639-EV-48f114558ed44a28,0,not_performed
V3-01645,not_selected_current_unresolved,No current illustrative fact nominated; not compared for retention against the current 49.,False,local_source_copy_matched,6b539afd837452f587f482214fe625ad0da7aa583c298987718c0def911f961e,False,,,RQ1;RQ2;RQ3;RQ4;RQ5,RQ1.interaction.I01_entity_navigation;RQ1.interaction.I02_faceted_filtering;RQ1.representation_role.unspecified;RQ1.visualisation.V01_node_link;RQ1.visualisation.V05_timeline;RQ2.guidance.G03_semantic_ranking;RQ3.access.A01_endpoint_query;RQ3.data_model.B01_rdf;RQ3.missing.implementation_engines;RQ3.query_languages.SPARQL;RQ3.scalability.S03_reported_data_scale;RQ4.missing.evaluation;RQ4.missing.study_entries;RQ5.identity_status.not_established;RQ5.provenance.partial_report_read;RQ5.publication_version.not_recorded;RQ5.report_evaluation_limitations.text_recorded;RQ5.report_limitations.no_entry_recorded;RQ5.resource_role.other;RQ5.resource_verification.historical_version_equivalence_verified.not_recorded;RQ5.resource_verification.license_verified.not_recorded;RQ5.resource_verification.source_build_verified.not_recorded;RQ5.resource_verification.working_demo_verified.not_recorded,V3-01645-EV-e05377f9f4d832bd;V3-01645-EV-a85950f455b82fa6;V3-01645-EV-5889e0de902f5fc1;V3-01645-EV-13e8d940b23370aa;V3-01645-EV-03563fe0ed56ab00;V3-01645-EV-3494289d7ffbe764;V3-01645-EV-14b1296b7f3bb8ad;V3-01645-EV-69d08de1f5e8d79b;V3-01645-EV-3faabc1478d4ee81;V3-01645-EV-47460ea9b4be51b5;V3-01645-EV-9b579a6f88a4d47b;V3-01645-EV-8ede8dc44b610568,0,not_performed
V3-01656,not_selected_current_unresolved,No current illustrative fact nominated; not compared for retention against the current 49.,False,local_source_copy_matched,81fe3e659277709e1cbc4506734d34b3d866001fcffa82de0644e6a9290ab5b7,False,,,RQ1;RQ2;RQ3;RQ4;RQ5,RQ1.interaction.I01_entity_navigation;RQ1.interaction.I02_faceted_filtering;RQ1.interaction.I10_reuse_history;RQ1.representation_role.unspecified;RQ1.visualisation.V02_outline_tree;RQ1.visualisation.V03_table_list;RQ2.guidance.G06_context_explanation;RQ2.guidance.G10_orientation_feedback;RQ2.interaction.I10_reuse_history;RQ3.access.A01_endpoint_query;RQ3.access.A03_local_store;RQ3.data_model.B01_rdf;RQ3.implementation_engines.Apache Solr;RQ3.implementation_engines.Jena Fuseki;RQ3.query_languages.SPARQL;RQ3.scalability.S03_reported_data_scale;RQ3.scalability.S05_strategy_only;RQ4.evaluation.E01_demonstration;RQ4.evaluation.E02_case_study;RQ4.evaluation.E08_deployment;RQ4.missing.study_entries;RQ5.identity_status.scoped_match;RQ5.provenance.partial_report_read;RQ5.publication_version.not_recorded;RQ5.report_evaluation_limitations.text_recorded;RQ5.report_limitations.no_entry_recorded;RQ5.resource_role.application_source;RQ5.resource_verification.historical_version_equivalence_verified.not_recorded;RQ5.resource_verification.license_verified.not_recorded;RQ5.resource_verification.source_build_verified.not_recorded;RQ5.resource_verification.working_demo_verified.not_recorded,V3-01656-EV-7920e12bb55f1dd0;V3-01656-EV-adad6c810f725c98;V3-01656-EV-8e97ed27410b3da1;V3-01656-EV-741a0f88d0cea765;V3-01656-EV-a9221ba29eddf044;V3-01656-EV-10e94e26f438be63;V3-01656-EV-ed1c1d7eff261271;V3-01656-EV-af13e36f196b6508;V3-01656-EV-5605b33ae1b009cf;V3-01656-EV-76dbeb3cabc5a013;V3-01656-EV-ccaccd986adeffee;V3-01656-EV-d373d0f61d9c0302;V3-01656-EV-cada8344a2efe238;V3-01656-EV-c5625c62121571ca;V3-01656-EV-4134ca663c46a9cb;V3-01656-EV-c38be3452938c2e2;V3-01656-EV-4e24a92dd99ebf23;V3-01656-EV-ce0c10ac81424dfd;V3-01656-EV-29c44ce5fc3b5d6a;V3-01656-EV-061c6bdf652c8bdf,0,not_performed
V3-01659,not_selected_current_unresolved,No current illustrative fact nominated; not compared for retention against the current 49.,False,local_source_copy_matched,8fcd4c0a401f52ce0cee83f31ea1a1254b2af655f528d4416c7b696749863326,False,,,RQ1;RQ2;RQ3;RQ4;RQ5,RQ1.interaction.I03_visual_query;RQ1.interaction.I05_controlled_language;RQ1.representation_role.unspecified;RQ1.visualisation.V01_node_link;RQ1.visualisation.V03_table_list;RQ1.visualisation.V09_text_document;RQ2.guidance.G02_lexical_completion;RQ2.guidance.G05_template_entry;RQ2.guidance.G10_orientation_feedback;RQ3.access.A01_endpoint_query;RQ3.data_model.B01_rdf;RQ3.implementation_engines.QueryVOWL/Sparklis/Wikidata Query Service;RQ3.missing.scalability;RQ3.query_languages.SPARQL;RQ4.evaluation.E05_comparative_user;RQ4.missing.study_design_codes;RQ5.missing.resource_entries;RQ5.provenance.source_evidence_extracted;RQ5.publication_version.not_recorded;RQ5.report_evaluation_limitations.text_recorded;RQ5.report_limitations.no_entry_recorded,V3-01659-EV-502b3a09d93065e4;V3-01659-EV-faf7f10b24d204a6;V3-01659-EV-978ba94cd17fb72b;V3-01659-EV-71b1ae037632a1e6;V3-01659-EV-f308fe6d2c9d9cc2;V3-01659-EV-e23bc965b145a27e;V3-01659-EV-10f4754d05900b71;V3-01659-EV-39569f920c265559;V3-01659-EV-b4662911ce18d716;V3-01659-EV-6f6de86342b9634f;V3-01659-EV-5058dba9561cebef;V3-01659-EV-ca07aba15b38372e;V3-01659-EV-9bb213d8b99b4cdf;V3-01659-EV-61fce1536a61983e;V3-01659-EV-71ffcbdb2e59c7dd;V3-01659-EV-5ff2ff86f39f9531;V3-01659-EV-0562e404c6a0e1a0;V3-01659-EV-4eb53cb5534b5d1c,1,not_performed
V3-01675,not_selected_current_unresolved,No current illustrative fact nominated; not compared for retention against the current 49.,False,local_source_copy_matched,0d60237efe7aa977b7725c5dbcebcfd1ef151548a776fd104529f47eac8d3a63,False,,,RQ1;RQ2;RQ3;RQ4;RQ5,RQ1.interaction.I01_entity_navigation;RQ1.interaction.I09_visual_configuration;RQ1.representation_role.unspecified;RQ1.visualisation.V01_node_link;RQ1.visualisation.V10_3d_vr;RQ2.guidance.G10_orientation_feedback;RQ3.access.A03_local_store;RQ3.implementation_engines.JavaScript/HTML5 Canvas/modified SOM;RQ3.missing.data_model;RQ3.missing.query_languages;RQ3.scalability.S03_reported_data_scale;RQ3.scalability.S04_reported_visual_scale;RQ4.evaluation.E01_demonstration;RQ4.study_design.E01_demonstration;RQ5.missing.resource_entries;RQ5.provenance.source_evidence_extracted;RQ5.publication_version.recorded;RQ5.report_evaluation_limitations.text_recorded;RQ5.report_limitations.no_entry_recorded,V3-01675-EV-ecfcdb07d300a3d5;V3-01675-EV-0255d56f686803a8;V3-01675-EV-471f4cf13e412151;V3-01675-EV-9992f29f167114b8;V3-01675-EV-362adf571f051586;V3-01675-EV-d61385c7b22553ca;V3-01675-EV-dbc87228d97d5f17;V3-01675-EV-041e90125dc46f13;V3-01675-EV-ec4bb170bc278181;V3-01675-EV-c5ac934c84553f4b;V3-01675-EV-366889e762f0974c;V3-01675-EV-f76de88da51c14a0;V3-01675-EV-3d43bf429965b851;V3-01675-EV-79e0f42b075d6e47,1,not_performed
V3-01677,not_selected_current_unresolved,No current illustrative fact nominated; not compared for retention against the current 49.,False,local_source_copy_matched,5ab42eef927374a21c072d94837bf68f1d7b35f1d849a75945676848833b0b8d,False,,,RQ1;RQ2;RQ3;RQ4;RQ5,RQ1.interaction.I01_entity_navigation;RQ1.interaction.I02_faceted_filtering;RQ1.interaction.I07_example_query;RQ1.interaction.I09_visual_configuration;RQ1.representation_role.unspecified;RQ1.visualisation.V01_node_link;RQ1.visualisation.V09_text_document;RQ1.visualisation.V11_coordinated_views;RQ2.guidance.G05_template_entry;RQ2.guidance.G10_orientation_feedback;RQ3.access.A01_endpoint_query;RQ3.access.A03_local_store;RQ3.data_model.B02_property_graph;RQ3.implementation_engines.Cytoscape.js/fCoSE/Force-cola;RQ3.implementation_engines.Node.js/Koa/Google App Engine;RQ3.query_languages.Cypher;RQ3.scalability.S04_reported_visual_scale;RQ3.scalability.S05_strategy_only;RQ4.evaluation.E02_case_study;RQ4.evaluation.E03_formative_user;RQ4.evaluation.E04_single_system_user;RQ4.study_design.E02_case_study;RQ4.study_design.E03_formative_user;RQ4.study_design.E04_single_system_user;RQ5.identity_status.scoped_match;RQ5.provenance.full_report_read;RQ5.publication_version.not_recorded;RQ5.report_evaluation_limitations.text_recorded;RQ5.report_limitations.no_entry_recorded;RQ5.resource_role.demo;RQ5.resource_verification.historical_version_equivalence_verified.not_recorded;RQ5.resource_verification.license_verified.not_recorded;RQ5.resource_verification.source_build_verified.not_recorded;RQ5.resource_verification.working_demo_verified.not_recorded,V3-01677-EV-e6248e51fae9a418;V3-01677-EV-388d49422ddcfd1e;V3-01677-EV-ead361f8b7b9eced;V3-01677-EV-cb240cb0aeb7f47c;V3-01677-EV-7b7a7852098eb03d;V3-01677-EV-80d160369be6a436;V3-01677-EV-17cb96f10ac8891e;V3-01677-EV-175a197964405f61;V3-01677-EV-97551b9adf05a705;V3-01677-EV-bcf032addf600aa1;V3-01677-EV-a9b6def0b06abac6;V3-01677-EV-9003cfa802cbac5b;V3-01677-EV-0f416801f3b34f6d;V3-01677-EV-8bbc98178f489fc1;V3-01677-EV-13d0a9ec4ff9993b;V3-01677-EV-4c9b1759ab3e2064;V3-01677-EV-acc25f49c9ccd68f;V3-01677-EV-7cab05be8f6edb62;V3-01677-EV-d8faadb3cddce021;V3-01677-EV-dcf56e52dd734a6f;V3-01677-EV-28321231571d3c6b;V3-01677-EV-9ddfeb6e1c1ab1bf;V3-01677-EV-1dfa53540eded9f8;V3-01677-EV-4f6b2adf34cbeefd;V3-01677-EV-31f85fdbe04445eb,2,not_performed
V3-01721,not_selected_current_unresolved,No current illustrative fact nominated; not compared for retention against the current 49.,False,local_source_copy_matched,63db3383ae627e131db054a3ba86ae78a6878e00646e98c36749bf01094460b8,False,,,RQ1;RQ2;RQ3;RQ4;RQ5,RQ1.interaction.I07_example_query;RQ1.representation_role.unspecified;RQ1.visualisation.V03_table_list;RQ1.visualisation.V09_text_document;RQ2.guidance.G03_semantic_ranking;RQ3.access.A06_projection_cache;RQ3.implementation_engines.PyTorch;RQ3.implementation_engines.Python/XGBoost;RQ3.missing.data_model;RQ3.missing.query_languages;RQ3.missing.scalability;RQ4.evaluation.E05_comparative_user;RQ4.evaluation.E06_offline_accuracy;RQ4.study_design.E05_comparative_user;RQ4.study_design.E06_offline_accuracy;RQ5.identity_status.scoped_match;RQ5.provenance.partial_report_read;RQ5.publication_version.not_recorded;RQ5.report_evaluation_limitations.text_recorded;RQ5.report_limitations.no_entry_recorded;RQ5.resource_role.application_source;RQ5.resource_role.data;RQ5.resource_verification.historical_version_equivalence_verified.not_recorded;RQ5.resource_verification.license_verified.not_recorded;RQ5.resource_verification.source_build_verified.not_recorded;RQ5.resource_verification.working_demo_verified.not_recorded,V3-01721-EV-8bc55fc3c23a5576;V3-01721-EV-afe45d05a553f998;V3-01721-EV-015edf32f8107a4f;V3-01721-EV-3f23033252caa67a;V3-01721-EV-8dc9bd11ec964094;V3-01721-EV-47115ed0b3e7de9f;V3-01721-EV-b2a17aa21a8cfeb6;V3-01721-EV-fdc3684b7856b459;V3-01721-EV-555be447ad6bb0aa;V3-01721-EV-9d871518a36e4278;V3-01721-EV-580c1fee43ebffc4;V3-01721-EV-b3ed96ce95eb7f52,2,not_performed
V3-01723,retained_current_illustration_scoped,,True,local_source_copy_matched,de78f12d77d7db99436dbeda0e3840be968ce0ba7e96c10111de91e05f5b3380,True,ILL-V3-01723-01,historical;contrasting,RQ1;RQ2;RQ3;RQ4;RQ5,RQ1.interaction.I01_entity_navigation;RQ1.interaction.I02_faceted_filtering;RQ1.representation_role.unspecified;RQ1.visualisation.V03_table_list;RQ1.visualisation.V09_text_document;RQ2.guidance.G06_context_explanation;RQ3.access.A01_endpoint_query;RQ3.data_model.B01_rdf;RQ3.implementation_engines.Endpoint;RQ3.missing.scalability;RQ3.query_languages.SPARQL;RQ4.evaluation.E04_single_system_user;RQ4.missing.study_design_codes;RQ5.missing.resource_entries;RQ5.provenance.source_evidence_extracted;RQ5.publication_version.not_recorded;RQ5.report_evaluation_limitations.text_recorded;RQ5.report_limitations.no_entry_recorded,V3-01723-EV-d23437692fd1e223;V3-01723-EV-4a75b2ceb9009d47;V3-01723-EV-55ca104dbb38c821;V3-01723-EV-d3e6708056cdb017;V3-01723-EV-b2cadc30151b344a;V3-01723-EV-f8df736a31987f7f;V3-01723-EV-aeeb60a22ce4b69d;V3-01723-EV-39b0b888e34a03f4;V3-01723-EV-cb57bfa9138ea735;V3-01723-EV-43c45ab078d5ebed;V3-01723-EV-010e52f9ed90584f;V3-01723-EV-dceb1aacb0b09687,1,not_performed
V3-01726,not_selected_current_unresolved,No current illustrative fact nominated; not compared for retention against the current 49.,False,local_source_copy_matched,89ea5384a63987f49222573d00fe9b64f00fb62888c91b07aefef3853dbf7845,False,,,RQ1;RQ2;RQ3;RQ4;RQ5,RQ1.interaction.I01_entity_navigation;RQ1.interaction.I04_text_query;RQ1.interaction.I08_coordinated_analysis;RQ1.interaction.I10_reuse_history;RQ1.representation_role.unspecified;RQ1.visualisation.V01_node_link;RQ1.visualisation.V03_table_list;RQ1.visualisation.V06_statistical_chart;RQ1.visualisation.V11_coordinated_views;RQ2.guidance.G05_template_entry;RQ2.interaction.I10_reuse_history;RQ3.access.A01_endpoint_query;RQ3.access.A06_projection_cache;RQ3.data_model.B01_rdf;RQ3.implementation_engines.MGExplorer; endpoint queries;RQ3.query_languages.SPARQL;RQ3.scalability.S03_reported_data_scale;RQ4.evaluation.E02_case_study;RQ4.evaluation.E06_offline_accuracy;RQ4.missing.study_design_codes;RQ5.identity_status.scoped_match;RQ5.provenance.source_evidence_extracted;RQ5.publication_version.not_recorded;RQ5.report_evaluation_limitations.text_recorded;RQ5.report_limitations.no_entry_recorded;RQ5.resource_role.demo;RQ5.resource_verification.historical_version_equivalence_verified.not_recorded;RQ5.resource_verification.license_verified.not_recorded;RQ5.resource_verification.source_build_verified.not_recorded;RQ5.resource_verification.working_demo_verified.not_recorded,V3-01726-EV-a002a4fbe83db113;V3-01726-EV-7b05c74d64b05ace;V3-01726-EV-b5200fc8faebc3aa;V3-01726-EV-11e4ec9e5caef3c5;V3-01726-EV-db862ec3ea9e2d39;V3-01726-EV-3053cab363f18d57;V3-01726-EV-70b254eda7a5a971;V3-01726-EV-c884364f842b9d67;V3-01726-EV-9e04c2896dee2a4b;V3-01726-EV-48b2d16082242eec;V3-01726-EV-2d2f8a2edb59f07d;V3-01726-EV-f2188c200c757367;V3-01726-EV-38e2305f52f646ef;V3-01726-EV-deb679dd7eef9ceb;V3-01726-EV-e579c25c5887cbf7;V3-01726-EV-9b112e34fdc23187;V3-01726-EV-ce644a0b9acd88e5;V3-01726-EV-01961492108bdc27;V3-01726-EV-6b05162adb7a3157;V3-01726-EV-769db4787af7dae7,1,not_performed
V3-01738,not_selected_current_unresolved,No current illustrative fact nominated; not compared for retention against the current 49.,False,local_source_copy_matched,a34efaebf27ae438b553465d2e201c0c1fee16589145c953227c86ac552f1b06,False,,,RQ1;RQ2;RQ3;RQ4;RQ5,RQ1.interaction.I02_faceted_filtering;RQ1.interaction.I10_reuse_history;RQ1.representation_role.unspecified;RQ1.visualisation.V03_table_list;RQ2.guidance.G01_valid_next_step;RQ2.guidance.G02_lexical_completion;RQ2.guidance.G04_query_expansion_relaxation;RQ2.guidance.G10_orientation_feedback;RQ2.interaction.I10_reuse_history;RQ3.access.A01_endpoint_query;RQ3.access.A04_federation;RQ3.implementation_engines.ORKG/GeoNames API;RQ3.missing.data_model;RQ3.missing.query_languages;RQ3.scalability.S03_reported_data_scale;RQ3.scalability.S05_strategy_only;RQ4.evaluation.E01_demonstration;RQ4.evaluation.E02_case_study;RQ4.study_design.E01_demonstration;RQ4.study_design.E02_case_study;RQ5.identity_status.scoped_match;RQ5.provenance.source_evidence_extracted;RQ5.publication_version.recorded;RQ5.report_evaluation_limitations.text_recorded;RQ5.report_limitations.no_entry_recorded;RQ5.resource_role.application_source;RQ5.resource_role.demo;RQ5.resource_verification.historical_version_equivalence_verified.not_recorded;RQ5.resource_verification.license_verified.not_recorded;RQ5.resource_verification.source_build_verified.not_recorded;RQ5.resource_verification.working_demo_verified.not_recorded,V3-01738-EV-69fce836bee626dd;V3-01738-EV-edf37d6577abfbd2;V3-01738-EV-1b4de81d4df92208;V3-01738-EV-0e0e5ff7d8776c5e;V3-01738-EV-20461c10dea6ba5e;V3-01738-EV-3e2153b2b5b9b1ca;V3-01738-EV-70c2cd135ec2e8e1;V3-01738-EV-c2fb87d5d7590505;V3-01738-EV-3c317496a31aed15;V3-01738-EV-c0078f130cb70cce;V3-01738-EV-789a820d18203553;V3-01738-EV-6e790e6da0d11c8d;V3-01738-EV-7c5f2ec073828e31;V3-01738-EV-8c8bc284fe18e1f9;V3-01738-EV-ea13f8569376656e;V3-01738-EV-9f0441da5ce00799;V3-01738-EV-f75c9814d129f1b5;V3-01738-EV-6fc1737e3ac41254,1,not_performed
V3-01751,not_selected_current_unresolved,No current illustrative fact nominated; not compared for retention against the current 49.,False,local_source_copy_matched,84dfadd6c3c1f9b6829a2d886c05af53ae7d9d0367f9ab48a7bc8f0d021f27cc,False,,,RQ1;RQ2;RQ3;RQ4;RQ5,RQ1.interaction.I01_entity_navigation;RQ1.interaction.I02_faceted_filtering;RQ1.interaction.I03_visual_query;RQ1.interaction.I07_example_query;RQ1.representation_role.unspecified;RQ1.visualisation.V03_table_list;RQ1.visualisation.V09_text_document;RQ2.guidance.G03_semantic_ranking;RQ2.guidance.G06_context_explanation;RQ2.guidance.G10_orientation_feedback;RQ3.access.A01_endpoint_query;RQ3.access.A03_local_store;RQ3.access.A06_projection_cache;RQ3.data_model.B01_rdf;RQ3.implementation_engines.Apache Jena;RQ3.implementation_engines.MeGraS;RQ3.implementation_engines.PostgreSQL;RQ3.query_languages.SPARQL;RQ3.scalability.S03_reported_data_scale;RQ3.scalability.S05_strategy_only;RQ4.evaluation.E01_demonstration;RQ4.evaluation.E02_case_study;RQ4.missing.study_entries;RQ5.identity_status.not_established;RQ5.identity_status.scoped_match;RQ5.provenance.partial_report_read;RQ5.publication_version.not_recorded;RQ5.report_evaluation_limitations.text_recorded;RQ5.report_limitations.no_entry_recorded;RQ5.resource_role.application_source;RQ5.resource_role.video;RQ5.resource_verification.historical_version_equivalence_verified.not_recorded;RQ5.resource_verification.license_verified.not_recorded;RQ5.resource_verification.source_build_verified.not_recorded;RQ5.resource_verification.working_demo_verified.not_recorded,V3-01751-EV-74d7c773f2a8585c;V3-01751-EV-da911cbd39cf5bd8;V3-01751-EV-a3345507ed8fa07c;V3-01751-EV-a2b272d774eabf70;V3-01751-EV-bedd52af020f5147;V3-01751-EV-b7fe94accd58b287;V3-01751-EV-597d2007b2721f15;V3-01751-EV-2f17df56e037ad05;V3-01751-EV-8b42d5b23b00624f;V3-01751-EV-7b6aceda28b912f4;V3-01751-EV-920760a7d628fc9a;V3-01751-EV-d643babe4aa8d00a;V3-01751-EV-5532b301891b8b60;V3-01751-EV-9a3c915a2d3c9cbc;V3-01751-EV-2981ef74c4bb9ff3;V3-01751-EV-03353676d747f057;V3-01751-EV-df9567c9e8884ff2;V3-01751-EV-49a19e324f16216a;V3-01751-EV-a6f0f8742303a10a;V3-01751-EV-2b7a779aba54419f;V3-01751-EV-70e354085bd99da0;V3-01751-EV-ab6410422c3773a5;V3-01751-EV-3e0de927152c56c2,0,not_performed
V3-01755,not_selected_current_unresolved,No current illustrative fact nominated; not compared for retention against the current 49.,False,local_source_copy_matched,7f9d238636846225ee41cf7c438ae51c7d0413e5004c6d9ca9cef6e380bddf6f,False,,,RQ1;RQ2;RQ3;RQ4;RQ5,RQ1.interaction.I01_entity_navigation;RQ1.interaction.I02_faceted_filtering;RQ1.representation_role.unspecified;RQ1.visualisation.V03_table_list;RQ2.missing.guidance;RQ3.access.A01_endpoint_query;RQ3.access.A06_projection_cache;RQ3.data_model.B01_rdf;RQ3.missing.implementation_engines;RQ3.missing.query_languages;RQ3.scalability.S03_reported_data_scale;RQ3.scalability.S05_strategy_only;RQ3.scale_observation.source_dataset;RQ4.evaluation.E01_demonstration;RQ4.evaluation.E02_case_study;RQ4.missing.study_entries;RQ5.missing.resource_entries;RQ5.provenance.full_report_read;RQ5.publication_version.recorded;RQ5.report_evaluation_limitations.text_recorded;RQ5.report_limitations.text_recorded,V3-01755-EV-3bdaf5de78facb42;V3-01755-EV-d1f2aa88f92b2d96;V3-01755-EV-438b0b46bde73e3a;V3-01755-EV-49cccc851c99f1fe;V3-01755-EV-c7cd42988ef06f8e;V3-01755-EV-1fa6879d5d2c70f8;V3-01755-EV-15d3c6018a2e8d8c;V3-01755-EV-eabb511874aa2df6;V3-01755-EV-9aef18821261139a;V3-01755-EV-cdffd325b52f1743;V3-01755-EV-5274fb16a82d2d5b;V3-01755-EV-21318925261fcae1,0,not_performed
V3-01759,not_selected_current_unresolved,No current illustrative fact nominated; not compared for retention against the current 49.,False,local_source_copy_matched,66aca60a63bb6683593709ce20dc9c5ae6e65731ce9941cadcdc907df995fd83,False,,,RQ1;RQ2;RQ3;RQ4;RQ5,RQ1.interaction.I01_entity_navigation;RQ1.interaction.I02_faceted_filtering;RQ1.representation_role.unspecified;RQ1.visualisation.V03_table_list;RQ1.visualisation.V09_text_document;RQ2.guidance.G06_context_explanation;RQ2.guidance.G10_orientation_feedback;RQ3.access.A03_local_store;RQ3.access.A06_projection_cache;RQ3.data_model.B01_rdf;RQ3.implementation_engines.Apache Solr;RQ3.implementation_engines.Lucene;RQ3.query_languages.SPARQL;RQ3.scalability.S03_reported_data_scale;RQ3.scalability.S05_strategy_only;RQ4.evaluation.E01_demonstration;RQ4.evaluation.E02_case_study;RQ4.evaluation.E03_formative_user;RQ4.evaluation.E06_offline_accuracy;RQ4.missing.study_entries;RQ5.identity_status.not_established;RQ5.provenance.partial_report_read;RQ5.publication_version.not_recorded;RQ5.report_evaluation_limitations.text_recorded;RQ5.report_limitations.no_entry_recorded;RQ5.resource_role.other;RQ5.resource_verification.historical_version_equivalence_verified.not_recorded;RQ5.resource_verification.license_verified.not_recorded;RQ5.resource_verification.source_build_verified.not_recorded;RQ5.resource_verification.working_demo_verified.not_recorded,V3-01759-EV-0c0d039712032de2;V3-01759-EV-71095e4e031d39c9;V3-01759-EV-b4259c62f013d153;V3-01759-EV-7c5f83ae607c364c;V3-01759-EV-47b11f4ff6da64a0;V3-01759-EV-7b81e81b537b4ea6;V3-01759-EV-203e1edffeaa8a5d;V3-01759-EV-02578755bb0b7b8c;V3-01759-EV-fb71b557ef8e399e;V3-01759-EV-fc0c6f61420ae12e;V3-01759-EV-6809142237971b92;V3-01759-EV-470333c6a726bb2f;V3-01759-EV-847fca7b48b75307;V3-01759-EV-57f0a746198c9f19;V3-01759-EV-9d9f4f868aebd174;V3-01759-EV-f6763eb580f9b3d4;V3-01759-EV-731944ac18ad699e;V3-01759-EV-30cf23434ce58c5c;V3-01759-EV-fd978d138bdcadaa,0,not_performed
V3-01765,retained_current_illustration_scoped,,True,local_source_copy_matched,ce4b2fc00c52b47c25fe533e78a23b32f228d5ddd66d8552b33df487a20a4049,True,ILL-V3-01765-01,principal;boundary,RQ1;RQ2;RQ3;RQ4;RQ5,RQ1.interaction.I01_entity_navigation;RQ1.interaction.I10_reuse_history;RQ1.representation_role.unspecified;RQ1.visualisation.V02_outline_tree;RQ1.visualisation.V03_table_list;RQ1.visualisation.V04_map;RQ1.visualisation.V09_text_document;RQ2.guidance.G02_lexical_completion;RQ2.guidance.G03_semantic_ranking;RQ2.guidance.G07_visualisation_recommendation;RQ2.guidance.G10_orientation_feedback;RQ2.interaction.I10_reuse_history;RQ3.access.A01_endpoint_query;RQ3.access.A06_projection_cache;RQ3.data_model.B01_rdf;RQ3.implementation_engines.JavaScript/Bootstrap/sessionStorage;RQ3.query_languages.SPARQL;RQ3.scalability.S01_measured_runtime;RQ3.scalability.S03_reported_data_scale;RQ3.scalability.S05_strategy_only;RQ4.evaluation.E02_case_study;RQ4.evaluation.E04_single_system_user;RQ4.evaluation.E07_performance;RQ4.evaluation.E08_deployment;RQ4.study_design.E02_case_study;RQ4.study_design.E04_single_system_user;RQ4.study_design.E07_performance;RQ4.study_design.E08_deployment;RQ5.identity_status.not_established;RQ5.identity_status.scoped_match;RQ5.provenance.source_evidence_extracted;RQ5.publication_version.recorded;RQ5.report_evaluation_limitations.text_recorded;RQ5.report_limitations.no_entry_recorded;RQ5.resource_role.application_source;RQ5.resource_role.other;RQ5.resource_verification.historical_version_equivalence_verified.not_recorded;RQ5.resource_verification.license_verified.not_recorded;RQ5.resource_verification.source_build_verified.not_recorded;RQ5.resource_verification.working_demo_verified.not_recorded,V3-01765-EV-2cef15a1c9d57a3c;V3-01765-EV-e0972d22dba6ac00;V3-01765-EV-ac0d398292a0f1fe;V3-01765-EV-3ffe71be31f53621;V3-01765-EV-bacea948be453e1b;V3-01765-EV-362d099ca99602ce;V3-01765-EV-a63af3498a725149;V3-01765-EV-85195e263b781a77;V3-01765-EV-0bb3e09ddeb0f09c;V3-01765-EV-ac4da8b9171a7f21;V3-01765-EV-7527f1430c5631ca;V3-01765-EV-1d927e40895d71b4;V3-01765-EV-8fb7204e4a67af52;V3-01765-EV-1e8e39990cac27d0;V3-01765-EV-9bc1eb4cf1c38f99;V3-01765-EV-0acae801b38a648e;V3-01765-EV-ea485bb7b2bd7133;V3-01765-EV-5c4e7f48433dc779;V3-01765-EV-cd05cb35062e9cfc;V3-01765-EV-267929cffd966b7b;V3-01765-EV-f15f3e3eeb8a45e9;V3-01765-EV-875cc8cabfd01749;V3-01765-EV-e0c6a4478e58a214;V3-01765-EV-66bd5b13e00691f9;V3-01765-EV-64b48faa275f1148,4,not_performed
V3-01788,not_selected_current_unresolved,No current illustrative fact nominated; not compared for retention against the current 49.,False,local_source_copy_matched,50f8e13e6c6e9af094268cf820660bbe02e2da3a1380a9511ea5436d989d4762,False,,,RQ1;RQ2;RQ3;RQ4;RQ5,RQ1.interaction.I01_entity_navigation;RQ1.interaction.I02_faceted_filtering;RQ1.interaction.I09_visual_configuration;RQ1.interaction.I10_reuse_history;RQ1.representation_role.unspecified;RQ1.visualisation.V02_outline_tree;RQ1.visualisation.V04_map;RQ1.visualisation.V06_statistical_chart;RQ2.guidance.G01_valid_next_step;RQ2.guidance.G07_visualisation_recommendation;RQ2.interaction.I10_reuse_history;RQ3.access.A02_uri_dereference;RQ3.access.A05_file_input;RQ3.access.A06_projection_cache;RQ3.data_model.B01_rdf;RQ3.implementation_engines.LDVM/LinkedPipes/D3;RQ3.query_languages.SPARQL;RQ3.scalability.S05_strategy_only;RQ4.evaluation.E01_demonstration;RQ4.evaluation.E02_case_study;RQ4.study_design.E01_demonstration;RQ4.study_design.E02_case_study;RQ5.identity_status.not_established;RQ5.identity_status.scoped_match;RQ5.provenance.source_evidence_extracted;RQ5.publication_version.recorded;RQ5.report_evaluation_limitations.text_recorded;RQ5.report_limitations.no_entry_recorded;RQ5.resource_role.demo;RQ5.resource_role.other;RQ5.resource_verification.historical_version_equivalence_verified.not_recorded;RQ5.resource_verification.license_verified.not_recorded;RQ5.resource_verification.source_build_verified.not_recorded;RQ5.resource_verification.working_demo_verified.not_recorded,V3-01788-EV-485da7d98ad1e995;V3-01788-EV-fd7ba77959c4f574;V3-01788-EV-7604d557c1ebcf5e;V3-01788-EV-8f3f6f69f53dc9cd;V3-01788-EV-85fab959a0871192;V3-01788-EV-2fcb458ac68b7654;V3-01788-EV-3764f7764dbe1a6f;V3-01788-EV-01e7142e87224320;V3-01788-EV-5707dc5b8810d60a;V3-01788-EV-31ae4f57eda5e348;V3-01788-EV-723b7e42edf97b79;V3-01788-EV-e483ce7224ceecee;V3-01788-EV-909f3fab51cff6d5;V3-01788-EV-df64531742de8833;V3-01788-EV-326f14ad28d80b55;V3-01788-EV-d02bc1c26d6b9783;V3-01788-EV-3c297ebaf0e0cfa3;V3-01788-EV-cdb80ef123d0c213;V3-01788-EV-42bf9702549b28d8;V3-01788-EV-ebb8382a4fc1c14e;V3-01788-EV-1fee495d808a77da;V3-01788-EV-564abb0d48c5e35f,1,not_performed
V3-01789,not_selected_current_unresolved,No current illustrative fact nominated; not compared for retention against the current 49.,False,local_source_copy_matched,2b2a611c09b52cfeb8cc214d7034795d6755dbfa3faa5e17b8ac51600de3abd2,False,,,RQ1;RQ2;RQ3;RQ4;RQ5,RQ1.interaction.I01_entity_navigation;RQ1.interaction.I02_faceted_filtering;RQ1.interaction.I10_reuse_history;RQ1.interaction.I11_curation_modifier;RQ1.representation_role.unspecified;RQ1.visualisation.V03_table_list;RQ1.visualisation.V09_text_document;RQ2.guidance.G10_orientation_feedback;RQ2.interaction.I10_reuse_history;RQ3.data_model.B01_rdf;RQ3.missing.access;RQ3.missing.implementation_engines;RQ3.missing.query_languages;RQ3.missing.scalability;RQ4.evaluation.E03_formative_user;RQ4.evaluation.E04_single_system_user;RQ4.missing.study_entries;RQ5.missing.resource_entries;RQ5.provenance.partial_report_read;RQ5.publication_version.not_recorded;RQ5.report_evaluation_limitations.text_recorded;RQ5.report_limitations.no_entry_recorded,V3-01789-EV-487806aceebe51c9;V3-01789-EV-cca066f85d2de873;V3-01789-EV-e23f571d57b55e5d;V3-01789-EV-20339afd50042939;V3-01789-EV-56c56714ecc926c5;V3-01789-EV-440884d71d51ce21;V3-01789-EV-f14e0653ab4a92b0;V3-01789-EV-a30e87905a4655f6;V3-01789-EV-2ddc25fad40c6fe3;V3-01789-EV-623e6acdcf1eeebc;V3-01789-EV-76ad90d47781ed28;V3-01789-EV-8befe2ced7545818,0,not_performed
V3-01791,not_selected_current_unresolved,No current illustrative fact nominated; not compared for retention against the current 49.,False,local_source_copy_matched,11e2a9ab3132f1973dff68bd180bfc6235f9562cf858799a7545547016f4499e,False,,,RQ1;RQ2;RQ3;RQ4;RQ5,RQ1.interaction.I01_entity_navigation;RQ1.interaction.I11_curation_modifier;RQ1.representation_role.unspecified;RQ1.visualisation.V04_map;RQ1.visualisation.V09_text_document;RQ2.guidance.G05_template_entry;RQ3.data_model.B01_rdf;RQ3.missing.access;RQ3.missing.implementation_engines;RQ3.missing.query_languages;RQ3.scalability.S03_reported_data_scale;RQ4.evaluation.E01_demonstration;RQ4.evaluation.E02_case_study;RQ4.study_design.E01_demonstration;RQ4.study_design.E02_case_study;RQ5.identity_status.not_established;RQ5.provenance.full_report_read;RQ5.publication_version.not_recorded;RQ5.report_evaluation_limitations.text_recorded;RQ5.report_limitations.no_entry_recorded;RQ5.resource_role.other;RQ5.resource_verification.historical_version_equivalence_verified.not_recorded;RQ5.resource_verification.license_verified.not_recorded;RQ5.resource_verification.source_build_verified.not_recorded;RQ5.resource_verification.working_demo_verified.not_recorded,V3-01791-EV-793c98a97fde2188;V3-01791-EV-67f7a6e4c19d238b;V3-01791-EV-5b883c9234feedfc;V3-01791-EV-052f50d2ae1bbf83;V3-01791-EV-a3a9dffedb127c3f;V3-01791-EV-76dcadaa59a41bbb;V3-01791-EV-17b764bbad592276;V3-01791-EV-9b5ffe7d81d72135;V3-01791-EV-16476cb707a8f5cb;V3-01791-EV-0388c0a3ffe3d233;V3-01791-EV-f1a8b891586c0977;V3-01791-EV-fdfa2ab4c6814278,1,not_performed
V3-01799,retained_current_illustration_scoped,,True,local_source_copy_matched,390d6b6e28a8f1359e1fa45538ff3bcbfac73638ccc837fa11a75340da3a107f,True,ILL-V3-01799-01,historical;contrasting,RQ1;RQ2;RQ3;RQ4;RQ5,RQ1.interaction.I01_entity_navigation;RQ1.interaction.I10_reuse_history;RQ1.representation_role.unspecified;RQ1.visualisation.V01_node_link;RQ1.visualisation.V09_text_document;RQ2.guidance.G02_lexical_completion;RQ2.guidance.G10_orientation_feedback;RQ2.interaction.I10_reuse_history;RQ3.access.A01_endpoint_query;RQ3.data_model.B01_rdf;RQ3.implementation_engines.DBpedia endpoint;RQ3.query_languages.SPARQL;RQ3.scalability.S05_strategy_only;RQ4.evaluation.E04_single_system_user;RQ4.missing.study_design_codes;RQ5.missing.resource_entries;RQ5.provenance.source_evidence_extracted;RQ5.publication_version.not_recorded;RQ5.report_evaluation_limitations.text_recorded;RQ5.report_limitations.no_entry_recorded,V3-01799-EV-f68f8ca019520ec5;V3-01799-EV-ffa06cd9cf3c4a9f;V3-01799-EV-f9a63337b67281da;V3-01799-EV-16ed6cba0c37f1db;V3-01799-EV-e05d8f5641699862;V3-01799-EV-a7640fd692f6eb4a;V3-01799-EV-300ac732317b5528;V3-01799-EV-c8eb86fe4f0e1bf6;V3-01799-EV-bc5e0104650c5093;V3-01799-EV-c8fcf5a77ca88d57;V3-01799-EV-ab75e1887acbaa11;V3-01799-EV-342d94ade6f921b3;V3-01799-EV-3a42f25cc3a5f26d;V3-01799-EV-a8862988439554da;V3-01799-EV-10337d0f2e55d05b,1,not_performed
V3-01802,not_selected_current_unresolved,No current illustrative fact nominated; not compared for retention against the current 49.,False,local_source_copy_matched,ad0b5f046b42bd1fbb22467d5ae4cc0136bca5cfc6c61ad989197113025dfd31,False,,,RQ1;RQ2;RQ3;RQ4;RQ5,RQ1.interaction.I01_entity_navigation;RQ1.interaction.I03_visual_query;RQ1.representation_role.unspecified;RQ1.visualisation.V01_node_link;RQ1.visualisation.V03_table_list;RQ2.guidance.G01_valid_next_step;RQ2.guidance.G06_context_explanation;RQ2.guidance.G10_orientation_feedback;RQ3.access.A01_endpoint_query;RQ3.access.A06_projection_cache;RQ3.data_model.B01_rdf;RQ3.implementation_engines.MongoDB;RQ3.query_languages.SPARQL;RQ3.scalability.S03_reported_data_scale;RQ3.scalability.S05_strategy_only;RQ4.evaluation.E01_demonstration;RQ4.evaluation.E04_single_system_user;RQ4.missing.study_entries;RQ5.identity_status.not_established;RQ5.provenance.partial_report_read;RQ5.publication_version.not_recorded;RQ5.report_evaluation_limitations.text_recorded;RQ5.report_limitations.no_entry_recorded;RQ5.resource_role.other;RQ5.resource_verification.historical_version_equivalence_verified.not_recorded;RQ5.resource_verification.license_verified.not_recorded;RQ5.resource_verification.source_build_verified.not_recorded;RQ5.resource_verification.working_demo_verified.not_recorded,V3-01802-EV-669f8b797ac51357;V3-01802-EV-f9a803e62a831d95;V3-01802-EV-4835ef92ea5eb0da;V3-01802-EV-18999b453bff3b0d;V3-01802-EV-3b2a7698eb4ca467;V3-01802-EV-6c9c19df69383b36;V3-01802-EV-a4df9628b523b4be;V3-01802-EV-512958aff0aba023;V3-01802-EV-dd17afb7622f6652;V3-01802-EV-82d08059ba6594d0;V3-01802-EV-4aa197d7b3cfa9e0;V3-01802-EV-73a6c0fa7a28c181;V3-01802-EV-7ef382e402fe3497;V3-01802-EV-f29599c80f3f6949;V3-01802-EV-efc0dc2a6943291b;V3-01802-EV-2f792b1ce9a1f8ce;V3-01802-EV-357ddaa581a14182;V3-01802-EV-320ac7295b383952,0,not_performed
V3-01822,not_selected_current_unresolved,No current illustrative fact nominated; not compared for retention against the current 49.,False,local_source_copy_matched,049a3ed0979231dc272527d6cb4fa2c6485f57f1cefd43dd7111b7fbfe65258f,False,,,RQ1;RQ2;RQ3;RQ4;RQ5,RQ1.interaction.I01_entity_navigation;RQ1.interaction.I08_coordinated_analysis;RQ1.representation_role.unspecified;RQ1.visualisation.V02_outline_tree;RQ1.visualisation.V03_table_list;RQ1.visualisation.V09_text_document;RQ1.visualisation.V11_coordinated_views;RQ2.guidance.G03_semantic_ranking;RQ2.guidance.G06_context_explanation;RQ2.guidance.G08_personalisation;RQ2.guidance.G10_orientation_feedback;RQ3.access.A03_local_store;RQ3.data_model.B01_rdf;RQ3.missing.implementation_engines;RQ3.missing.query_languages;RQ3.scalability.S03_reported_data_scale;RQ3.scalability.S05_strategy_only;RQ4.evaluation.E01_demonstration;RQ4.evaluation.E02_case_study;RQ4.missing.study_entries;RQ5.identity_status.scoped_match;RQ5.provenance.full_report_read;RQ5.publication_version.recorded;RQ5.report_evaluation_limitations.text_recorded;RQ5.report_limitations.text_recorded;RQ5.resource_role.other;RQ5.resource_verification.historical_version_equivalence_verified.not_recorded;RQ5.resource_verification.license_verified.not_recorded;RQ5.resource_verification.source_build_verified.not_recorded;RQ5.resource_verification.working_demo_verified.not_recorded,V3-01822-EV-da5005e85f66bb16;V3-01822-EV-cfee37a4f5d6874c;V3-01822-EV-ff0acb747fa399a7;V3-01822-EV-c2096addf2025561;V3-01822-EV-826970957bfc4918;V3-01822-EV-e9bcd3b7929f835f;V3-01822-EV-697acc04af2f8694;V3-01822-EV-2ff14a5a8e8fbbc1;V3-01822-EV-d44955ade8c96c12;V3-01822-EV-f8f902b02081877f;V3-01822-EV-697c5cd744eed629;V3-01822-EV-fd0ccfc077c495d1;V3-01822-EV-b36b70b201be13a2;V3-01822-EV-84fb0ae2fcca4db9;V3-01822-EV-a46e0a6abb1bd2b2;V3-01822-EV-087bf8f334cbe6c8;V3-01822-EV-c26a2fbdae486eaf;V3-01822-EV-30705f2d65f2e42e;V3-01822-EV-442442590de37a6f;V3-01822-EV-6771a716be897ab2,0,not_performed
V3-01830,not_selected_current_unresolved,No current illustrative fact nominated; not compared for retention against the current 49.,False,local_source_copy_matched,ab88d83b8b932bba77edf5f1f60e39eb39955324dfe169b459e79b6b31a81293,False,,,RQ1;RQ2;RQ3;RQ4;RQ5,RQ1.interaction.I01_entity_navigation;RQ1.interaction.I02_faceted_filtering;RQ1.interaction.I11_curation_modifier;RQ1.representation_role.unspecified;RQ1.visualisation.V04_map;RQ1.visualisation.V06_statistical_chart;RQ2.missing.guidance;RQ3.access.A01_endpoint_query;RQ3.data_model.B01_rdf;RQ3.implementation_engines.OpenLayers/GoogleMaps/OpenStreetMap;RQ3.missing.scalability;RQ3.query_languages.SPARQL;RQ4.evaluation.E01_demonstration;RQ4.evaluation.E02_case_study;RQ4.evaluation.E08_deployment;RQ4.missing.study_design_codes;RQ5.missing.resource_entries;RQ5.provenance.partial_report_read;RQ5.publication_version.recorded;RQ5.report_evaluation_limitations.text_recorded;RQ5.report_limitations.no_entry_recorded,V3-01830-EV-12da28fb972a43d9;V3-01830-EV-df1eb1a950c4c9ea;V3-01830-EV-e1129ccbb69d3e2e;V3-01830-EV-7951e79d7a7ad5b0;V3-01830-EV-0c12f22c2e6b5647;V3-01830-EV-f2c237dab7f28be9;V3-01830-EV-cf975378d20d8e75;V3-01830-EV-fa3575872430bf94;V3-01830-EV-4e17bf49a5ef7856;V3-01830-EV-858f54f302fe10c6;V3-01830-EV-de2ecdd4c3de3c40;V3-01830-EV-b8a486f664bd46d0;V3-01830-EV-e3bd0aaed60e1f97;V3-01830-EV-88220dc96a9b59d5;V3-01830-EV-20fefa0f6df22f62;V3-01830-EV-d8dcee0bb34f3e1c;V3-01830-EV-8982fb0144b672f6;V3-01830-EV-140017d0e356579e;V3-01830-EV-d322793646480bdb;V3-01830-EV-5b04b1d3927f4255;V3-01830-EV-e29b9ca03280e7ad;V3-01830-EV-32afdd20d10a3ec6;V3-01830-EV-14fff2b135e6f25d;V3-01830-EV-d8a9229b0639833a;V3-01830-EV-94eb112f8e7bd4b6;V3-01830-EV-d22968dd22d111a8;V3-01830-EV-27b332c27daedc7e;V3-01830-EV-98eadfdedac72799;V3-01830-EV-f532cbc4ce1a1e98;V3-01830-EV-bcaf296e09636aae;V3-01830-EV-d0e6c154a5b32cc3;V3-01830-EV-3bab3f225a35cfe8,1,not_performed
V3-01870,not_selected_current_unresolved,No current illustrative fact nominated; not compared for retention against the current 49.,False,local_source_copy_matched,770fff81db5a44958393117c02e184e080cd1e3be11c685c5e49a0eaef013b90,False,,,RQ1;RQ2;RQ3;RQ4;RQ5,RQ1.missing.interaction;RQ1.missing.visualisation;RQ2.missing.guidance;RQ3.missing.access;RQ3.missing.data_model;RQ3.missing.implementation_engines;RQ3.missing.query_languages;RQ3.missing.scalability;RQ4.missing.evaluation;RQ4.missing.study_entries;RQ5.identity_status.not_established;RQ5.identity_status.scoped_match;RQ5.provenance.source_evidence_extracted;RQ5.publication_version.recorded;RQ5.report_evaluation_limitations.text_recorded;RQ5.report_limitations.no_entry_recorded;RQ5.resource_role.demo;RQ5.resource_verification.historical_version_equivalence_verified.not_recorded;RQ5.resource_verification.license_verified.not_recorded;RQ5.resource_verification.source_build_verified.not_recorded;RQ5.resource_verification.working_demo_verified.not_recorded,V3-01870-EV-83a5bcc4dab16f7a,0,not_performed
V3-01873,not_selected_current_unresolved,No current illustrative fact nominated; not compared for retention against the current 49.,False,local_source_copy_matched,8d1e496672aed3333d270d08dbefc073179b024b8f0ffcb5b726197c93fa0128,False,,,RQ1;RQ2;RQ3;RQ4;RQ5,RQ1.missing.interaction;RQ1.representation_role.unspecified;RQ1.visualisation.V09_text_document;RQ2.guidance.G05_template_entry;RQ2.guidance.G09_language_generation;RQ3.data_model.B01_rdf;RQ3.missing.access;RQ3.missing.implementation_engines;RQ3.missing.query_languages;RQ3.scalability.S03_reported_data_scale;RQ4.evaluation.E06_offline_accuracy;RQ4.missing.study_entries;RQ5.identity_status.scoped_match;RQ5.provenance.partial_report_read;RQ5.publication_version.not_recorded;RQ5.report_evaluation_limitations.text_recorded;RQ5.report_limitations.no_entry_recorded;RQ5.resource_role.application_source;RQ5.resource_verification.historical_version_equivalence_verified.not_recorded;RQ5.resource_verification.license_verified.not_recorded;RQ5.resource_verification.source_build_verified.not_recorded;RQ5.resource_verification.working_demo_verified.not_recorded,V3-01873-EV-f0c729a7a8c09c2e;V3-01873-EV-9e5358a447923f65;V3-01873-EV-059b7102952b40bb;V3-01873-EV-8235450c0dae908f;V3-01873-EV-13e47b844bf2a432;V3-01873-EV-e3685c140caf24cc;V3-01873-EV-7e631b5a3f30c386;V3-01873-EV-fc7e42d556dd422b,0,not_performed
V3-01889,not_selected_current_unresolved,No current illustrative fact nominated; not compared for retention against the current 49.,False,local_source_copy_matched,14c98d77b43d3542235f33b8f404627f5d68bff0e208703cb4212f51bf25eba1,False,,,RQ1;RQ2;RQ3;RQ4;RQ5,RQ1.interaction.I01_entity_navigation;RQ1.interaction.I02_faceted_filtering;RQ1.representation_role.unspecified;RQ1.visualisation.V03_table_list;RQ2.guidance.G02_lexical_completion;RQ2.guidance.G03_semantic_ranking;RQ3.access.A01_endpoint_query;RQ3.access.A03_local_store;RQ3.access.A06_projection_cache;RQ3.data_model.B01_rdf;RQ3.implementation_engines.Virtuoso;RQ3.query_languages.SPARQL;RQ3.scalability.S03_reported_data_scale;RQ3.scalability.S05_strategy_only;RQ4.evaluation.E01_demonstration;RQ4.evaluation.E02_case_study;RQ4.missing.study_entries;RQ5.identity_status.not_established;RQ5.provenance.partial_report_read;RQ5.publication_version.not_recorded;RQ5.report_evaluation_limitations.text_recorded;RQ5.report_limitations.no_entry_recorded;RQ5.resource_role.other;RQ5.resource_verification.historical_version_equivalence_verified.not_recorded;RQ5.resource_verification.license_verified.not_recorded;RQ5.resource_verification.source_build_verified.not_recorded;RQ5.resource_verification.working_demo_verified.not_recorded,V3-01889-EV-9e696ab0e3b4d88c;V3-01889-EV-682c7d43fa490e88;V3-01889-EV-0b452a65487c9131;V3-01889-EV-c3225416c51045ff;V3-01889-EV-11438b85f08d0631;V3-01889-EV-d836ae0199964947;V3-01889-EV-3fa7996c3f707cef;V3-01889-EV-59078ece93c9d264;V3-01889-EV-9cfe0d2a968fee47;V3-01889-EV-8a198359197f727c;V3-01889-EV-d4dbd279907b2048;V3-01889-EV-84014f8c2d9f4827;V3-01889-EV-a98afc23a531889e;V3-01889-EV-33b9a1540a9b2e26;V3-01889-EV-00b2d3181e151cd0;V3-01889-EV-fe3759839e968899,0,not_performed
V3-01936,retained_current_illustration_scoped,,True,local_source_copy_matched,0734bb40b66db10e62d43a11552321d06bf26edde66686012b624b23074985f4,True,ILL-V3-01936-01,principal;boundary,RQ1;RQ2;RQ3;RQ4;RQ5,RQ1.interaction.I01_entity_navigation;RQ1.interaction.I06_free_language;RQ1.representation_role.unspecified;RQ1.visualisation.V01_node_link;RQ1.visualisation.V09_text_document;RQ2.guidance.G03_semantic_ranking;RQ2.guidance.G09_language_generation;RQ2.guidance.G10_orientation_feedback;RQ3.access.A03_local_store;RQ3.data_model.B02_property_graph;RQ3.implementation_engines.Medical property graph;RQ3.missing.scalability;RQ3.query_languages.Cypher;RQ4.evaluation.E03_formative_user;RQ4.evaluation.E05_comparative_user;RQ4.missing.study_design_codes;RQ5.missing.resource_entries;RQ5.provenance.source_evidence_extracted;RQ5.publication_version.not_recorded;RQ5.report_evaluation_limitations.text_recorded;RQ5.report_limitations.no_entry_recorded,V3-01936-EV-b846923e79a5f897;V3-01936-EV-dbb06fbd08f95b2f;V3-01936-EV-859da1572dc20bbb;V3-01936-EV-35ec450e1417e6a7;V3-01936-EV-ca19a043685b7226;V3-01936-EV-c02e49311f94e1be;V3-01936-EV-054f629e2a49451c;V3-01936-EV-fa96488ca87c63b7;V3-01936-EV-82e0b5ebf6c77cf1;V3-01936-EV-401b4d824ae446cb;V3-01936-EV-9a837bdbe5344ced;V3-01936-EV-fcc8b2d9e35847c5;V3-01936-EV-ec66dc50bc983d7c;V3-01936-EV-a1b274571a8dfc88;V3-01936-EV-4f5c97d48cbc3600,1,not_performed
V3-01967,not_selected_current_unresolved,No current illustrative fact nominated; not compared for retention against the current 49.,False,local_source_copy_matched,b8cdc46cbd62a645ad1e9d0564a1022a570a33178151ff7dc8305d8c91d04a29,False,,,RQ1;RQ2;RQ3;RQ4;RQ5,RQ1.interaction.I01_entity_navigation;RQ1.interaction.I03_visual_query;RQ1.representation_role.unspecified;RQ1.visualisation.V01_node_link;RQ1.visualisation.V04_map;RQ1.visualisation.V05_timeline;RQ2.guidance.G01_valid_next_step;RQ2.guidance.G10_orientation_feedback;RQ3.access.A01_endpoint_query;RQ3.data_model.B01_rdf;RQ3.missing.implementation_engines;RQ3.missing.scalability;RQ3.query_languages.SPARQL;RQ4.evaluation.E01_demonstration;RQ4.missing.study_entries;RQ5.missing.resource_entries;RQ5.provenance.partial_report_read;RQ5.publication_version.not_recorded;RQ5.report_evaluation_limitations.text_recorded;RQ5.report_limitations.no_entry_recorded,V3-01967-EV-65ea861e5411dad8;V3-01967-EV-8f924247c3f6867a;V3-01967-EV-1729cd6b460180e8;V3-01967-EV-d13e138d011926fe;V3-01967-EV-4b5ae12526b1d025;V3-01967-EV-60431f04a792d6f3;V3-01967-EV-324ff99a54b4fdff;V3-01967-EV-c8ae6ada0318794d;V3-01967-EV-d0a1ea28c7811ec2;V3-01967-EV-e3a569ad63ab7091;V3-01967-EV-f2d010922d0948e5;V3-01967-EV-41490719983b4a24;V3-01967-EV-0dd4ffdc22a5e11b,0,not_performed
V3-01968,not_selected_current_unresolved,No current illustrative fact nominated; not compared for retention against the current 49.,False,local_source_copy_matched,257f579de0efba446db1a7b95604e3030b7c58b3d00840403c6b161ea3a78681,False,,,RQ1;RQ2;RQ3;RQ4;RQ5,RQ1.interaction.I01_entity_navigation;RQ1.interaction.I03_visual_query;RQ1.interaction.I04_text_query;RQ1.representation_role.unspecified;RQ1.visualisation.V01_node_link;RQ1.visualisation.V03_table_list;RQ2.guidance.G01_valid_next_step;RQ2.guidance.G10_orientation_feedback;RQ3.access.A01_endpoint_query;RQ3.data_model.B01_rdf;RQ3.implementation_engines.Java/Jena/SWT;RQ3.missing.scalability;RQ3.query_languages.SPARQL;RQ4.evaluation.E01_demonstration;RQ4.study_design.E01_demonstration;RQ5.missing.resource_entries;RQ5.provenance.source_evidence_extracted;RQ5.publication_version.not_recorded;RQ5.report_evaluation_limitations.text_recorded;RQ5.report_limitations.no_entry_recorded,V3-01968-EV-c17a13b7b97ce6c8;V3-01968-EV-fb0d9153b78179dd;V3-01968-EV-6460935da2e764f6;V3-01968-EV-0911d77eadf5a3b1;V3-01968-EV-fda0b8707b08bbfe;V3-01968-EV-e07e4b24fc43a281;V3-01968-EV-a3b2ad5d283adc9e;V3-01968-EV-08424f9917767c48;V3-01968-EV-65673eb389d5108f;V3-01968-EV-d32dd91558b96995;V3-01968-EV-fde97523258bab6d;V3-01968-EV-9024f25ab9967cb9;V3-01968-EV-0a4f878e29789c95;V3-01968-EV-bf501f854c12a6fc;V3-01968-EV-8f4f7a53a8b30179,1,not_performed
V3-01970,not_selected_current_unresolved,No current illustrative fact nominated; not compared for retention against the current 49.,False,local_source_copy_matched,34538bb8d42626291c31ce8814e494318e964b001990af829662dd73863bff9b,False,,,RQ1;RQ2;RQ3;RQ4;RQ5,RQ1.interaction.I01_entity_navigation;RQ1.interaction.I02_faceted_filtering;RQ1.interaction.I06_free_language;RQ1.interaction.I10_reuse_history;RQ1.representation_role.unspecified;RQ1.visualisation.V01_node_link;RQ1.visualisation.V03_table_list;RQ1.visualisation.V06_statistical_chart;RQ1.visualisation.V09_text_document;RQ1.visualisation.V11_coordinated_views;RQ2.guidance.G02_lexical_completion;RQ2.guidance.G03_semantic_ranking;RQ2.guidance.G04_query_expansion_relaxation;RQ2.guidance.G06_context_explanation;RQ2.guidance.G09_language_generation;RQ2.guidance.G10_orientation_feedback;RQ2.interaction.I10_reuse_history;RQ3.access.A03_local_store;RQ3.access.A06_projection_cache;RQ3.data_model.B02_property_graph;RQ3.implementation_engines.BM25/SPECTER2/RRF/S2Ranker;RQ3.implementation_engines.GPT4/PaperMage;RQ3.implementation_engines.Neo4j/Weaviate/Next.js/Python;RQ3.missing.query_languages;RQ3.scalability.S03_reported_data_scale;RQ3.scalability.S05_strategy_only;RQ4.evaluation.E04_single_system_user;RQ4.evaluation.E06_offline_accuracy;RQ4.study_design.E04_single_system_user;RQ4.study_design.E06_offline_accuracy;RQ5.identity_status.scoped_match;RQ5.provenance.source_evidence_extracted;RQ5.publication_version.recorded;RQ5.report_evaluation_limitations.text_recorded;RQ5.report_limitations.no_entry_recorded;RQ5.resource_role.application_source;RQ5.resource_verification.historical_version_equivalence_verified.not_recorded;RQ5.resource_verification.license_verified.not_recorded;RQ5.resource_verification.source_build_verified.not_recorded;RQ5.resource_verification.working_demo_verified.not_recorded,V3-01970-EV-c78681704272b5f7;V3-01970-EV-65b8a05392ed875a;V3-01970-EV-101b955e1bfe622b;V3-01970-EV-0ff15d4df2f82605;V3-01970-EV-6bb16ef2a6e89b8e;V3-01970-EV-ce1218f09599dde4;V3-01970-EV-c52dcb58c44bf208;V3-01970-EV-8184b79b2030d05b;V3-01970-EV-bd4567bd0c1e3258;V3-01970-EV-5eec0a8f33ce6d39;V3-01970-EV-b27011467b8e1b4e;V3-01970-EV-4793345728c325e3;V3-01970-EV-daf9f5cba77c74e9;V3-01970-EV-39430361e6f3e6a2;V3-01970-EV-5392dcb83cf17756;V3-01970-EV-38e5b72ad2af03b3;V3-01970-EV-d6e528e89fd2fbb9;V3-01970-EV-da28d094138447cc;V3-01970-EV-828d42742f7cfe80;V3-01970-EV-685598fac1fb4d8f;V3-01970-EV-ed6cf375470cd1cf;V3-01970-EV-fc2b2d00123982ea;V3-01970-EV-6cd92dab034f381a;V3-01970-EV-48ac88b0334a3b76;V3-01970-EV-0988cd4c54bbc251;V3-01970-EV-b55c3de231eec4aa;V3-01970-EV-0c858870a14a0bc6;V3-01970-EV-58074f146ec07efd,3,not_performed
V3-01985,not_selected_current_unresolved,No current illustrative fact nominated; not compared for retention against the current 49.,False,local_source_copy_matched,b8664674f75bb79e48540412a408388fefad899b7ff7c866740fba0d5b8e9671,False,,,RQ1;RQ2;RQ3;RQ4;RQ5,RQ1.interaction.I01_entity_navigation;RQ1.interaction.I02_faceted_filtering;RQ1.missing.visualisation;RQ2.guidance.G01_valid_next_step;RQ3.data_model.B01_rdf;RQ3.missing.access;RQ3.missing.implementation_engines;RQ3.missing.scalability;RQ3.query_languages.SPARQL;RQ4.evaluation.E09_formal_analysis;RQ4.missing.study_entries;RQ5.missing.resource_entries;RQ5.provenance.partial_report_read;RQ5.publication_version.not_recorded;RQ5.report_evaluation_limitations.text_recorded;RQ5.report_limitations.no_entry_recorded,V3-01985-EV-67f367137f87f30a;V3-01985-EV-2dba9cdff686b76b;V3-01985-EV-455d8a9ffbac37c7;V3-01985-EV-ae90e2abac2223b3;V3-01985-EV-df65fc5a41382030;V3-01985-EV-eec4277e303f55df;V3-01985-EV-375c5b3e337e0aa4,0,not_performed
V3-02000,not_selected_current_unresolved,No current illustrative fact nominated; not compared for retention against the current 49.,False,local_source_copy_matched,43a8a4361c4efce588efe8ffd7b1772e22adfb5f1725229da604ef7d190135f3,False,,,RQ1;RQ2;RQ3;RQ4;RQ5,RQ1.interaction.I01_entity_navigation;RQ1.interaction.I03_visual_query;RQ1.interaction.I07_example_query;RQ1.representation_role.unspecified;RQ1.visualisation.V01_node_link;RQ1.visualisation.V02_outline_tree;RQ1.visualisation.V08_small_multiples;RQ1.visualisation.V10_3d_vr;RQ1.visualisation.V11_coordinated_views;RQ2.guidance.G01_valid_next_step;RQ2.guidance.G02_lexical_completion;RQ2.guidance.G03_semantic_ranking;RQ2.guidance.G04_query_expansion_relaxation;RQ2.guidance.G10_orientation_feedback;RQ3.access.A01_endpoint_query;RQ3.access.A03_local_store;RQ3.access.A06_projection_cache;RQ3.data_model.B01_rdf;RQ3.implementation_engines.PostgreSQL/pgvector;RQ3.implementation_engines.QLever;RQ3.implementation_engines.Vue/three.js/D3/BERTopic/stella/Hermes;RQ3.query_languages.SPARQL;RQ3.scalability.S05_strategy_only;RQ4.evaluation.E01_demonstration;RQ4.evaluation.E02_case_study;RQ4.study_design.E01_demonstration;RQ4.study_design.E02_case_study;RQ5.identity_status.scoped_match;RQ5.provenance.full_report_read;RQ5.publication_version.not_recorded;RQ5.report_evaluation_limitations.text_recorded;RQ5.report_limitations.no_entry_recorded;RQ5.resource_role.video;RQ5.resource_verification.historical_version_equivalence_verified.not_recorded;RQ5.resource_verification.license_verified.not_recorded;RQ5.resource_verification.source_build_verified.not_recorded;RQ5.resource_verification.working_demo_verified.not_recorded,V3-02000-EV-814d3a6040b60310;V3-02000-EV-d7f4a22382a2fe3f;V3-02000-EV-3ea3f9192250eb01;V3-02000-EV-cb0784ee907a8599;V3-02000-EV-90472b10e9073a3b;V3-02000-EV-eefc53eb2ccc4a51;V3-02000-EV-518897355214ec75;V3-02000-EV-324f857c937f646e;V3-02000-EV-6f7e05198ab877bc;V3-02000-EV-16a8bd992ae5dad9;V3-02000-EV-d5cdb4a4e75879ba;V3-02000-EV-e91c8c4f0c68cb78;V3-02000-EV-6a1c620d6e2892e9;V3-02000-EV-0365a9f07b80e542;V3-02000-EV-08db7039e98b4d6e;V3-02000-EV-bef3da1d4afba5f2;V3-02000-EV-7c2310f790b2e4ee;V3-02000-EV-f7d29a5c866a7ec4;V3-02000-EV-4c81b352c988f2f4;V3-02000-EV-0ae3af95ada8dbb8;V3-02000-EV-6d10296dd8ff9ce8;V3-02000-EV-c95b9c8199dc7bbe;V3-02000-EV-a1cd700758b3bae1;V3-02000-EV-a8a3b57c1a614852;V3-02000-EV-3c8089d087178804;V3-02000-EV-25e21d8b25126ea8;V3-02000-EV-e305f3787aabd46e,1,not_performed
V3-02038,not_selected_current_unresolved,No current illustrative fact nominated; not compared for retention against the current 49.,False,local_source_copy_matched,8a69c6cf84accd1acb18eca47fa2baf5943a0264b46cb22a383c0085e961725a,False,,,RQ1;RQ2;RQ3;RQ4;RQ5,RQ1.interaction.I01_entity_navigation;RQ1.interaction.I03_visual_query;RQ1.interaction.I04_text_query;RQ1.interaction.I08_coordinated_analysis;RQ1.interaction.I10_reuse_history;RQ1.representation_role.unspecified;RQ1.visualisation.V01_node_link;RQ1.visualisation.V03_table_list;RQ1.visualisation.V04_map;RQ1.visualisation.V11_coordinated_views;RQ2.guidance.G01_valid_next_step;RQ2.guidance.G10_orientation_feedback;RQ2.interaction.I10_reuse_history;RQ3.data_model.B01_rdf;RQ3.missing.access;RQ3.missing.implementation_engines;RQ3.missing.scalability;RQ3.query_languages.SPARQL;RQ4.evaluation.E01_demonstration;RQ4.evaluation.E09_formal_analysis;RQ4.missing.study_entries;RQ5.missing.resource_entries;RQ5.provenance.partial_report_read;RQ5.publication_version.not_recorded;RQ5.report_evaluation_limitations.text_recorded;RQ5.report_limitations.no_entry_recorded,V3-02038-EV-5f289b3e4001e863;V3-02038-EV-c1ee497d5207adb5;V3-02038-EV-1c94cb0c89d43bbd;V3-02038-EV-dff21b31e39e18c9;V3-02038-EV-cedaa6e78401384f;V3-02038-EV-9a6ff12c4d8d7e2d;V3-02038-EV-18c788dd99d2ec38;V3-02038-EV-96beabeaf028df1f;V3-02038-EV-491e0d8bf956612a;V3-02038-EV-7c7823580c8aee6f;V3-02038-EV-538423484241c2d0;V3-02038-EV-bf03ae7be216f150;V3-02038-EV-fd2a5eaaffe51531;V3-02038-EV-7a950ab531b3b722;V3-02038-EV-950e0ca95b0eea79;V3-02038-EV-507aeb71bb7d1d3f;V3-02038-EV-fe657dcd8dd6351f,0,not_performed
V3-02062,not_selected_current_unresolved,No current illustrative fact nominated; not compared for retention against the current 49.,False,local_source_copy_matched,896246ed1505d17ea5784eeba933ff2d5a30c5a410097dddc8b78c078ea29e6b,False,,,RQ1;RQ2;RQ3;RQ4;RQ5,RQ1.missing.interaction;RQ1.missing.visualisation;RQ2.missing.guidance;RQ3.missing.access;RQ3.missing.data_model;RQ3.missing.implementation_engines;RQ3.missing.query_languages;RQ3.missing.scalability;RQ4.missing.evaluation;RQ4.missing.study_entries;RQ5.identity_status.not_established;RQ5.provenance.source_evidence_extracted;RQ5.publication_version.recorded;RQ5.report_evaluation_limitations.text_recorded;RQ5.report_limitations.no_entry_recorded;RQ5.resource_role.other;RQ5.resource_verification.historical_version_equivalence_verified.not_recorded;RQ5.resource_verification.license_verified.not_recorded;RQ5.resource_verification.source_build_verified.not_recorded;RQ5.resource_verification.working_demo_verified.not_recorded,V3-02062-EV-e35eb8a107f85c3c,0,not_performed
V3-02097,not_selected_current_unresolved,No current illustrative fact nominated; not compared for retention against the current 49.,False,local_source_copy_matched,6a24acc3fffd860bf0821f28233e172ab2ce5d7beffe28070f60d6599c171263,False,,,RQ1;RQ2;RQ3;RQ4;RQ5,RQ1.interaction.I02_faceted_filtering;RQ1.interaction.I03_visual_query;RQ1.representation_role.unspecified;RQ1.visualisation.V03_table_list;RQ1.visualisation.V09_text_document;RQ2.guidance.G03_semantic_ranking;RQ2.guidance.G05_template_entry;RQ2.guidance.G06_context_explanation;RQ3.access.A01_endpoint_query;RQ3.access.A04_federation;RQ3.data_model.B01_rdf;RQ3.implementation_engines.HTML/jQuery/JavaScript;RQ3.implementation_engines.JOSEKI/PHP/Python sparqllib;RQ3.query_languages.SPARQL;RQ3.scalability.S03_reported_data_scale;RQ4.evaluation.E04_single_system_user;RQ4.evaluation.E06_offline_accuracy;RQ4.study_design.E04_single_system_user;RQ4.study_design.E06_offline_accuracy;RQ5.identity_status.scoped_match;RQ5.provenance.full_report_read;RQ5.publication_version.not_recorded;RQ5.report_evaluation_limitations.text_recorded;RQ5.report_limitations.no_entry_recorded;RQ5.resource_role.application_source;RQ5.resource_role.demo;RQ5.resource_verification.historical_version_equivalence_verified.not_recorded;RQ5.resource_verification.license_verified.not_recorded;RQ5.resource_verification.source_build_verified.not_recorded;RQ5.resource_verification.working_demo_verified.not_recorded,V3-02097-EV-2662b2df22b2dcd6;V3-02097-EV-635f7353b2eb991f;V3-02097-EV-09657f6feb0b5632;V3-02097-EV-f24f8276649be788;V3-02097-EV-3a5dd803f33af983;V3-02097-EV-72e0c643e6d1dd25;V3-02097-EV-c9c5549eb40a13a8;V3-02097-EV-e3fba666ac59e89e;V3-02097-EV-ef26efef0733a611;V3-02097-EV-db420492fb1d852f;V3-02097-EV-e1ae690e7d789172;V3-02097-EV-74974c2a7dde979b;V3-02097-EV-943f279ecd5d9cea;V3-02097-EV-41faa4a6f731a829;V3-02097-EV-e4a44f68ffcbc346;V3-02097-EV-4524b900f7fef168;V3-02097-EV-9f09d0323692de7b;V3-02097-EV-cfe9922364f615d6;V3-02097-EV-5a0c93bde016b589,2,not_performed
V3-02101,not_selected_current_unresolved,No current illustrative fact nominated; not compared for retention against the current 49.,False,local_source_copy_matched,94867a0fc211235bbd2cb8526357865213b0f4db4fb05839adcdcbf7198b7290,False,,,RQ1;RQ2;RQ3;RQ4;RQ5,RQ1.interaction.I01_entity_navigation;RQ1.interaction.I02_faceted_filtering;RQ1.interaction.I10_reuse_history;RQ1.interaction.I11_curation_modifier;RQ1.representation_role.unspecified;RQ1.visualisation.V03_table_list;RQ2.guidance.G01_valid_next_step;RQ2.guidance.G06_context_explanation;RQ2.guidance.G10_orientation_feedback;RQ2.interaction.I10_reuse_history;RQ3.access.A01_endpoint_query;RQ3.access.A03_local_store;RQ3.access.A06_projection_cache;RQ3.data_model.B01_rdf;RQ3.missing.implementation_engines;RQ3.query_languages.SPARQL;RQ3.scalability.S05_strategy_only;RQ4.evaluation.E01_demonstration;RQ4.evaluation.E02_case_study;RQ4.missing.study_entries;RQ5.identity_status.not_established;RQ5.provenance.partial_report_read;RQ5.publication_version.not_recorded;RQ5.report_evaluation_limitations.text_recorded;RQ5.report_limitations.no_entry_recorded;RQ5.resource_role.demo;RQ5.resource_verification.historical_version_equivalence_verified.not_recorded;RQ5.resource_verification.license_verified.not_recorded;RQ5.resource_verification.source_build_verified.not_recorded;RQ5.resource_verification.working_demo_verified.not_recorded,V3-02101-EV-a62682fcb68f4bff;V3-02101-EV-dddabf6da9b427bf;V3-02101-EV-57296979bc0e9349;V3-02101-EV-344284817e21a9fe;V3-02101-EV-2733a71556f4676c;V3-02101-EV-0df5a9129a080d75;V3-02101-EV-507b3d77e86ff29f;V3-02101-EV-441d1604ab7d775f;V3-02101-EV-d218d4701883de26;V3-02101-EV-2d4e03f49c915c74;V3-02101-EV-adc98475e644ca82;V3-02101-EV-18c1d9c8d0ffca75;V3-02101-EV-18895807b427276c;V3-02101-EV-4e2926d4403009e4;V3-02101-EV-80eef1d91b0900ac;V3-02101-EV-eddd21be304dc81a;V3-02101-EV-2009c25bd62381a1;V3-02101-EV-101187869f4da75a,0,not_performed
V3-02164,not_selected_current_unresolved,No current illustrative fact nominated; not compared for retention against the current 49.,False,local_source_copy_matched,fcae4a7d3f7ebcd1fe1ba66830e3b673a2d08e2e20a859cc85db6911aa379063,False,,,RQ1;RQ2;RQ3;RQ4;RQ5,RQ1.interaction.I07_example_query;RQ1.missing.visualisation;RQ2.guidance.G03_semantic_ranking;RQ2.guidance.G04_query_expansion_relaxation;RQ3.access.A03_local_store;RQ3.access.A06_projection_cache;RQ3.implementation_engines.Apache Giraph/MRU cache;RQ3.implementation_engines.Java8/PostgreSQL9.5;RQ3.missing.data_model;RQ3.missing.query_languages;RQ3.scalability.S01_measured_runtime;RQ3.scalability.S05_strategy_only;RQ4.evaluation.E06_offline_accuracy;RQ4.evaluation.E07_performance;RQ4.study_design.E06_offline_accuracy;RQ4.study_design.E07_performance;RQ5.missing.resource_entries;RQ5.provenance.source_evidence_extracted;RQ5.publication_version.recorded;RQ5.report_evaluation_limitations.text_recorded;RQ5.report_limitations.no_entry_recorded,V3-02164-EV-fbb66fa3effb2948;V3-02164-EV-dec26acbf3cc892e;V3-02164-EV-728ac764e45d2dd5;V3-02164-EV-37117751c3c1c1bf;V3-02164-EV-0aaba85d3790008d;V3-02164-EV-39b119a4a141c270;V3-02164-EV-2cf748a20d9fb886;V3-02164-EV-1f8d7fd2dcdfb39a;V3-02164-EV-d4ba62a7af4bcc87;V3-02164-EV-04311770fb8b31a1;V3-02164-EV-329961d5a98e33aa;V3-02164-EV-0305a7714211b542;V3-02164-EV-abd1ac44a60809b7;V3-02164-EV-ff76ca88568e8b46,2,not_performed
V3-02171,not_selected_current_unresolved,No current illustrative fact nominated; not compared for retention against the current 49.,False,local_source_copy_matched,12c5ad74ba3d0641ab499e7e6e77f091fb4c4db43ee9449fee8862df99b667e3,False,,,RQ1;RQ2;RQ3;RQ4;RQ5,RQ1.interaction.I02_faceted_filtering;RQ1.interaction.I05_controlled_language;RQ1.interaction.I09_visual_configuration;RQ1.interaction.I10_reuse_history;RQ1.representation_role.unspecified;RQ1.visualisation.V03_table_list;RQ1.visualisation.V04_map;RQ1.visualisation.V05_timeline;RQ1.visualisation.V06_statistical_chart;RQ1.visualisation.V09_text_document;RQ2.guidance.G01_valid_next_step;RQ2.guidance.G02_lexical_completion;RQ2.guidance.G07_visualisation_recommendation;RQ2.guidance.G10_orientation_feedback;RQ2.interaction.I10_reuse_history;RQ3.access.A01_endpoint_query;RQ3.access.A06_projection_cache;RQ3.data_model.B01_rdf;RQ3.implementation_engines.JavaScript/HTML/CSS;RQ3.query_languages.SPARQL;RQ3.query_languages.SQL;RQ3.scalability.S05_strategy_only;RQ4.evaluation.E04_single_system_user;RQ4.evaluation.E06_offline_accuracy;RQ4.study_design.E04_single_system_user;RQ4.study_design.E06_offline_accuracy;RQ5.identity_status.scoped_match;RQ5.provenance.full_report_read;RQ5.publication_version.not_recorded;RQ5.report_evaluation_limitations.text_recorded;RQ5.report_limitations.no_entry_recorded;RQ5.resource_role.other;RQ5.resource_verification.historical_version_equivalence_verified.not_recorded;RQ5.resource_verification.license_verified.not_recorded;RQ5.resource_verification.source_build_verified.not_recorded;RQ5.resource_verification.working_demo_verified.not_recorded,V3-02171-EV-9cbf3cbaf370042d;V3-02171-EV-8ee25f0528036cdd;V3-02171-EV-5cd411040429ddf3;V3-02171-EV-c966e4601ee411f4;V3-02171-EV-084ed2ba2934cd17;V3-02171-EV-1faef749bf6ca826;V3-02171-EV-5fdceddcb92cdc26;V3-02171-EV-978c8dc5bc8e2d9b;V3-02171-EV-edd0f7a414dea885;V3-02171-EV-1623caffd0dea74a;V3-02171-EV-c1912cbb6200284d;V3-02171-EV-7b40a7206683c39b;V3-02171-EV-005e55d6ce6350b2;V3-02171-EV-daa2517dee515bbe;V3-02171-EV-d28ebd0d3d3283d6;V3-02171-EV-a5052667b4673345;V3-02171-EV-5090ec758218a03f;V3-02171-EV-9740195d8d4f3e9d;V3-02171-EV-497339b354f5a827;V3-02171-EV-24ec9357d64dee52;V3-02171-EV-f73a371958a434db;V3-02171-EV-31f2e32eb58ff91b;V3-02171-EV-9d45518e53cfbead;V3-02171-EV-7b3af49d25ae1df4;V3-02171-EV-fb4fe5b93989f9eb;V3-02171-EV-4bae266faf31b076,2,not_performed
V3-02186,not_selected_current_unresolved,No current illustrative fact nominated; not compared for retention against the current 49.,False,local_source_copy_matched,b087e41b0d6d37c68db20aa1d861266bae43cc4f3128d9931dba8e92567833cb,False,,,RQ1;RQ2;RQ3;RQ4;RQ5,RQ1.interaction.I01_entity_navigation;RQ1.interaction.I02_faceted_filtering;RQ1.representation_role.unspecified;RQ1.visualisation.V03_table_list;RQ1.visualisation.V09_text_document;RQ2.guidance.G01_valid_next_step;RQ2.guidance.G06_context_explanation;RQ2.guidance.G10_orientation_feedback;RQ3.access.A03_local_store;RQ3.data_model.B01_rdf;RQ3.implementation_engines.HermiT;RQ3.implementation_engines.JRDFox;RQ3.implementation_engines.PAGOdA;RQ3.implementation_engines.Sesame;RQ3.missing.scalability;RQ3.query_languages.SPARQL;RQ4.evaluation.E01_demonstration;RQ4.evaluation.E02_case_study;RQ4.missing.study_entries;RQ5.missing.resource_entries;RQ5.provenance.partial_report_read;RQ5.publication_version.not_recorded;RQ5.report_evaluation_limitations.text_recorded;RQ5.report_limitations.no_entry_recorded,V3-02186-EV-b4258ba2ec2a773a;V3-02186-EV-7dcfeeb723e117a8;V3-02186-EV-1ec1627a21e2885d;V3-02186-EV-2317d440dc5e06ad;V3-02186-EV-e2091f907434e6ad;V3-02186-EV-061aa0b2b04d4d3c;V3-02186-EV-c4088abb33eb80c8;V3-02186-EV-d062a9cbc2eb30a8;V3-02186-EV-9f0d5b8258681d44;V3-02186-EV-ef2d24b60ca26782;V3-02186-EV-e33fe2177a47d27a;V3-02186-EV-c9459b2d22a5dca8;V3-02186-EV-1ab4722c6cab3958;V3-02186-EV-1442ac61d4e03062;V3-02186-EV-06d4c2c89ce092e9;V3-02186-EV-371b46811a304dda;V3-02186-EV-396dd29ee39f7c53;V3-02186-EV-73a8ddc41c9da066,0,not_performed
V3-02190,retained_current_illustration_scoped,,True,local_source_copy_matched,ce188db439ed0c02e0109906cc5a102d136b18483874585067619ba691688b89,True,ILL-V3-02190-01,principal;boundary,RQ1;RQ2;RQ3;RQ4;RQ5,RQ1.interaction.I01_entity_navigation;RQ1.interaction.I03_visual_query;RQ1.representation_role.data_result;RQ1.representation_role.query_pattern;RQ1.visualisation.V01_node_link;RQ1.visualisation.V03_table_list;RQ2.guidance.G01_valid_next_step;RQ2.guidance.G10_orientation_feedback;RQ3.access.A01_endpoint_query;RQ3.data_model.B01_rdf;RQ3.implementation_engines.C#/WPF;RQ3.implementation_engines.D3/HTML/JavaScript/SVG;RQ3.missing.scalability;RQ3.query_languages.SPARQL;RQ4.evaluation.E03_formative_user;RQ4.evaluation.E04_single_system_user;RQ4.study_design.E03_formative_user;RQ4.study_design.E04_single_system_user;RQ5.identity_status.not_established;RQ5.provenance.source_evidence_extracted;RQ5.publication_version.recorded;RQ5.report_evaluation_limitations.text_recorded;RQ5.report_limitations.no_entry_recorded;RQ5.resource_role.other;RQ5.resource_verification.historical_version_equivalence_verified.not_recorded;RQ5.resource_verification.license_verified.not_recorded;RQ5.resource_verification.source_build_verified.not_recorded;RQ5.resource_verification.working_demo_verified.not_recorded,V3-02190-EV-7625f5c2ac1189bb;V3-02190-EV-667a4477474d1b70;V3-02190-EV-be10bfe51f5030a3;V3-02190-EV-d76ed76c13ba1516;V3-02190-EV-e5dabb542f71630b;V3-02190-EV-002bf3d1d9b4dfca;V3-02190-EV-9234e25d05b9ebb2;V3-02190-EV-3466c7db1495574a;V3-02190-EV-163d347ff6ed92b1;V3-02190-EV-ff61ad1b6c98a8a2;V3-02190-EV-edd3a3ddd89b219d;V3-02190-EV-df0e47b768c83406;V3-02190-EV-31e5f18ab70b733a;V3-02190-EV-6b3cbeb3d7c600a0;V3-02190-EV-f8685a1a089f5b45;V3-02190-EV-411191997e577774,1,not_performed
V3-02191,retained_current_illustration_scoped,,True,local_source_copy_matched,b7eea51c7599194edb4aac172691ce578747e5298068434e3b3b1f170d54b115,True,ILL-V3-02191-01,demo;boundary,RQ1;RQ2;RQ3;RQ4;RQ5,RQ1.interaction.I01_entity_navigation;RQ1.interaction.I03_visual_query;RQ1.representation_role.data_result;RQ1.representation_role.query_pattern;RQ1.visualisation.V01_node_link;RQ1.visualisation.V03_table_list;RQ2.guidance.G01_valid_next_step;RQ2.guidance.G02_lexical_completion;RQ2.guidance.G10_orientation_feedback;RQ3.access.A01_endpoint_query;RQ3.access.A06_projection_cache;RQ3.data_model.B01_rdf;RQ3.implementation_engines.HTML/JavaScript/CSS/SVG/D3;RQ3.query_languages.SPARQL;RQ3.scalability.S05_strategy_only;RQ4.evaluation.E01_demonstration;RQ4.study_design.E01_demonstration;RQ5.identity_status.not_established;RQ5.provenance.source_evidence_extracted;RQ5.publication_version.recorded;RQ5.report_evaluation_limitations.text_recorded;RQ5.report_limitations.no_entry_recorded;RQ5.resource_role.other;RQ5.resource_verification.historical_version_equivalence_verified.not_recorded;RQ5.resource_verification.license_verified.not_recorded;RQ5.resource_verification.source_build_verified.not_recorded;RQ5.resource_verification.working_demo_verified.not_recorded,V3-02191-EV-3b1bfea1f8c3f6c4;V3-02191-EV-cb2459cb296fc243;V3-02191-EV-95aacd36292e96c7;V3-02191-EV-f0ef1bcfce637cf7;V3-02191-EV-cda3fe43ae1d13af;V3-02191-EV-ab349270d4f510d8;V3-02191-EV-17d9a3c665022512;V3-02191-EV-a29895e841f53b2c;V3-02191-EV-cbf0ea2d047231b2;V3-02191-EV-66852d77527d7cd2;V3-02191-EV-3ff57357f1e95a1e;V3-02191-EV-6499c2b189304323;V3-02191-EV-1253f4c9c5a18b39;V3-02191-EV-9edf190796eae09e;V3-02191-EV-32ab134d6fd37184;V3-02191-EV-179b63aceb382f4e;V3-02191-EV-0cb65bee17cb2f11,1,not_performed
V3-02206,not_selected_current_unresolved,No current illustrative fact nominated; not compared for retention against the current 49.,False,local_source_copy_matched,470466fa50a4e7bcb3426727bbc0a48eb2969c00711d4c23138c23f61e39252d,False,,,RQ1;RQ2;RQ3;RQ4;RQ5,RQ1.interaction.I01_entity_navigation;RQ1.interaction.I02_faceted_filtering;RQ1.interaction.I03_visual_query;RQ1.interaction.I08_coordinated_analysis;RQ1.representation_role.unspecified;RQ1.visualisation.V02_outline_tree;RQ1.visualisation.V03_table_list;RQ1.visualisation.V06_statistical_chart;RQ1.visualisation.V11_coordinated_views;RQ2.guidance.G01_valid_next_step;RQ2.guidance.G10_orientation_feedback;RQ3.access.A01_endpoint_query;RQ3.access.A03_local_store;RQ3.data_model.B01_rdf;RQ3.implementation_engines.Virtuoso/Angular;RQ3.missing.scalability;RQ3.query_languages.SPARQL;RQ4.evaluation.E01_demonstration;RQ4.evaluation.E02_case_study;RQ4.evaluation.E04_single_system_user;RQ4.missing.study_design_codes;RQ5.missing.resource_entries;RQ5.provenance.partial_report_read;RQ5.publication_version.recorded;RQ5.report_evaluation_limitations.text_recorded;RQ5.report_limitations.no_entry_recorded,V3-02206-EV-1cf0367e96783c8b;V3-02206-EV-9e0bf79391055aea;V3-02206-EV-a348302186d94cb5;V3-02206-EV-922b46a7dde18a7a;V3-02206-EV-872f05a1d8c2785a;V3-02206-EV-72e408ed9ebcf47c;V3-02206-EV-fe962f7c21a94c0d;V3-02206-EV-a02d5816ed568782;V3-02206-EV-163abe14a6281cb9;V3-02206-EV-2faab2225bdbac42;V3-02206-EV-d138934f01031694;V3-02206-EV-28ad978df7653b3e;V3-02206-EV-8c35e2095845f692;V3-02206-EV-c634be3c54014621;V3-02206-EV-7bf75531e09a0639;V3-02206-EV-dbb60171925abddc;V3-02206-EV-338936d840d62d40;V3-02206-EV-7b6ee04cc334dc79;V3-02206-EV-7c80263491901a51;V3-02206-EV-1d258467f9ce355e;V3-02206-EV-68168f6561a0e187;V3-02206-EV-a3ed22baab54e3e7;V3-02206-EV-2899e852e47c2a6c;V3-02206-EV-f3bd9c81281cdff8;V3-02206-EV-f3bf1725aaf0acf9;V3-02206-EV-a5398bb87ca0fe12;V3-02206-EV-14ac482018fe7706;V3-02206-EV-67d3b8b7fcc6245a;V3-02206-EV-035bcfaf168cf405;V3-02206-EV-0e6fc3cd7c7536eb;V3-02206-EV-e9b513f9bcc40a23;V3-02206-EV-114926161bf9b7e1;V3-02206-EV-2e6bc78653f38474;V3-02206-EV-8334275fc7fa2c4c;V3-02206-EV-740f70880b3a07c3;V3-02206-EV-3d19a5adbfcd6736;V3-02206-EV-9da738a04df576c2;V3-02206-EV-be59fb48fb06d757;V3-02206-EV-56109307eb8e177e;V3-02206-EV-f4bca2594882e50e;V3-02206-EV-320a8354c6bd0b8e;V3-02206-EV-a514f6da73aa9a53;V3-02206-EV-3c66d4fda97104eb;V3-02206-EV-819a301eb89db132;V3-02206-EV-71492f21f44bab8e;V3-02206-EV-dbd5fdb3fc22dd04;V3-02206-EV-4665d9e3b5c90fff;V3-02206-EV-1d1addd57366fc2a;V3-02206-EV-0d68c08faf371f0c;V3-02206-EV-274def7f0fa384b8;V3-02206-EV-12c706f5b2a1bf01;V3-02206-EV-1190d4822615b1bc;V3-02206-EV-e6cbcc312407febd;V3-02206-EV-ce6c98c7d1c3f149;V3-02206-EV-dd78ea961923df8c;V3-02206-EV-ff9c30cbac082c7e;V3-02206-EV-65e2957d28bde345;V3-02206-EV-40e2497156460377;V3-02206-EV-1c3a7ee865c5a976;V3-02206-EV-2468d2f622ab7329;V3-02206-EV-e93d5bcc06419d7e;V3-02206-EV-53382abf417a813e;V3-02206-EV-c3f715b60593d64a;V3-02206-EV-5c9e8724812d1daa;V3-02206-EV-e47760d9b11cd878;V3-02206-EV-154bdd673255c165;V3-02206-EV-2cc6611fcbd98287;V3-02206-EV-ad7d8c6fcf1bd361,2,not_performed
V3-02207,not_selected_current_unresolved,No current illustrative fact nominated; not compared for retention against the current 49.,False,local_source_copy_matched,a932eba1666b40a75846f612a36659c697f7b65014e3ae17a1c8ac65648ec1b2,False,,,RQ1;RQ2;RQ3;RQ4;RQ5,RQ1.interaction.I01_entity_navigation;RQ1.interaction.I03_visual_query;RQ1.interaction.I04_text_query;RQ1.interaction.I10_reuse_history;RQ1.representation_role.unspecified;RQ1.visualisation.V01_node_link;RQ1.visualisation.V02_outline_tree;RQ1.visualisation.V03_table_list;RQ2.guidance.G02_lexical_completion;RQ2.guidance.G06_context_explanation;RQ2.guidance.G10_orientation_feedback;RQ2.interaction.I10_reuse_history;RQ3.data_model.B01_rdf;RQ3.missing.access;RQ3.missing.implementation_engines;RQ3.missing.query_languages;RQ3.scalability.S05_strategy_only;RQ4.evaluation.E01_demonstration;RQ4.evaluation.E02_case_study;RQ4.missing.study_entries;RQ5.identity_status.scoped_match;RQ5.provenance.full_report_read;RQ5.publication_version.recorded;RQ5.report_evaluation_limitations.text_recorded;RQ5.report_limitations.no_entry_recorded;RQ5.resource_role.other;RQ5.resource_verification.historical_version_equivalence_verified.not_recorded;RQ5.resource_verification.license_verified.not_recorded;RQ5.resource_verification.source_build_verified.not_recorded;RQ5.resource_verification.working_demo_verified.not_recorded,V3-02207-EV-1cb1f57a0c954de8;V3-02207-EV-3e035abbaeb8c5f5;V3-02207-EV-a7c71a882bd6388b;V3-02207-EV-de1fd1b676507859;V3-02207-EV-bc8d39261b0eb585;V3-02207-EV-ffa9ec6cb2affee3;V3-02207-EV-ad009a17b8e04383;V3-02207-EV-3e0238bf5b88cea8;V3-02207-EV-7835b83c52dea937;V3-02207-EV-5b50167c19d07a2b;V3-02207-EV-4e242708004e3571;V3-02207-EV-bda79b189319724c;V3-02207-EV-d5a6404d3049d7ce;V3-02207-EV-dc5f32be5dfbd5f5;V3-02207-EV-409cac64cdc4a5da;V3-02207-EV-a5d493c53a8515fd,0,not_performed
V3-02209,retained_current_illustration_scoped,,True,local_source_copy_matched,5c1ba55e1b1dbbc87ecb330cde9d1286d6ac2dbd5d54d7311b4d63391db9bf14,True,ILL-V3-02209-01,principal;demo;contrasting,RQ1;RQ2;RQ3;RQ4;RQ5,RQ1.interaction.I03_visual_query;RQ1.interaction.I07_example_query;RQ1.representation_role.unspecified;RQ1.visualisation.V01_node_link;RQ1.visualisation.V03_table_list;RQ1.visualisation.V09_text_document;RQ2.guidance.G01_valid_next_step;RQ2.guidance.G02_lexical_completion;RQ2.guidance.G10_orientation_feedback;RQ3.access.A01_endpoint_query;RQ3.data_model.B01_rdf;RQ3.implementation_engines.Wikidata endpoint/search index;RQ3.missing.scalability;RQ3.query_languages.SPARQL;RQ4.evaluation.E01_demonstration;RQ4.missing.study_design_codes;RQ5.identity_status.not_established;RQ5.identity_status.scoped_match;RQ5.provenance.source_evidence_extracted;RQ5.publication_version.not_recorded;RQ5.report_evaluation_limitations.text_recorded;RQ5.report_limitations.no_entry_recorded;RQ5.resource_role.application_source;RQ5.resource_role.other;RQ5.resource_verification.historical_version_equivalence_verified.not_recorded;RQ5.resource_verification.license_verified.not_recorded;RQ5.resource_verification.source_build_verified.not_recorded;RQ5.resource_verification.working_demo_verified.not_recorded,V3-02209-EV-3288c1ba2443c84c;V3-02209-EV-54190afc993cbba6;V3-02209-EV-d750bb02c5fbfbe4;V3-02209-EV-41691e9b502003c5;V3-02209-EV-21ed0cb9653fc36d;V3-02209-EV-73ee83a6c9122eca;V3-02209-EV-743a634ae5cbee05;V3-02209-EV-fbfc5f653a300d53;V3-02209-EV-115081aab87fc840;V3-02209-EV-0daf924a8fb4d904;V3-02209-EV-1a0684147883b317;V3-02209-EV-716a9c758dcbdbd9;V3-02209-EV-63c0514d08ad5753;V3-02209-EV-21c8e1e74be4da83;V3-02209-EV-910d08b36fe8734c;V3-02209-EV-e2d91ead4d31a77e,1,not_performed
V3-02212,not_selected_current_unresolved,No current illustrative fact nominated; not compared for retention against the current 49.,False,local_source_copy_matched,b09e7771dc8a7bc5d32a1b0e111d347afe7e2bcd9a43b32445d93faa866ff8a2,False,,,RQ1;RQ2;RQ3;RQ4;RQ5,RQ1.interaction.I01_entity_navigation;RQ1.interaction.I02_faceted_filtering;RQ1.interaction.I08_coordinated_analysis;RQ1.representation_role.unspecified;RQ1.visualisation.V01_node_link;RQ1.visualisation.V03_table_list;RQ1.visualisation.V09_text_document;RQ1.visualisation.V11_coordinated_views;RQ2.guidance.G01_valid_next_step;RQ2.guidance.G06_context_explanation;RQ2.guidance.G10_orientation_feedback;RQ3.access.A05_file_input;RQ3.data_model.B01_rdf;RQ3.implementation_engines.Apache Jena (ontology parsing);RQ3.missing.query_languages;RQ3.scalability.S05_strategy_only;RQ4.evaluation.E01_demonstration;RQ4.evaluation.E02_case_study;RQ4.missing.study_entries;RQ5.missing.resource_entries;RQ5.provenance.partial_report_read;RQ5.publication_version.not_recorded;RQ5.report_evaluation_limitations.text_recorded;RQ5.report_limitations.no_entry_recorded,V3-02212-EV-93b8e28d4c9f24e8;V3-02212-EV-c328bb550c50747d;V3-02212-EV-4af8876bcaff4299;V3-02212-EV-00bf58ea8d1f309e;V3-02212-EV-1492101cf978fef5;V3-02212-EV-7371013bcb466ecb;V3-02212-EV-596a53d84519f866;V3-02212-EV-d19f230c32abf1e1;V3-02212-EV-dfb0c1b15cf08111;V3-02212-EV-8669b51a4ac73eea;V3-02212-EV-7a94c29961b5d213;V3-02212-EV-88913bf52c84b8de;V3-02212-EV-b86ed493f02a82b7;V3-02212-EV-3c2c8e9a22648f59;V3-02212-EV-b4edf243a21f6b87;V3-02212-EV-216e22b25ccfe369;V3-02212-EV-b34fd8102d5c82f6,0,not_performed
V3-02215,retained_current_illustration_scoped,,True,local_source_copy_matched,13d122386ba8ef3ac67cabb169bebb87cd3dffc3cc64bf6d9accd345f9ebfe1f,True,ILL-V3-02215-01,principal;historical;demo;boundary,RQ1;RQ2;RQ3;RQ4;RQ5,RQ1.interaction.I02_faceted_filtering;RQ1.interaction.I09_visual_configuration;RQ1.representation_role.unspecified;RQ1.visualisation.V02_outline_tree;RQ1.visualisation.V05_timeline;RQ1.visualisation.V06_statistical_chart;RQ2.guidance.G07_visualisation_recommendation;RQ2.guidance.G10_orientation_feedback;RQ3.access.A03_local_store;RQ3.access.A06_projection_cache;RQ3.data_model.B01_rdf;RQ3.implementation_engines.Jena TDB;RQ3.missing.query_languages;RQ3.scalability.S05_strategy_only;RQ4.evaluation.E01_demonstration;RQ4.missing.study_design_codes;RQ5.identity_status.not_established;RQ5.provenance.source_evidence_extracted;RQ5.publication_version.not_recorded;RQ5.report_evaluation_limitations.text_recorded;RQ5.report_limitations.no_entry_recorded;RQ5.resource_role.other;RQ5.resource_verification.historical_version_equivalence_verified.not_recorded;RQ5.resource_verification.license_verified.not_recorded;RQ5.resource_verification.source_build_verified.not_recorded;RQ5.resource_verification.working_demo_verified.not_recorded,V3-02215-EV-86996cb1bfdec125;V3-02215-EV-1c45ad9ce0fbd60b;V3-02215-EV-06b4ef1a8d5b5328;V3-02215-EV-fb91a33d7cf6e9b9;V3-02215-EV-c67fce5ca0d2c481;V3-02215-EV-abb7bd7d7ffd7056;V3-02215-EV-bb17000ed22b724a;V3-02215-EV-6da523f24b6291d9;V3-02215-EV-7b444f39e81cc0df;V3-02215-EV-7f83460ce47e3d40;V3-02215-EV-3560e259aa3dbe72;V3-02215-EV-946e4e7b4af0dfc2;V3-02215-EV-bb13533afd44bd32;V3-02215-EV-96139197c2b79c3f;V3-02215-EV-1a7e4e5da1683cc7;V3-02215-EV-edfcd888f59e2564,1,not_performed
V3-02247,not_selected_current_unresolved,No current illustrative fact nominated; not compared for retention against the current 49.,False,local_source_copy_matched,2faeb72ea283dfc475dcb0137624fe7921d73d2eb6f4a3641016ba1f6ee79a0a,False,,,RQ1;RQ2;RQ3;RQ4;RQ5,RQ1.interaction.I07_example_query;RQ1.missing.visualisation;RQ2.guidance.G03_semantic_ranking;RQ3.access.A03_local_store;RQ3.access.A06_projection_cache;RQ3.data_model.B03_typed_legacy_graph;RQ3.missing.implementation_engines;RQ3.missing.query_languages;RQ3.scalability.S01_measured_runtime;RQ3.scalability.S03_reported_data_scale;RQ3.scalability.S05_strategy_only;RQ4.evaluation.E06_offline_accuracy;RQ4.evaluation.E07_performance;RQ4.evaluation.E09_formal_analysis;RQ4.missing.study_entries;RQ5.identity_status.scoped_match;RQ5.provenance.full_report_read;RQ5.publication_version.recorded;RQ5.report_evaluation_limitations.text_recorded;RQ5.report_limitations.text_recorded;RQ5.resource_role.data;RQ5.resource_verification.historical_version_equivalence_verified.not_recorded;RQ5.resource_verification.license_verified.not_recorded;RQ5.resource_verification.source_build_verified.not_recorded;RQ5.resource_verification.working_demo_verified.not_recorded,V3-02247-EV-170ed9d0de40502e;V3-02247-EV-bdcc00adf568ba26;V3-02247-EV-823543fc1c3d6fb4;V3-02247-EV-195971b8951dbfd5;V3-02247-EV-158a391fba409264;V3-02247-EV-caaa29bace553c89;V3-02247-EV-73ec27fdde92dec6;V3-02247-EV-ad90d9898c17a383;V3-02247-EV-b514222e8aaa30da;V3-02247-EV-dba664bd2a7eb14d;V3-02247-EV-6abb61e10a478271;V3-02247-EV-2e84d0699f2f3729;V3-02247-EV-aa2addaf32da4734;V3-02247-EV-39b407c3bce29f29,0,not_performed
V3-02248,retained_current_illustration_scoped,,True,local_source_copy_matched,b67ca7055d66eea67513c26f50f205e4b02f25b36208c1e4a96c8a20b0942e39,True,ILL-V3-02248-01,principal;boundary,RQ1;RQ2;RQ3;RQ4;RQ5,RQ1.interaction.I01_entity_navigation;RQ1.interaction.I02_faceted_filtering;RQ1.representation_role.unspecified;RQ1.visualisation.V01_node_link;RQ1.visualisation.V09_text_document;RQ2.guidance.G02_lexical_completion;RQ2.guidance.G03_semantic_ranking;RQ2.guidance.G06_context_explanation;RQ3.access.A01_endpoint_query;RQ3.data_model.B01_rdf;RQ3.implementation_engines.SPARQL endpoint product not reported;RQ3.query_languages.SPARQL;RQ3.scalability.S05_strategy_only;RQ4.evaluation.E01_demonstration;RQ4.missing.study_design_codes;RQ5.identity_status.not_established;RQ5.provenance.source_evidence_extracted;RQ5.publication_version.not_recorded;RQ5.report_evaluation_limitations.text_recorded;RQ5.report_limitations.no_entry_recorded;RQ5.resource_role.other;RQ5.resource_verification.historical_version_equivalence_verified.not_recorded;RQ5.resource_verification.license_verified.not_recorded;RQ5.resource_verification.source_build_verified.not_recorded;RQ5.resource_verification.working_demo_verified.not_recorded,V3-02248-EV-0d49edb1dd974609;V3-02248-EV-bdc76036accd37a3;V3-02248-EV-957283ffbab9a581;V3-02248-EV-b67605b4926d8933;V3-02248-EV-16eeb291f06ca0ba;V3-02248-EV-436a971925e81855;V3-02248-EV-4f709f8d8862e6d0;V3-02248-EV-1d5e804297fc0eef;V3-02248-EV-5cfb882095a9cd7f;V3-02248-EV-9049d073b401868e;V3-02248-EV-f632f42968de9883;V3-02248-EV-3c1554683ec533a6;V3-02248-EV-296473a94229db8c;V3-02248-EV-137fce1469fdf334;V3-02248-EV-37c22fc77d6086d0;V3-02248-EV-8647bdfd8ccdf40c,1,not_performed
V3-02346,not_selected_current_unresolved,No current illustrative fact nominated; not compared for retention against the current 49.,False,local_source_copy_matched,352e3a3e8fdd51a306e8a1eaed982007b06a0cd3bd9eb73d2c032bd2415e96eb,False,,,RQ1;RQ2;RQ3;RQ4;RQ5,RQ1.interaction.I01_entity_navigation;RQ1.interaction.I03_visual_query;RQ1.interaction.I07_example_query;RQ1.interaction.I09_visual_configuration;RQ1.interaction.I10_reuse_history;RQ1.representation_role.unspecified;RQ1.visualisation.V01_node_link;RQ1.visualisation.V03_table_list;RQ2.guidance.G06_context_explanation;RQ2.guidance.G10_orientation_feedback;RQ2.interaction.I10_reuse_history;RQ3.data_model.B01_rdf;RQ3.missing.access;RQ3.missing.implementation_engines;RQ3.missing.query_languages;RQ3.missing.scalability;RQ4.evaluation.E01_demonstration;RQ4.evaluation.E02_case_study;RQ4.missing.study_entries;RQ5.identity_status.not_established;RQ5.provenance.partial_report_read;RQ5.publication_version.not_recorded;RQ5.report_evaluation_limitations.text_recorded;RQ5.report_limitations.no_entry_recorded;RQ5.resource_role.other;RQ5.resource_verification.historical_version_equivalence_verified.not_recorded;RQ5.resource_verification.license_verified.not_recorded;RQ5.resource_verification.source_build_verified.not_recorded;RQ5.resource_verification.working_demo_verified.not_recorded,V3-02346-EV-6dce999389d8247c;V3-02346-EV-dc692350d07c4f78;V3-02346-EV-20f6e5659ab7d343;V3-02346-EV-09df8b6df4a3448a;V3-02346-EV-12613d304c2ac3f6;V3-02346-EV-1a6fa53cf76f8359;V3-02346-EV-3def879b7cd3c9af;V3-02346-EV-a9e1463fee56f5cd;V3-02346-EV-40cdc24cc6cefad4;V3-02346-EV-bd737580ba513e24;V3-02346-EV-e41641e24d2d49f8;V3-02346-EV-36aa9303f008530e;V3-02346-EV-2c4d6e8df27a8a3a;V3-02346-EV-e0e3e95da4a03b53,0,not_performed
V3-02366,not_selected_current_unresolved,No current illustrative fact nominated; not compared for retention against the current 49.,False,local_source_copy_matched,407fc4f5341984dc53d8859a0acedc155da52c8cf760eda1f1ae33c138e04105,False,,,RQ1;RQ2;RQ3;RQ4;RQ5,RQ1.interaction.I01_entity_navigation;RQ1.interaction.I02_faceted_filtering;RQ1.representation_role.unspecified;RQ1.visualisation.V01_node_link;RQ1.visualisation.V03_table_list;RQ1.visualisation.V05_timeline;RQ1.visualisation.V06_statistical_chart;RQ2.guidance.G03_semantic_ranking;RQ3.access.A03_local_store;RQ3.data_model.B02_property_graph;RQ3.implementation_engines.Neo4j/FastAPI/React;RQ3.implementation_engines.Sigma/D3;RQ3.missing.query_languages;RQ3.scalability.S03_reported_data_scale;RQ3.scalability.S05_strategy_only;RQ4.evaluation.E01_demonstration;RQ4.evaluation.E02_case_study;RQ4.study_design.E01_demonstration;RQ4.study_design.E02_case_study;RQ5.missing.resource_entries;RQ5.provenance.source_evidence_extracted;RQ5.publication_version.recorded;RQ5.report_evaluation_limitations.text_recorded;RQ5.report_limitations.no_entry_recorded,V3-02366-EV-8eb723a2e9abbff4;V3-02366-EV-908a7226ad5a2afe;V3-02366-EV-afec3b1520370800;V3-02366-EV-c63a5cf28f81dbf2;V3-02366-EV-25407580530d6e02;V3-02366-EV-7b383a188693b1d8;V3-02366-EV-e71ac894dbf0894e;V3-02366-EV-447b5d760763f9a8;V3-02366-EV-2ba26113330a2f65;V3-02366-EV-f8ce4293211b1dfa;V3-02366-EV-03caf19f5986f12c;V3-02366-EV-b972bd17563edb53;V3-02366-EV-02cfd68ca5b523f5;V3-02366-EV-59b8df304362f088;V3-02366-EV-bcf8243f15522a78;V3-02366-EV-fde39f4bdbd9edc6;V3-02366-EV-2d908aee5cebecb3,1,not_performed
V3-02367,retained_current_illustration_scoped,,True,local_source_copy_matched,f97e0dd0b54ef2b0d316d7911eea7093e70d84c98804cc4ef38742aa74e00f32,True,ILL-V3-02367-01,principal;boundary,RQ1;RQ2;RQ3;RQ4;RQ5,RQ1.interaction.I01_entity_navigation;RQ1.interaction.I02_faceted_filtering;RQ1.interaction.I08_coordinated_analysis;RQ1.representation_role.unspecified;RQ1.visualisation.V03_table_list;RQ1.visualisation.V04_map;RQ1.visualisation.V05_timeline;RQ1.visualisation.V06_statistical_chart;RQ1.visualisation.V11_coordinated_views;RQ2.guidance.G10_orientation_feedback;RQ3.access.A01_endpoint_query;RQ3.access.A03_local_store;RQ3.data_model.B01_rdf;RQ3.implementation_engines.SPARQL store; ServerFS/ClientFS;RQ3.query_languages.SPARQL;RQ3.scalability.S03_reported_data_scale;RQ3.scalability.S05_strategy_only;RQ4.evaluation.E02_case_study;RQ4.evaluation.E08_deployment;RQ4.missing.study_design_codes;RQ5.identity_status.not_established;RQ5.identity_status.scoped_match;RQ5.provenance.source_evidence_extracted;RQ5.publication_version.not_recorded;RQ5.report_evaluation_limitations.text_recorded;RQ5.report_limitations.no_entry_recorded;RQ5.resource_role.application_source;RQ5.resource_role.other;RQ5.resource_verification.historical_version_equivalence_verified.not_recorded;RQ5.resource_verification.license_verified.not_recorded;RQ5.resource_verification.source_build_verified.not_recorded;RQ5.resource_verification.working_demo_verified.not_recorded,V3-02367-EV-3df336bc15187436;V3-02367-EV-81278a6921a5b3e9;V3-02367-EV-1f2b9114695cc16f;V3-02367-EV-e824701ee24a4e1e;V3-02367-EV-b0967c03ef370371;V3-02367-EV-ea5b335a7b28c776;V3-02367-EV-42d8d667d41c5697;V3-02367-EV-114dd5ab3c197cd2;V3-02367-EV-007a5f646be45239;V3-02367-EV-d46f87a5a6d3c8d1;V3-02367-EV-9062bc582f0ee6d9;V3-02367-EV-41fba96c41c448e5;V3-02367-EV-5234b99263e75621;V3-02367-EV-4328e487e66a260b;V3-02367-EV-f18af12cfcf937f5;V3-02367-EV-742f18cf438fd401;V3-02367-EV-52987abbb6209c08;V3-02367-EV-623f6bcc76509c3d;V3-02367-EV-53df1c4f7320ba2e;V3-02367-EV-d918f170f6972998,1,not_performed
V3-02383,retained_current_illustration_scoped,,True,local_source_copy_matched,a896ba3fbdef180a51b5b85617e549f5bb42aff270da63be265306b9865860b9,True,ILL-V3-02383-01,principal;contrasting;boundary;demo,RQ1;RQ2;RQ3;RQ4;RQ5,RQ1.interaction.I01_entity_navigation;RQ1.interaction.I02_faceted_filtering;RQ1.interaction.I03_visual_query;RQ1.representation_role.unspecified;RQ1.visualisation.V01_node_link;RQ1.visualisation.V03_table_list;RQ2.guidance.G01_valid_next_step;RQ2.guidance.G10_orientation_feedback;RQ3.access.A03_local_store;RQ3.access.A06_projection_cache;RQ3.data_model.B01_rdf;RQ3.data_model.B02_property_graph;RQ3.data_model.B05_mixed_models;RQ3.implementation_engines.Neo4j; Java RDF indexes;RQ3.missing.query_languages;RQ3.scalability.S05_strategy_only;RQ4.evaluation.E01_demonstration;RQ4.evaluation.E02_case_study;RQ4.missing.study_design_codes;RQ5.identity_status.scoped_match;RQ5.provenance.source_evidence_extracted;RQ5.publication_version.not_recorded;RQ5.report_evaluation_limitations.text_recorded;RQ5.report_limitations.no_entry_recorded;RQ5.resource_role.other;RQ5.resource_verification.historical_version_equivalence_verified.not_recorded;RQ5.resource_verification.license_verified.not_recorded;RQ5.resource_verification.source_build_verified.not_recorded;RQ5.resource_verification.working_demo_verified.not_recorded,V3-02383-EV-675148034188b082;V3-02383-EV-a5d13cfa8291bde5;V3-02383-EV-20594fb053d8326a;V3-02383-EV-6d2df81ddf0110af;V3-02383-EV-c4ef21b676c947b1;V3-02383-EV-432e62e6b7eb2325;V3-02383-EV-2257240351aade39;V3-02383-EV-eb6235f20ff63390;V3-02383-EV-93f6bdb53efe2f4c;V3-02383-EV-a36e5dc430f59855;V3-02383-EV-ed8feab9760d21c7;V3-02383-EV-6d9e426adb7acfe3;V3-02383-EV-8febd83f98004471;V3-02383-EV-e346cf498fabc265;V3-02383-EV-ffeb64ace0a0699e;V3-02383-EV-5d69468ce60a9de3;V3-02383-EV-7583b570b3204d04;V3-02383-EV-42a752a20a6cdbfe;V3-02383-EV-b5fcc3ffd76994db,1,not_performed
V3-02387,not_selected_current_unresolved,No current illustrative fact nominated; not compared for retention against the current 49.,False,local_source_copy_matched,4348bdf70a5fbf1b3b79143a82030b8806ed3474f1bb0e591397b9d3d20272c6,False,,,RQ1;RQ2;RQ3;RQ4;RQ5,RQ1.interaction.I01_entity_navigation;RQ1.interaction.I02_faceted_filtering;RQ1.interaction.I05_controlled_language;RQ1.interaction.I07_example_query;RQ1.representation_role.unspecified;RQ1.visualisation.V03_table_list;RQ1.visualisation.V09_text_document;RQ2.guidance.G01_valid_next_step;RQ2.guidance.G10_orientation_feedback;RQ3.access.A01_endpoint_query;RQ3.data_model.B01_rdf;RQ3.missing.implementation_engines;RQ3.query_languages.SPARQL;RQ3.scalability.S05_strategy_only;RQ4.evaluation.E06_offline_accuracy;RQ4.missing.study_entries;RQ5.identity_status.not_established;RQ5.provenance.partial_report_read;RQ5.publication_version.not_recorded;RQ5.report_evaluation_limitations.text_recorded;RQ5.report_limitations.no_entry_recorded;RQ5.resource_role.other;RQ5.resource_verification.historical_version_equivalence_verified.not_recorded;RQ5.resource_verification.license_verified.not_recorded;RQ5.resource_verification.source_build_verified.not_recorded;RQ5.resource_verification.working_demo_verified.not_recorded,V3-02387-EV-ef8de3ffd865c448;V3-02387-EV-e4b591017c8c2688;V3-02387-EV-ff9ab62e7da0f362;V3-02387-EV-c857a31c44d82aa7;V3-02387-EV-3aaead7606871d1f;V3-02387-EV-6c91363010d2b59d;V3-02387-EV-a4ea4948abb03f59;V3-02387-EV-bdc02fd74d60442b;V3-02387-EV-544a033cf6fdde49;V3-02387-EV-fad5ba1e7f738493;V3-02387-EV-f751fa1efbb99397;V3-02387-EV-b2f31b54de3bd515;V3-02387-EV-8fbf186d10d82ce1;V3-02387-EV-2add42431149a90d;V3-02387-EV-671405b038d822ae,0,not_performed
V3-02392,not_selected_current_unresolved,No current illustrative fact nominated; not compared for retention against the current 49.,False,local_source_copy_matched,da18ba8cff95d730a3ee47d885403c85b11254d49c6b07b1e003aaedbb315f5f,False,,,RQ1;RQ2;RQ3;RQ4;RQ5,RQ1.interaction.I03_visual_query;RQ1.representation_role.unspecified;RQ1.visualisation.V01_node_link;RQ1.visualisation.V03_table_list;RQ2.guidance.G01_valid_next_step;RQ2.guidance.G02_lexical_completion;RQ3.access.A01_endpoint_query;RQ3.access.A06_projection_cache;RQ3.data_model.B01_rdf;RQ3.implementation_engines.ViziQuer/OBIS-SchemaExtractor;RQ3.query_languages.SPARQL;RQ3.scalability.S03_reported_data_scale;RQ3.scalability.S04_reported_visual_scale;RQ3.scalability.S05_strategy_only;RQ4.evaluation.E01_demonstration;RQ4.evaluation.E02_case_study;RQ4.missing.study_design_codes;RQ5.missing.resource_entries;RQ5.provenance.partial_report_read;RQ5.publication_version.recorded;RQ5.report_evaluation_limitations.text_recorded;RQ5.report_limitations.no_entry_recorded,V3-02392-EV-5b6e0e0cd7737a97;V3-02392-EV-429f89277897bf3e;V3-02392-EV-bfc8ecf9a4b8738e;V3-02392-EV-b1a38d37754f21f5;V3-02392-EV-fbb8f98900c0b386;V3-02392-EV-116ca26bed616e14;V3-02392-EV-cec15ab12f7f114a;V3-02392-EV-a1749864f486a275;V3-02392-EV-f7fd22e30e0b6050;V3-02392-EV-5a041b9ba2a98554;V3-02392-EV-526d05de1ea630b7;V3-02392-EV-1237af7813581ac4;V3-02392-EV-76e0aa3cd41bf7c9;V3-02392-EV-cc70159eaaf55c65;V3-02392-EV-1a0481c20d312dde;V3-02392-EV-79555b507b087c8f;V3-02392-EV-cbc25e32b8c4a09b;V3-02392-EV-a76610d4d2208f4b;V3-02392-EV-3f195cc8ec3a9a08;V3-02392-EV-9dd43deb12625de8;V3-02392-EV-37c928a6f362e57f;V3-02392-EV-44aa7ecf850f67f4;V3-02392-EV-faddfbe99d5a24aa;V3-02392-EV-9891bb06f2726c1c;V3-02392-EV-f914d6c294881c7b;V3-02392-EV-141abb676500d567;V3-02392-EV-a5ccc6ab9856c89b;V3-02392-EV-356e767e156d0909;V3-02392-EV-5e42e0c726e28bf7;V3-02392-EV-153a70188259388c;V3-02392-EV-92241f3a70621467;V3-02392-EV-f6d05dbd952a1a66;V3-02392-EV-6442891ff1362627;V3-02392-EV-296f14a9e3b81efd;V3-02392-EV-4a76c2ea592722e8;V3-02392-EV-9620ffc3de7deda2;V3-02392-EV-37ed6205e870c127;V3-02392-EV-acbebd1d1bb99b16;V3-02392-EV-151e7f25c2aa5614;V3-02392-EV-08a372cbbfd5ab4b;V3-02392-EV-c784375adc8a10b6;V3-02392-EV-067ef218a86d2200;V3-02392-EV-4d36f4834fff8c00;V3-02392-EV-d083b4a09a869046;V3-02392-EV-0cdcbedba979a5c0;V3-02392-EV-c97f470b1f71199b;V3-02392-EV-0bb195bbf744fec2;V3-02392-EV-b88e6b92e946c2d3;V3-02392-EV-a20e88813f4aceb9;V3-02392-EV-ed2b8cd3ab55d925;V3-02392-EV-579f9f9ed2b34209;V3-02392-EV-e73713845dd50ea3;V3-02392-EV-f1f32ff7ed9299e7;V3-02392-EV-fef01b4663889030;V3-02392-EV-dcef0493e5d147b8;V3-02392-EV-fc7442bf0bd66d3f;V3-02392-EV-a923c577807c12c1,1,not_performed
V3-02408,not_selected_current_unresolved,No current illustrative fact nominated; not compared for retention against the current 49.,False,local_source_copy_matched,3993696fab059565e4ec50820c26e666c850e6dc683fef37d9c0ca214bfa4dc6,False,,,RQ1;RQ2;RQ3;RQ4;RQ5,RQ1.interaction.I01_entity_navigation;RQ1.interaction.I02_faceted_filtering;RQ1.interaction.I09_visual_configuration;RQ1.representation_role.unspecified;RQ1.visualisation.V03_table_list;RQ1.visualisation.V04_map;RQ1.visualisation.V06_statistical_chart;RQ1.visualisation.V08_small_multiples;RQ2.missing.guidance;RQ3.access.A01_endpoint_query;RQ3.data_model.B01_rdf;RQ3.implementation_engines.Sampo-UI/Mapbox/OpenStreetMap;RQ3.query_languages.SPARQL;RQ3.scalability.S03_reported_data_scale;RQ4.evaluation.E01_demonstration;RQ4.evaluation.E02_case_study;RQ4.study_design.E01_demonstration;RQ4.study_design.E02_case_study;RQ5.identity_status.not_established;RQ5.identity_status.scoped_match;RQ5.provenance.source_evidence_extracted;RQ5.publication_version.recorded;RQ5.report_evaluation_limitations.text_recorded;RQ5.report_limitations.no_entry_recorded;RQ5.resource_role.application_source;RQ5.resource_role.data;RQ5.resource_role.demo;RQ5.resource_verification.historical_version_equivalence_verified.not_recorded;RQ5.resource_verification.license_verified.not_recorded;RQ5.resource_verification.source_build_verified.not_recorded;RQ5.resource_verification.working_demo_verified.not_recorded,V3-02408-EV-19753b7039eb2cac;V3-02408-EV-c6b3db12539acd78;V3-02408-EV-8c6a86cdc22526d0;V3-02408-EV-cd6e09c6f18f4962;V3-02408-EV-5ec95db648e3b41d;V3-02408-EV-6145ef1d24fa3f3a;V3-02408-EV-934f928e85878556;V3-02408-EV-3bb4cba45459d813;V3-02408-EV-4fac7a0498eeb235;V3-02408-EV-5f11492d39138163;V3-02408-EV-8fb6c200c82b6bef;V3-02408-EV-77101e7035724ff5;V3-02408-EV-3cf193662a4fd953;V3-02408-EV-db6ce5f6286dd9f5;V3-02408-EV-e18726ee1e2e484f;V3-02408-EV-689355d1fd16d2f6;V3-02408-EV-6276415aeb972ad3;V3-02408-EV-659a0480883c9bf0,1,not_performed
V3-02431,not_selected_current_unresolved,No current illustrative fact nominated; not compared for retention against the current 49.,False,local_source_copy_matched,57e3bb7ca08a0ec94034cec9895901eb68c84a1330bbde2598d507571532c743,False,,,RQ1;RQ2;RQ3;RQ4;RQ5,RQ1.interaction.I01_entity_navigation;RQ1.representation_role.unspecified;RQ1.visualisation.V01_node_link;RQ1.visualisation.V09_text_document;RQ2.guidance.G02_lexical_completion;RQ2.guidance.G05_template_entry;RQ2.guidance.G06_context_explanation;RQ2.guidance.G10_orientation_feedback;RQ3.access.A01_endpoint_query;RQ3.access.A04_federation;RQ3.data_model.B01_rdf;RQ3.implementation_engines.Ontotext S4 GraphDB;RQ3.query_languages.SPARQL;RQ3.scalability.S05_strategy_only;RQ4.evaluation.E01_demonstration;RQ4.evaluation.E02_case_study;RQ4.missing.study_entries;RQ5.missing.resource_entries;RQ5.provenance.partial_report_read;RQ5.publication_version.not_recorded;RQ5.report_evaluation_limitations.text_recorded;RQ5.report_limitations.no_entry_recorded,V3-02431-EV-849bc388708814b2;V3-02431-EV-ff23575d0ec1c233;V3-02431-EV-a12053a9a3cf0822;V3-02431-EV-168ef7e79c4d99d9;V3-02431-EV-ddcadd2062dc2658;V3-02431-EV-5d0f8e08397dd3a0;V3-02431-EV-c916e10670c954d2;V3-02431-EV-cf5ef562df5ed468;V3-02431-EV-462cb0ddab2fb66c;V3-02431-EV-1712aa8c506c8769;V3-02431-EV-45957409f6746184;V3-02431-EV-7965a1c1e9917131;V3-02431-EV-e74d1fe4f1022d66;V3-02431-EV-4d4f302465f9e262;V3-02431-EV-03c36bebf1504683;V3-02431-EV-0954e4a99923b67a;V3-02431-EV-12a364c2ce017a79,0,not_performed
V3-02437,not_selected_current_unresolved,No current illustrative fact nominated; not compared for retention against the current 49.,False,local_source_copy_matched,ca2502391950c9ba3cf92b38d0332d576454def6db72a3607f4c4d10f70b6f4a,False,,,RQ1;RQ2;RQ3;RQ4;RQ5,RQ1.interaction.I02_faceted_filtering;RQ1.representation_role.unspecified;RQ1.visualisation.V02_outline_tree;RQ1.visualisation.V03_table_list;RQ2.guidance.G04_query_expansion_relaxation;RQ3.data_model.B01_rdf;RQ3.missing.access;RQ3.missing.implementation_engines;RQ3.missing.query_languages;RQ3.missing.scalability;RQ4.evaluation.E02_case_study;RQ4.evaluation.E09_formal_analysis;RQ4.missing.study_design_codes;RQ5.missing.resource_entries;RQ5.provenance.partial_report_read;RQ5.publication_version.recorded;RQ5.report_evaluation_limitations.text_recorded;RQ5.report_limitations.no_entry_recorded,V3-02437-EV-b951b6fdfea9124e;V3-02437-EV-03cdf65f4ae90cee;V3-02437-EV-71d139fcefb868e0;V3-02437-EV-81e5620ca03e4394;V3-02437-EV-d3a2673212321598;V3-02437-EV-b9804e5d562572d7;V3-02437-EV-867487c7e0d91079;V3-02437-EV-3d1db8eb3cffd6a6;V3-02437-EV-6551fc2b663eeafd;V3-02437-EV-dcb554d010703a99;V3-02437-EV-8b45a8f0d7fafbcd;V3-02437-EV-a074652cec6b6907;V3-02437-EV-36d7f8cbb55bd33a;V3-02437-EV-cec58bfb3299aa3c;V3-02437-EV-25f42b3fae74b68a;V3-02437-EV-ad9c5ff764ac5e2f;V3-02437-EV-05a892007c25c494;V3-02437-EV-9c0cb6024e341e8f;V3-02437-EV-b3693b1fe21d3994;V3-02437-EV-9f043aa53c7e8cc8;V3-02437-EV-4f38173e6cdde0c8;V3-02437-EV-9f562985e4a7d617;V3-02437-EV-ebcac47cd046022a;V3-02437-EV-061c4b4c371a6af9;V3-02437-EV-e870b6a23c1fec2f;V3-02437-EV-492e61f4f1b52282;V3-02437-EV-f414307dbbb6e478;V3-02437-EV-8023e2e5a1f78c59;V3-02437-EV-adb894e6bc2f5b7d;V3-02437-EV-166ccddc2099c7bc;V3-02437-EV-4e6c5cf4d19de51b;V3-02437-EV-b7d44425686c6bba;V3-02437-EV-523783e4952a66f6;V3-02437-EV-1c0a1d972e9b6c43;V3-02437-EV-1b60081ed351b928;V3-02437-EV-5b1709e78ec11669,2,not_performed
V3-02449,not_selected_current_unresolved,No current illustrative fact nominated; not compared for retention against the current 49.,False,local_source_copy_matched,a22a6775272144436d9ffd65a91ad30473978071d37a948e0e86684a44021afb,False,,,RQ1;RQ2;RQ3;RQ4;RQ5,RQ1.interaction.I02_faceted_filtering;RQ1.missing.visualisation;RQ2.guidance.G01_valid_next_step;RQ2.guidance.G03_semantic_ranking;RQ3.missing.access;RQ3.missing.data_model;RQ3.missing.implementation_engines;RQ3.missing.query_languages;RQ3.scalability.S04_reported_visual_scale;RQ3.scalability.S05_strategy_only;RQ4.missing.evaluation;RQ4.missing.study_entries;RQ5.missing.resource_entries;RQ5.provenance.partial_report_read;RQ5.publication_version.recorded;RQ5.report_evaluation_limitations.text_recorded;RQ5.report_limitations.no_entry_recorded,V3-02449-EV-2dde52d43ce4df99;V3-02449-EV-5b913932ea5c894b;V3-02449-EV-690255b17565d7a5;V3-02449-EV-82164a302ddd1418;V3-02449-EV-d492e79ebaca227b;V3-02449-EV-cdf41bbacf329f8c;V3-02449-EV-44c619440175c93c;V3-02449-EV-b2a284a40cdeb7f3;V3-02449-EV-69c4c35a19a7c1af;V3-02449-EV-addd8c1325dd63f0;V3-02449-EV-f01eca12fec17116;V3-02449-EV-ab71e63ab517b728;V3-02449-EV-d55c348562ecaae6;V3-02449-EV-7ee22a269d9426c0;V3-02449-EV-8fdc2856483f207a;V3-02449-EV-f95fdb97a36bce3d;V3-02449-EV-8089b075f6a12ddc;V3-02449-EV-c208b0fe3d398d3f;V3-02449-EV-a7b6cd78b019b3a7;V3-02449-EV-23552b4a12b908e8;V3-02449-EV-83356c09fcbde248;V3-02449-EV-3ea4f8ecd4b8031f,0,not_performed
V3-02452,not_selected_current_unresolved,No current illustrative fact nominated; not compared for retention against the current 49.,False,local_source_copy_matched,609b8acd5814ab787ccc536249fa3c127eaed289dc57b4b46bbcb4a01101b2af,False,,,RQ1;RQ2;RQ3;RQ4;RQ5,RQ1.interaction.I03_visual_query;RQ1.representation_role.unspecified;RQ1.visualisation.V01_node_link;RQ1.visualisation.V03_table_list;RQ2.guidance.G02_lexical_completion;RQ3.data_model.B01_rdf;RQ3.missing.access;RQ3.missing.implementation_engines;RQ3.missing.query_languages;RQ3.missing.scalability;RQ4.evaluation.E06_offline_accuracy;RQ4.missing.study_entries;RQ5.missing.resource_entries;RQ5.provenance.full_report_read;RQ5.publication_version.recorded;RQ5.report_evaluation_limitations.text_recorded;RQ5.report_limitations.no_entry_recorded,V3-02452-EV-1c65ea155d837476;V3-02452-EV-5e65c9465182282f;V3-02452-EV-fdb3d670e09ef299;V3-02452-EV-f7ad40ce767a341d;V3-02452-EV-c73241d420cbc0ce;V3-02452-EV-d25ff359592c85b0;V3-02452-EV-4d19dfc04c5c2d91;V3-02452-EV-b89edd6252ff6909,0,not_performed
V3-02454,not_selected_current_unresolved,No current illustrative fact nominated; not compared for retention against the current 49.,False,local_source_copy_matched,aa77c0f42a6342a4105cb5f43f6893161377b2f99016de183d62d889d8dda00d,False,,,RQ1;RQ2;RQ3;RQ4;RQ5,RQ1.interaction.I01_entity_navigation;RQ1.interaction.I02_faceted_filtering;RQ1.interaction.I05_controlled_language;RQ1.representation_role.unspecified;RQ1.visualisation.V02_outline_tree;RQ1.visualisation.V03_table_list;RQ1.visualisation.V09_text_document;RQ2.guidance.G01_valid_next_step;RQ2.guidance.G10_orientation_feedback;RQ3.access.A03_local_store;RQ3.access.A05_file_input;RQ3.access.A06_projection_cache;RQ3.data_model.B01_rdf;RQ3.implementation_engines.Sewelis;RQ3.query_languages.LISQL;RQ3.query_languages.SPARQL;RQ3.scalability.S03_reported_data_scale;RQ3.scalability.S05_strategy_only;RQ4.evaluation.E04_single_system_user;RQ4.study_design.E04_single_system_user;RQ5.identity_status.scoped_match;RQ5.provenance.source_evidence_extracted;RQ5.publication_version.recorded;RQ5.report_evaluation_limitations.text_recorded;RQ5.report_limitations.no_entry_recorded;RQ5.resource_role.documentation;RQ5.resource_verification.historical_version_equivalence_verified.not_recorded;RQ5.resource_verification.license_verified.not_recorded;RQ5.resource_verification.source_build_verified.not_recorded;RQ5.resource_verification.working_demo_verified.not_recorded,V3-02454-EV-3a4d6d08d81d3341;V3-02454-EV-c1ad89768effb8a6;V3-02454-EV-566782a49925127e;V3-02454-EV-868bab03960b868b;V3-02454-EV-e41ce9c27f2aab88;V3-02454-EV-afe735abd076e9e2;V3-02454-EV-dc8be59ba6a822fa;V3-02454-EV-f29a90fd2d8c8309;V3-02454-EV-26507ef04eadc184;V3-02454-EV-26adcd291fc935bc;V3-02454-EV-b98f09c9c474dcb9;V3-02454-EV-4660404b3216d541;V3-02454-EV-dbb8e8fefbcbb4d1;V3-02454-EV-6054ac5da7dea80a;V3-02454-EV-18790bea2a6215c5;V3-02454-EV-414d78932390d8c1;V3-02454-EV-a3a827c6b143f30a;V3-02454-EV-3b42d7b61ecc9a2d;V3-02454-EV-bd1f64d70d17eeb4;V3-02454-EV-18d9f7e576cd0975;V3-02454-EV-c4e3ab96e5cde3b8;V3-02454-EV-8b8d3e9314a9cf0d;V3-02454-EV-e8e2349bc2552cb8;V3-02454-EV-a7d1709a91f5f0ba,1,not_performed
V3-02456,not_selected_current_unresolved,No current illustrative fact nominated; not compared for retention against the current 49.,False,local_source_copy_matched,385f9259bba4561dac055e5c122e74fb699d09613ec2889d43cfe30d08fd4c06,False,,,RQ1;RQ2;RQ3;RQ4;RQ5,RQ1.interaction.I01_entity_navigation;RQ1.interaction.I02_faceted_filtering;RQ1.interaction.I04_text_query;RQ1.representation_role.unspecified;RQ1.visualisation.V01_node_link;RQ1.visualisation.V03_table_list;RQ1.visualisation.V09_text_document;RQ2.missing.guidance;RQ3.access.A01_endpoint_query;RQ3.data_model.B01_rdf;RQ3.implementation_engines.LODE/WebVOWL;RQ3.implementation_engines.Virtuoso/LodView/LodLive;RQ3.query_languages.SPARQL;RQ3.scalability.S03_reported_data_scale;RQ4.evaluation.E01_demonstration;RQ4.evaluation.E02_case_study;RQ4.evaluation.E08_deployment;RQ4.study_design.E01_demonstration;RQ4.study_design.E02_case_study;RQ4.study_design.E08_deployment;RQ5.identity_status.not_established;RQ5.provenance.source_evidence_extracted;RQ5.publication_version.recorded;RQ5.report_evaluation_limitations.text_recorded;RQ5.report_limitations.no_entry_recorded;RQ5.resource_role.data;RQ5.resource_role.other;RQ5.resource_verification.historical_version_equivalence_verified.not_recorded;RQ5.resource_verification.license_verified.not_recorded;RQ5.resource_verification.source_build_verified.not_recorded;RQ5.resource_verification.working_demo_verified.not_recorded,V3-02456-EV-8b8b1fa9c3215612;V3-02456-EV-f99ed399a7c7e663;V3-02456-EV-c548351b8be60713;V3-02456-EV-16d9b4a8c8456a54;V3-02456-EV-5852aae97ee5df06;V3-02456-EV-b1087967cf05c6cb;V3-02456-EV-37eff1990d28f846;V3-02456-EV-691a2eb6b749c418;V3-02456-EV-d44febc555cb1011;V3-02456-EV-bc89411151abca1b;V3-02456-EV-3ef7968edf3b0be3;V3-02456-EV-02aa0a88413e0bf3;V3-02456-EV-4c3651b0483b404a;V3-02456-EV-8225f2d1cafc5c67;V3-02456-EV-1b268d0e0dd025a1;V3-02456-EV-884efd6729f62769;V3-02456-EV-4f6b59f071c5dfb1;V3-02456-EV-67386ab844dd4fe6;V3-02456-EV-b1c3652becfc5fc5;V3-02456-EV-c0d0bc5ade356409;V3-02456-EV-220e54db7ed50f46;V3-02456-EV-266e814d0798718a,1,not_performed
V3-02461,not_selected_current_unresolved,No current illustrative fact nominated; not compared for retention against the current 49.,False,local_source_copy_matched,d150e8eb1d7b7a84eedfd3e5011dc1823403676e89b7c96d758378c0975e4045,False,,,RQ1;RQ2;RQ3;RQ4;RQ5,RQ1.interaction.I01_entity_navigation;RQ1.interaction.I08_coordinated_analysis;RQ1.representation_role.unspecified;RQ1.visualisation.V01_node_link;RQ1.visualisation.V03_table_list;RQ1.visualisation.V09_text_document;RQ1.visualisation.V11_coordinated_views;RQ2.guidance.G02_lexical_completion;RQ2.guidance.G03_semantic_ranking;RQ2.guidance.G06_context_explanation;RQ2.guidance.G10_orientation_feedback;RQ3.access.A01_endpoint_query;RQ3.data_model.B01_rdf;RQ3.implementation_engines.RDF browser/cloud DBaaS/PaaS;RQ3.query_languages.SPARQL;RQ3.scalability.S05_strategy_only;RQ4.evaluation.E01_demonstration;RQ4.evaluation.E02_case_study;RQ4.evaluation.E08_deployment;RQ4.missing.study_design_codes;RQ5.missing.resource_entries;RQ5.provenance.partial_report_read;RQ5.publication_version.recorded;RQ5.report_evaluation_limitations.text_recorded;RQ5.report_limitations.no_entry_recorded,V3-02461-EV-cb0af22c87a088c7;V3-02461-EV-457cb22100f9e5fa;V3-02461-EV-ceed25f3436ae49f;V3-02461-EV-a988762fafea4b02;V3-02461-EV-010a49abf2478436;V3-02461-EV-3771813367e6eb16;V3-02461-EV-dbe36291d6b0bd94;V3-02461-EV-93103d4d4edca53f;V3-02461-EV-9c3376cc2a88fa20;V3-02461-EV-b40da19b4411c9ee;V3-02461-EV-0cd276658c909aa3;V3-02461-EV-4ac8fe97d82e57ad;V3-02461-EV-08133143fd1bb1bc;V3-02461-EV-d1f2a6e90b9d8c23;V3-02461-EV-881bc7db0bc0adf1;V3-02461-EV-d3ce436201be12d4;V3-02461-EV-b81da33be5ba8e4b;V3-02461-EV-96d2851feef2f3d9;V3-02461-EV-7fa2876bee7aa015;V3-02461-EV-5305c89002cb9fa9;V3-02461-EV-b143d9b9b96ea8ad;V3-02461-EV-c7e92cde1aab6072;V3-02461-EV-ea89782f800f004a;V3-02461-EV-0257b33f51f5cb57;V3-02461-EV-b743c7ca12f23672;V3-02461-EV-bd6c25db4222055a;V3-02461-EV-669e628737a1c02e;V3-02461-EV-03a186fd9ff9248e;V3-02461-EV-4df4f14ea305ab2e;V3-02461-EV-b5569a2e81e2cbef;V3-02461-EV-1805585be6760b12;V3-02461-EV-1d51de7cc7297b65;V3-02461-EV-cdb68a71203373e9;V3-02461-EV-cf770586b9809c59;V3-02461-EV-b631148f30387cf5;V3-02461-EV-2c0ed8836d621e7d;V3-02461-EV-3eef2ec8862fce41;V3-02461-EV-8d3f78bfa2abb79c;V3-02461-EV-3c1993830fc6ebc3;V3-02461-EV-d51f9b25d122fd4e;V3-02461-EV-b5adca3e6d0fbae7;V3-02461-EV-bb1e0695153cec9f;V3-02461-EV-600d970e0c2b95e9;V3-02461-EV-b13439df7b20fc85;V3-02461-EV-b854103012d4ff91;V3-02461-EV-7bca5c2cdb1ff899;V3-02461-EV-3b89871ddcc3a0a5;V3-02461-EV-56932d620adfb9af;V3-02461-EV-f68175e9d0a45fd9;V3-02461-EV-8c5c930c43efae0c;V3-02461-EV-01ade64f4b55f581;V3-02461-EV-82b29e0adf0b786e;V3-02461-EV-52ba012454166ce0;V3-02461-EV-aa15eb0bed9fc7fd;V3-02461-EV-22807464a9d93cd1;V3-02461-EV-d1505a29d5ed35e7;V3-02461-EV-dca441b84f69dab6;V3-02461-EV-4027f1424152d023;V3-02461-EV-8ce7ec6c314ae0a8;V3-02461-EV-3a5d386e39e0ef3e;V3-02461-EV-78c8f1bbec659e14;V3-02461-EV-a6319913c9beddbe;V3-02461-EV-427b886e17e2aa44;V3-02461-EV-a689bf1785759d89;V3-02461-EV-bf4d8939296af114;V3-02461-EV-4a4e9f51060bea5e;V3-02461-EV-dd75f87ab8cf6372;V3-02461-EV-1a9d2db605de3692;V3-02461-EV-3bbbe2208e33a59c;V3-02461-EV-4baff32abc41de72;V3-02461-EV-a1c6f4a5091acfc4;V3-02461-EV-e404525ec41ebcc1;V3-02461-EV-ea981fadf499583d;V3-02461-EV-2ff4c901b6a9fefd;V3-02461-EV-2477acb1d51512d1;V3-02461-EV-11f2548c05417fd1;V3-02461-EV-dc2cec4f62d8c36a;V3-02461-EV-506c18f18fba59c8;V3-02461-EV-8c49f3f2f51858db;V3-02461-EV-023b639d31ef623d;V3-02461-EV-3378be0cda665177;V3-02461-EV-05592e6e0a14de9c;V3-02461-EV-3e6848acb73eb20b;V3-02461-EV-8edefac8d34a4e94;V3-02461-EV-278a0ff30a3a262f;V3-02461-EV-ba250cbe2f86768c;V3-02461-EV-7eeb56900ab78392;V3-02461-EV-2aebbc3252df64a6;V3-02461-EV-26e55d821be00548;V3-02461-EV-dd732fa368e8428d;V3-02461-EV-a61943bbf64eaf1d,2,not_performed
V3-02469,retained_current_illustration_scoped,,True,local_source_copy_matched,851d655ecbafccd86fef0816c2c81ba2b29abcfa9be804f58015d8ba0bb62e83,True,ILL-V3-02469-01,principal;boundary;contrasting,RQ1;RQ2;RQ3;RQ4;RQ5,RQ1.interaction.I01_entity_navigation;RQ1.interaction.I10_reuse_history;RQ1.representation_role.unspecified;RQ1.visualisation.V01_node_link;RQ1.visualisation.V09_text_document;RQ2.guidance.G02_lexical_completion;RQ2.guidance.G03_semantic_ranking;RQ2.guidance.G10_orientation_feedback;RQ2.interaction.I10_reuse_history;RQ3.access.A03_local_store;RQ3.access.A06_projection_cache;RQ3.data_model.B01_rdf;RQ3.implementation_engines.DBpediaRanker;RQ3.implementation_engines.Flash;RQ3.query_languages.SPARQL;RQ3.query_languages.SQL;RQ3.scalability.S03_reported_data_scale;RQ3.scalability.S05_strategy_only;RQ4.evaluation.E01_demonstration;RQ4.evaluation.E02_case_study;RQ4.study_design.E01_demonstration;RQ4.study_design.E02_case_study;RQ5.identity_status.not_established;RQ5.provenance.source_evidence_extracted;RQ5.publication_version.recorded;RQ5.report_evaluation_limitations.text_recorded;RQ5.report_limitations.no_entry_recorded;RQ5.resource_role.other;RQ5.resource_verification.historical_version_equivalence_verified.not_recorded;RQ5.resource_verification.license_verified.not_recorded;RQ5.resource_verification.source_build_verified.not_recorded;RQ5.resource_verification.working_demo_verified.not_recorded,V3-02469-EV-a9cfc47d7548bc67;V3-02469-EV-db86de2b85fabe79;V3-02469-EV-5edcd917dd5e4874;V3-02469-EV-a5d01ff2fb29fbbf;V3-02469-EV-c6af1a178ba12401;V3-02469-EV-d88207231dfa30ba;V3-02469-EV-c7f7e756af454cf5;V3-02469-EV-279ef19c509afd4c;V3-02469-EV-408d87da06493ae0;V3-02469-EV-9bf978086e277e07;V3-02469-EV-e392bba757d43677;V3-02469-EV-aeb08e5b5163a788;V3-02469-EV-c1b34421e3b28d6d;V3-02469-EV-96a7dc18b57afa6c;V3-02469-EV-0069e576ca0a7e1d;V3-02469-EV-cad40024b2679d20;V3-02469-EV-8a1bee78878c3949;V3-02469-EV-ba7237cf9570cfc9;V3-02469-EV-ffcce1007a8b8a7d;V3-02469-EV-d0a16961ec84bd03;V3-02469-EV-ea40441c058dce8f;V3-02469-EV-9e756d266a87bdb5,1,not_performed
V3-02477,not_selected_current_unresolved,No current illustrative fact nominated; not compared for retention against the current 49.,False,local_source_copy_matched,30303bc8961d331b5d516808c0ec0fafb663051257ff420c402ad3adfb042b1b,False,,,RQ1;RQ2;RQ3;RQ4;RQ5,RQ1.interaction.I01_entity_navigation;RQ1.interaction.I02_faceted_filtering;RQ1.representation_role.unspecified;RQ1.visualisation.V02_outline_tree;RQ1.visualisation.V03_table_list;RQ1.visualisation.V09_text_document;RQ2.guidance.G01_valid_next_step;RQ2.guidance.G10_orientation_feedback;RQ3.access.A03_local_store;RQ3.access.A05_file_input;RQ3.access.A06_projection_cache;RQ3.data_model.B01_rdf;RQ3.implementation_engines.JRDFox/Sesame/Stardog/PAGOdA/HermiT;RQ3.implementation_engines.Java/HTML5/index/Lucene;RQ3.query_languages.SPARQL;RQ3.scalability.S03_reported_data_scale;RQ3.scalability.S05_strategy_only;RQ4.evaluation.E01_demonstration;RQ4.evaluation.E02_case_study;RQ4.missing.study_design_codes;RQ5.missing.resource_entries;RQ5.provenance.partial_report_read;RQ5.publication_version.recorded;RQ5.report_evaluation_limitations.text_recorded;RQ5.report_limitations.no_entry_recorded,V3-02477-EV-c12702164748898e;V3-02477-EV-011cb4be98c8bb0b;V3-02477-EV-0a3be27020cd1be8;V3-02477-EV-893e615ca87beffb;V3-02477-EV-24f4b4434dfa8d80;V3-02477-EV-5539cfbb3937074a;V3-02477-EV-9af7456c25ead02d;V3-02477-EV-ef21853bbde26c14;V3-02477-EV-0019567620972c9a;V3-02477-EV-cbd1452a1d6f3cf4;V3-02477-EV-47f51a205e885bd3;V3-02477-EV-593916c525745345;V3-02477-EV-9dacc3ba8ac55013;V3-02477-EV-fca11f5d80a29a59;V3-02477-EV-0eab6552809bff99;V3-02477-EV-74816a5a16a1325f;V3-02477-EV-3e910b14e6537442;V3-02477-EV-33caa4b995d0ece6;V3-02477-EV-70a379809069cc2c;V3-02477-EV-3d22743d681b1b8e;V3-02477-EV-d9b2cb9fba0d7e0a;V3-02477-EV-440cc5a7da30866e;V3-02477-EV-0a752803a4c5e311;V3-02477-EV-9817edb440a5918e;V3-02477-EV-194741cce8b500bf;V3-02477-EV-0211028e5d7fd9c0;V3-02477-EV-2611b0e13663f162;V3-02477-EV-bb587257f268db81;V3-02477-EV-6c82f08372981db8;V3-02477-EV-17f8e40e61b69629;V3-02477-EV-d9321b50d60847c0;V3-02477-EV-e6b8b7062bf65799;V3-02477-EV-1212ee6672fad855;V3-02477-EV-16115b4fdd1a3140;V3-02477-EV-4e7983725b51651c;V3-02477-EV-3ebc31fdc79171b7;V3-02477-EV-c2e7d2055c5e0b00;V3-02477-EV-246bec054d4fed36;V3-02477-EV-edad17b2425ef9e6;V3-02477-EV-05e6ff797ab80766;V3-02477-EV-9563a1090902217a;V3-02477-EV-5b631f402e52016a;V3-02477-EV-dbdc2a02ee71c51f;V3-02477-EV-5f0027da6ec6b15f;V3-02477-EV-0c5ef0b3f205a5db;V3-02477-EV-1ee5dec7e13cea4c;V3-02477-EV-46608b86cf53b140;V3-02477-EV-7ccadea70086723c;V3-02477-EV-5cdeed1918666fff;V3-02477-EV-6280a8dd70a26117;V3-02477-EV-01f68256a25ca536;V3-02477-EV-3adfe132b8a67ef2;V3-02477-EV-5bdc4b8650794c31;V3-02477-EV-f6eda92af0adfb5b;V3-02477-EV-c03fca5c87a33f6c;V3-02477-EV-ce916ec867c2e666;V3-02477-EV-64cbb2f1729fcb31;V3-02477-EV-65bb0ccfa4eaacfa;V3-02477-EV-bdf92e7414487ecd;V3-02477-EV-2d6ac18bb1249780;V3-02477-EV-e8fa82840e441e06;V3-02477-EV-708bceedb43a8e71;V3-02477-EV-6d7909078ed63464;V3-02477-EV-4c20519662e55a15;V3-02477-EV-73a087b8de5c450f,1,not_performed
V3-02493,not_selected_current_unresolved,No current illustrative fact nominated; not compared for retention against the current 49.,False,local_source_copy_matched,35e748a251ee9988b248515fda5f73b1c0ff805e11258fc98b15571c9c5c63b9,False,,,RQ1;RQ2;RQ3;RQ4;RQ5,RQ1.interaction.I01_entity_navigation;RQ1.interaction.I02_faceted_filtering;RQ1.interaction.I06_free_language;RQ1.interaction.I08_coordinated_analysis;RQ1.representation_role.unspecified;RQ1.visualisation.V01_node_link;RQ1.visualisation.V02_outline_tree;RQ1.visualisation.V03_table_list;RQ1.visualisation.V06_statistical_chart;RQ1.visualisation.V11_coordinated_views;RQ2.guidance.G01_valid_next_step;RQ2.guidance.G06_context_explanation;RQ2.guidance.G09_language_generation;RQ2.guidance.G10_orientation_feedback;RQ3.access.A03_local_store;RQ3.access.A06_projection_cache;RQ3.data_model.B01_rdf;RQ3.implementation_engines.LangChain/GPT4.1;RQ3.implementation_engines.Python/FastAPI/UMAP;RQ3.implementation_engines.React/Redux/D3/LineUp;RQ3.missing.query_languages;RQ3.scalability.S03_reported_data_scale;RQ3.scalability.S04_reported_visual_scale;RQ3.scalability.S05_strategy_only;RQ4.evaluation.E02_case_study;RQ4.evaluation.E03_formative_user;RQ4.study_design.E02_case_study;RQ4.study_design.E03_formative_user;RQ5.identity_status.scoped_match;RQ5.provenance.source_evidence_extracted;RQ5.publication_version.recorded;RQ5.report_evaluation_limitations.text_recorded;RQ5.report_limitations.no_entry_recorded;RQ5.resource_role.application_source;RQ5.resource_role.demo;RQ5.resource_verification.historical_version_equivalence_verified.not_recorded;RQ5.resource_verification.license_verified.not_recorded;RQ5.resource_verification.source_build_verified.not_recorded;RQ5.resource_verification.working_demo_verified.not_recorded,V3-02493-EV-51e41d367b56382e;V3-02493-EV-cad0cefafcde5a37;V3-02493-EV-4d10168d870ce727;V3-02493-EV-0d5ca6784742e330;V3-02493-EV-76df028e62c4ada3;V3-02493-EV-b079d103bb42b92b;V3-02493-EV-edb0f47564c56fb9;V3-02493-EV-64a16de35bfd8148;V3-02493-EV-ebc016217e20a15a;V3-02493-EV-5239c8cdfafbd9e1;V3-02493-EV-69ab091258ed5011;V3-02493-EV-764f2d6401445459;V3-02493-EV-55ddae92827cb191;V3-02493-EV-8709f8cc582840fb;V3-02493-EV-498f6792dc045644;V3-02493-EV-c5dece16fdf20766;V3-02493-EV-4ee6c6700d5fa66f;V3-02493-EV-5c95a16c4f29f89f;V3-02493-EV-4ad684ad245b7e14;V3-02493-EV-3efb403e81622dd1;V3-02493-EV-3d092e42c7c133f4;V3-02493-EV-bb1df05161a481bb;V3-02493-EV-e46f32ba86240b79;V3-02493-EV-bf1cb5396d6291ac;V3-02493-EV-1d4a50847ffce51a;V3-02493-EV-12498ae928aaf0cc;V3-02493-EV-3e030b0ec7d369f2,3,not_performed
V3-02539,retained_current_illustration_scoped,,True,local_source_copy_matched,d93691093c6aaf8b7a816160a8ac65e009639d906a2b762eabaebb1e167666a8,True,ILL-V3-02539-01,principal;boundary;contrasting,RQ1;RQ2;RQ3;RQ4;RQ5,RQ1.interaction.I02_faceted_filtering;RQ1.interaction.I05_controlled_language;RQ1.representation_role.unspecified;RQ1.visualisation.V03_table_list;RQ1.visualisation.V09_text_document;RQ2.guidance.G01_valid_next_step;RQ2.guidance.G02_lexical_completion;RQ2.guidance.G10_orientation_feedback;RQ3.access.A01_endpoint_query;RQ3.access.A06_projection_cache;RQ3.data_model.B01_rdf;RQ3.implementation_engines.Endpoint-independent;RQ3.query_languages.SPARQL;RQ3.scalability.S01_measured_runtime;RQ3.scalability.S03_reported_data_scale;RQ3.scalability.S05_strategy_only;RQ4.evaluation.E06_offline_accuracy;RQ4.evaluation.E07_performance;RQ4.evaluation.E08_deployment;RQ4.missing.study_design_codes;RQ5.identity_status.scoped_match;RQ5.provenance.source_evidence_extracted;RQ5.publication_version.not_recorded;RQ5.report_evaluation_limitations.text_recorded;RQ5.report_limitations.no_entry_recorded;RQ5.resource_role.demo;RQ5.resource_verification.historical_version_equivalence_verified.not_recorded;RQ5.resource_verification.license_verified.not_recorded;RQ5.resource_verification.source_build_verified.not_recorded;RQ5.resource_verification.working_demo_verified.not_recorded,V3-02539-EV-c16108d42895d997;V3-02539-EV-d96f613b4a83fa87;V3-02539-EV-2d002f4d8993cc74;V3-02539-EV-63ab7bad9a4c796d;V3-02539-EV-538f0c8ac9b31d7e;V3-02539-EV-0943b918376b822c;V3-02539-EV-6ad3b061950ba8c8;V3-02539-EV-37cca169c4c099d2;V3-02539-EV-e12fc40780c14339;V3-02539-EV-37770c0f38ba837b;V3-02539-EV-c75727ff08a7cb52;V3-02539-EV-fc5409a6f76e1d67;V3-02539-EV-a8bd1e6f0d21923f;V3-02539-EV-f1d1adc31ba8671f;V3-02539-EV-1ca312803cb83c61;V3-02539-EV-c4e372142a375efb;V3-02539-EV-cb6a2afaa9e12c2f;V3-02539-EV-0cc3a4fb7375bfb3;V3-02539-EV-13d59fdfa84f89be;V3-02539-EV-aa3acd69487a0f36,1,not_performed
V3-02540,not_selected_current_unresolved,No current illustrative fact nominated; not compared for retention against the current 49.,False,local_source_copy_matched,ab4faee34e0091c54d0a5c6c940ac088a277751314ccec0055c255f25d90350b,False,,,RQ1;RQ2;RQ3;RQ4;RQ5,RQ1.interaction.I03_visual_query;RQ1.representation_role.unspecified;RQ1.visualisation.V03_table_list;RQ1.visualisation.V09_text_document;RQ2.guidance.G01_valid_next_step;RQ2.guidance.G02_lexical_completion;RQ2.guidance.G05_template_entry;RQ3.access.A01_endpoint_query;RQ3.data_model.B01_rdf;RQ3.implementation_engines.Client TypeScript; SPARQL endpoint;RQ3.query_languages.SPARQL;RQ3.scalability.S03_reported_data_scale;RQ4.evaluation.E03_formative_user;RQ4.evaluation.E08_deployment;RQ4.missing.study_design_codes;RQ5.missing.resource_entries;RQ5.provenance.source_evidence_extracted;RQ5.publication_version.not_recorded;RQ5.report_evaluation_limitations.text_recorded;RQ5.report_limitations.no_entry_recorded,V3-02540-EV-e7c439cc036c1026;V3-02540-EV-776f647103c9a875;V3-02540-EV-016ab7ce5c3723de;V3-02540-EV-d6ad12371151566f;V3-02540-EV-326b8d9b939bea8a;V3-02540-EV-26e28fc1075e06a1;V3-02540-EV-3a3385595f0233ce;V3-02540-EV-d8c5ba63f7d22729;V3-02540-EV-0303020f558527be;V3-02540-EV-117da6bdd1018c70;V3-02540-EV-61b8d7eac6e136f3;V3-02540-EV-6b1d11b8b0a5593d;V3-02540-EV-71e18465bda43e0c;V3-02540-EV-04f983d8efffd3a3;V3-02540-EV-f686654ab364c0c7;V3-02540-EV-e96325b080dab64c,1,not_performed
V3-02542,not_selected_current_unresolved,No current illustrative fact nominated; not compared for retention against the current 49.,False,local_source_copy_matched,c700bfc44bd605c9c0a54d5b1c8e71b590094c28e3062e4456e8a7efcc7cc40f,False,,,RQ1;RQ2;RQ3;RQ4;RQ5,RQ1.interaction.I04_text_query;RQ1.representation_role.unspecified;RQ1.visualisation.V03_table_list;RQ1.visualisation.V09_text_document;RQ2.guidance.G02_lexical_completion;RQ2.guidance.G03_semantic_ranking;RQ2.guidance.G10_orientation_feedback;RQ3.access.A01_endpoint_query;RQ3.access.A05_file_input;RQ3.access.A06_projection_cache;RQ3.data_model.B01_rdf;RQ3.implementation_engines.Java ontology parser;RQ3.implementation_engines.SHARE/SADI;RQ3.implementation_engines.jQuery/JavaScript/JSON indexes;RQ3.query_languages.SPARQL;RQ3.scalability.S05_strategy_only;RQ4.evaluation.E01_demonstration;RQ4.evaluation.E02_case_study;RQ4.study_design.E01_demonstration;RQ4.study_design.E02_case_study;RQ5.identity_status.not_established;RQ5.provenance.source_evidence_extracted;RQ5.publication_version.recorded;RQ5.report_evaluation_limitations.text_recorded;RQ5.report_limitations.no_entry_recorded;RQ5.resource_role.other;RQ5.resource_verification.historical_version_equivalence_verified.not_recorded;RQ5.resource_verification.license_verified.not_recorded;RQ5.resource_verification.source_build_verified.not_recorded;RQ5.resource_verification.working_demo_verified.not_recorded,V3-02542-EV-563dee3f9f406357;V3-02542-EV-9549e5457f27464b;V3-02542-EV-5ec67c33e85b396c;V3-02542-EV-01f2cd0b84a81594;V3-02542-EV-e5e49efd6da852ca;V3-02542-EV-714a5f7efc8184b5;V3-02542-EV-d38ba43dd3149c8c;V3-02542-EV-71ba4545017441ee;V3-02542-EV-c88e42e1eddbb94b;V3-02542-EV-7fadf1007bfbf267;V3-02542-EV-f7db91ec3dcd17de;V3-02542-EV-d3ea2d7cbb294edf;V3-02542-EV-c56a5603e5922a5b;V3-02542-EV-0d09fff7659da98f;V3-02542-EV-abab8fc1867050d6;V3-02542-EV-cb1ba058fb6b0700;V3-02542-EV-3779270fbb44c7f2;V3-02542-EV-229d056cd803c61c;V3-02542-EV-4b520bbe2071eba9;V3-02542-EV-db94c4cee054a953,1,not_performed
V3-02547,not_selected_current_unresolved,No current illustrative fact nominated; not compared for retention against the current 49.,False,local_source_copy_matched,ab473c583f59f4b17265fba345e8b453445f3ed5a668ba23622b4bec298d0291,False,,,RQ1;RQ2;RQ3;RQ4;RQ5,RQ1.interaction.I03_visual_query;RQ1.missing.visualisation;RQ2.guidance.G10_orientation_feedback;RQ3.access.A01_endpoint_query;RQ3.access.A06_projection_cache;RQ3.data_model.B01_rdf;RQ3.missing.implementation_engines;RQ3.query_languages.SPARQL;RQ3.scalability.S05_strategy_only;RQ4.evaluation.E01_demonstration;RQ4.missing.study_entries;RQ5.identity_status.not_established;RQ5.provenance.partial_report_read;RQ5.publication_version.not_recorded;RQ5.report_evaluation_limitations.text_recorded;RQ5.report_limitations.no_entry_recorded;RQ5.resource_role.other;RQ5.resource_verification.historical_version_equivalence_verified.not_recorded;RQ5.resource_verification.license_verified.not_recorded;RQ5.resource_verification.source_build_verified.not_recorded;RQ5.resource_verification.working_demo_verified.not_recorded,V3-02547-EV-59556bdfa5e4fb0c;V3-02547-EV-ae1a0e87b98532e0;V3-02547-EV-508b5c25cb5e8b11;V3-02547-EV-b20d387d9170b553;V3-02547-EV-610ab4e08e64820a;V3-02547-EV-a6dda45f750ce039;V3-02547-EV-96ac91a5c77ef66d;V3-02547-EV-d84dc58d05663c66;V3-02547-EV-2417e44f220387f4;V3-02547-EV-d9b4ce9728cd5d58,0,not_performed
V3-02552,not_selected_current_unresolved,No current illustrative fact nominated; not compared for retention against the current 49.,False,local_source_copy_matched,20bc6e4a7211e20779017e2ab144c2a9c78465f497baee2ab41feec3cc6d4600,False,,,RQ1;RQ2;RQ3;RQ4;RQ5,RQ1.interaction.I04_text_query;RQ1.interaction.I06_free_language;RQ1.representation_role.unspecified;RQ1.visualisation.V03_table_list;RQ1.visualisation.V09_text_document;RQ2.guidance.G06_context_explanation;RQ2.guidance.G09_language_generation;RQ3.access.A01_endpoint_query;RQ3.data_model.B01_rdf;RQ3.missing.implementation_engines;RQ3.missing.query_languages;RQ3.missing.scalability;RQ4.evaluation.E01_demonstration;RQ4.evaluation.E04_single_system_user;RQ4.evaluation.E05_comparative_user;RQ4.missing.study_design_codes;RQ5.identity_status.not_established;RQ5.identity_status.scoped_match;RQ5.provenance.full_report_read;RQ5.publication_version.recorded;RQ5.report_evaluation_limitations.text_recorded;RQ5.report_limitations.text_recorded;RQ5.resource_role.application_source;RQ5.resource_role.other;RQ5.resource_verification.historical_version_equivalence_verified.not_recorded;RQ5.resource_verification.license_verified.not_recorded;RQ5.resource_verification.source_build_verified.not_recorded;RQ5.resource_verification.working_demo_verified.not_recorded,V3-02552-EV-f7c493a7b4479f97;V3-02552-EV-1db4ed94b6d7a230;V3-02552-EV-d041caabca3fcfaa;V3-02552-EV-abf8ff0f276b1082;V3-02552-EV-ca66bd8aac95ade7;V3-02552-EV-8eeda29f372f0101;V3-02552-EV-8aed9755a464ef7b;V3-02552-EV-e1b3e9121431d4a8;V3-02552-EV-388737c6ff006cac;V3-02552-EV-3857090b2c0eb78f;V3-02552-EV-82deb12981022889;V3-02552-EV-927ef950147b3460;V3-02552-EV-d7b2d1a00035a4e3;V3-02552-EV-d6d028bf43e4d929;V3-02552-EV-74e19c36c694b773;V3-02552-EV-7b7a148064913377;V3-02552-EV-677619a1dec69da0,3,not_performed
V3-02554,not_selected_current_unresolved,No current illustrative fact nominated; not compared for retention against the current 49.,False,local_source_copy_matched,753785c6b0080a8c9bd550bb4cc7ba054c4af4383b3489ee1ff120eda74399ab,False,,,RQ1;RQ2;RQ3;RQ4;RQ5,RQ1.interaction.I03_visual_query;RQ1.representation_role.unspecified;RQ1.visualisation.V01_node_link;RQ2.guidance.G01_valid_next_step;RQ2.guidance.G06_context_explanation;RQ2.guidance.G10_orientation_feedback;RQ3.access.A01_endpoint_query;RQ3.data_model.B01_rdf;RQ3.missing.implementation_engines;RQ3.missing.query_languages;RQ3.missing.scalability;RQ4.evaluation.E01_demonstration;RQ4.evaluation.E02_case_study;RQ4.missing.study_entries;RQ5.missing.resource_entries;RQ5.provenance.full_report_read;RQ5.publication_version.recorded;RQ5.report_evaluation_limitations.text_recorded;RQ5.report_limitations.no_entry_recorded,V3-02554-EV-902c3e297171a731;V3-02554-EV-3a4a7ec7de1e2595;V3-02554-EV-8ea451aeae61f623;V3-02554-EV-2882aa0b3e31b873;V3-02554-EV-7ba269c34d7fbda5;V3-02554-EV-194bedb89b0ce562;V3-02554-EV-562215cdec01c955;V3-02554-EV-c121b7f5b9d8dfe6;V3-02554-EV-a57dca65912ae4fd;V3-02554-EV-dc8d58190597855e;V3-02554-EV-1b558e77dd6790f9,0,not_performed
V3-02555,not_selected_current_unresolved,No current illustrative fact nominated; not compared for retention against the current 49.,False,local_source_copy_matched,eca44be4e4c9cec4c0f7f11f727f7877fe2003a96b4403a8787be5042c75610d,False,,,RQ1;RQ2;RQ3;RQ4;RQ5,RQ1.interaction.I03_visual_query;RQ1.interaction.I10_reuse_history;RQ1.representation_role.unspecified;RQ1.visualisation.V01_node_link;RQ1.visualisation.V03_table_list;RQ2.guidance.G01_valid_next_step;RQ2.guidance.G05_template_entry;RQ2.guidance.G10_orientation_feedback;RQ2.interaction.I10_reuse_history;RQ3.access.A01_endpoint_query;RQ3.access.A04_federation;RQ3.data_model.B01_rdf;RQ3.implementation_engines.DISQUS;RQ3.implementation_engines.JavaScript/Meteor/mxGraph;RQ3.query_languages.SPARQL;RQ3.scalability.S03_reported_data_scale;RQ4.evaluation.E01_demonstration;RQ4.evaluation.E02_case_study;RQ4.study_design.E01_demonstration;RQ4.study_design.E02_case_study;RQ5.identity_status.not_established;RQ5.identity_status.scoped_match;RQ5.provenance.source_evidence_extracted;RQ5.publication_version.recorded;RQ5.report_evaluation_limitations.text_recorded;RQ5.report_limitations.no_entry_recorded;RQ5.resource_role.component_source;RQ5.resource_role.other;RQ5.resource_verification.historical_version_equivalence_verified.not_recorded;RQ5.resource_verification.license_verified.not_recorded;RQ5.resource_verification.source_build_verified.not_recorded;RQ5.resource_verification.working_demo_verified.not_recorded,V3-02555-EV-b284837f7317065b;V3-02555-EV-f29be4acc4bb54c7;V3-02555-EV-45cba4200980e371;V3-02555-EV-6b8d430cdb7af0f8;V3-02555-EV-0acce55c483121d5;V3-02555-EV-bd9e7812e555558e;V3-02555-EV-e5143107e10dbcc5;V3-02555-EV-4c6861b6b8c76b2b;V3-02555-EV-3d1d58c6ccdc279e;V3-02555-EV-952d074c94869cf9;V3-02555-EV-fa8ec7b09711527b;V3-02555-EV-c85c77138e095f25;V3-02555-EV-1c999892ac6c2a20;V3-02555-EV-ffaa89ee6921ad70;V3-02555-EV-e6c79d3a77f4f927;V3-02555-EV-b43e5e08375fb01a;V3-02555-EV-60cb726e2c9458e2;V3-02555-EV-144e752761cbfe96;V3-02555-EV-26a740c7021cc790,1,not_performed
V3-02573,not_selected_current_unresolved,No current illustrative fact nominated; not compared for retention against the current 49.,False,local_source_copy_matched,561385d30982be082a1936cf628b564d48781aac69cb35662548d1830b975946,False,,,RQ1;RQ2;RQ3;RQ4;RQ5,RQ1.interaction.I02_faceted_filtering;RQ1.interaction.I11_curation_modifier;RQ1.representation_role.unspecified;RQ1.visualisation.V03_table_list;RQ2.guidance.G06_context_explanation;RQ3.access.A01_endpoint_query;RQ3.access.A03_local_store;RQ3.data_model.B01_rdf;RQ3.missing.implementation_engines;RQ3.missing.query_languages;RQ3.missing.scalability;RQ4.evaluation.E01_demonstration;RQ4.evaluation.E02_case_study;RQ4.missing.study_entries;RQ5.missing.resource_entries;RQ5.provenance.full_report_read;RQ5.publication_version.recorded;RQ5.report_evaluation_limitations.text_recorded;RQ5.report_limitations.no_entry_recorded,V3-02573-EV-464d79c3cd80f4e8;V3-02573-EV-d6faddab8977cfeb;V3-02573-EV-6fc47aaca72ac430;V3-02573-EV-36d2e30670e60af1;V3-02573-EV-b3f9134c6eb51f46;V3-02573-EV-cab6714ce61cfe35;V3-02573-EV-7776da16277745b4;V3-02573-EV-87116026ca14cecb;V3-02573-EV-e71add393c707543;V3-02573-EV-e37c7450d9552d1f;V3-02573-EV-5102d6989f759b5e,0,not_performed
V3-02585,retained_current_illustration_scoped,,True,local_source_copy_matched,02fa3bfe7c23fe2cfb19f15157b1d8ada7655e45f0f5926d820dba1a429063a6,True,ILL-V3-02585-01,contrasting;boundary,RQ1;RQ2;RQ3;RQ4;RQ5,RQ1.interaction.I01_entity_navigation;RQ1.interaction.I06_free_language;RQ1.interaction.I08_coordinated_analysis;RQ1.representation_role.unspecified;RQ1.visualisation.V01_node_link;RQ1.visualisation.V06_statistical_chart;RQ1.visualisation.V11_coordinated_views;RQ2.guidance.G03_semantic_ranking;RQ2.guidance.G09_language_generation;RQ2.guidance.G10_orientation_feedback;RQ3.implementation_engines.Prototype extending Witschel etal;RQ3.missing.access;RQ3.missing.data_model;RQ3.missing.query_languages;RQ3.missing.scalability;RQ4.evaluation.E03_formative_user;RQ4.evaluation.E04_single_system_user;RQ4.missing.study_design_codes;RQ5.missing.resource_entries;RQ5.provenance.source_evidence_extracted;RQ5.publication_version.not_recorded;RQ5.report_evaluation_limitations.text_recorded;RQ5.report_limitations.no_entry_recorded,V3-02585-EV-4935f23c8470cec9;V3-02585-EV-bbfd6dcb610283de;V3-02585-EV-5d39bcbf11619d3a;V3-02585-EV-ffe7b8c85b984968;V3-02585-EV-3726eb379c6367ec;V3-02585-EV-676fea854e9bc62e;V3-02585-EV-984da6c7cd89cfec;V3-02585-EV-2115bbb52331d07c;V3-02585-EV-50915dc589602a5f;V3-02585-EV-06fbfe8a6e24c5bb;V3-02585-EV-f3914fc1649b4b03;V3-02585-EV-08678b6be662d147;V3-02585-EV-c4dd7153cdeb871d;V3-02585-EV-35485a297ab85217,2,not_performed
V3-02593,not_selected_current_unresolved,No current illustrative fact nominated; not compared for retention against the current 49.,False,local_source_copy_matched,a14be24b63d1ea60b2dd590871c85ad17ca6c90a589f2584900abe899e70c6f5,False,,,RQ1;RQ2;RQ3;RQ4;RQ5,RQ1.interaction.I01_entity_navigation;RQ1.interaction.I03_visual_query;RQ1.interaction.I07_example_query;RQ1.interaction.I09_visual_configuration;RQ1.interaction.I10_reuse_history;RQ1.representation_role.unspecified;RQ1.visualisation.V03_table_list;RQ1.visualisation.V09_text_document;RQ2.guidance.G05_template_entry;RQ2.guidance.G10_orientation_feedback;RQ2.interaction.I10_reuse_history;RQ3.access.A01_endpoint_query;RQ3.data_model.B01_rdf;RQ3.implementation_engines.Ruby;RQ3.query_languages.SPARQL;RQ3.query_languages.other_explicitly_attested;RQ3.scalability.S05_strategy_only;RQ4.evaluation.E04_single_system_user;RQ4.study_design.E04_single_system_user;RQ5.identity_status.not_established;RQ5.provenance.source_evidence_extracted;RQ5.publication_version.recorded;RQ5.report_evaluation_limitations.text_recorded;RQ5.report_limitations.no_entry_recorded;RQ5.resource_role.other;RQ5.resource_verification.historical_version_equivalence_verified.not_recorded;RQ5.resource_verification.license_verified.not_recorded;RQ5.resource_verification.source_build_verified.not_recorded;RQ5.resource_verification.working_demo_verified.not_recorded,V3-02593-EV-e62a632e02758ca6;V3-02593-EV-2669e8ad85d9bb12;V3-02593-EV-6365cde4716bdd8c;V3-02593-EV-394aa894c84c94b1;V3-02593-EV-a380aa7ed6bdb9d7;V3-02593-EV-1dc90aed61030b61;V3-02593-EV-d0bf2f16f5594ec3;V3-02593-EV-6d68a6d5b51a03c3;V3-02593-EV-294bbaa2bfe8ccb8;V3-02593-EV-5e21999e78f904ae;V3-02593-EV-ac87a5e768ac901a;V3-02593-EV-1729c62a2c38456f;V3-02593-EV-8719ba6aab2dc537;V3-02593-EV-a8b513c08079d763;V3-02593-EV-b55adbd512b09490;V3-02593-EV-544670054ccbd17c;V3-02593-EV-5031d1233cddc6cd;V3-02593-EV-f6636752f35ef08f;V3-02593-EV-527463f0e2da421d;V3-02593-EV-8a9d205be54fb815,1,not_performed
V3-02616,retained_current_illustration_scoped,,True,local_source_copy_matched,278514bc25c3ba54a478689a940b28913509117613ec8f4179533d684aba9413,True,ILL-V3-02616-01,principal;historical,RQ1;RQ2;RQ3;RQ4;RQ5,RQ1.interaction.I01_entity_navigation;RQ1.interaction.I07_example_query;RQ1.representation_role.unspecified;RQ1.visualisation.V02_outline_tree;RQ1.visualisation.V03_table_list;RQ1.visualisation.V04_map;RQ1.visualisation.V05_timeline;RQ2.guidance.G01_valid_next_step;RQ2.guidance.G10_orientation_feedback;RQ3.access.A02_uri_dereference;RQ3.access.A03_local_store;RQ3.data_model.B01_rdf;RQ3.implementation_engines.AJAR client RDF store;RQ3.query_languages.SPARQL;RQ3.scalability.S05_strategy_only;RQ4.evaluation.E02_case_study;RQ4.evaluation.E03_formative_user;RQ4.missing.study_design_codes;RQ5.identity_status.not_established;RQ5.provenance.source_evidence_extracted;RQ5.publication_version.not_recorded;RQ5.report_evaluation_limitations.text_recorded;RQ5.report_limitations.no_entry_recorded;RQ5.resource_role.other;RQ5.resource_verification.historical_version_equivalence_verified.not_recorded;RQ5.resource_verification.license_verified.not_recorded;RQ5.resource_verification.source_build_verified.not_recorded;RQ5.resource_verification.working_demo_verified.not_recorded,V3-02616-EV-30a672a7c7840ebf;V3-02616-EV-cb120f7d760b69ca;V3-02616-EV-89e963198d7011f4;V3-02616-EV-a49fa5868ee9d032;V3-02616-EV-79ee8f370c15ada1;V3-02616-EV-f662e09ed173ac97;V3-02616-EV-20660f534bdd0087;V3-02616-EV-1252e1eabda8b524;V3-02616-EV-00c4f107552cf83e;V3-02616-EV-5602d507c959e5e0;V3-02616-EV-dc4d0ccc72a8f8ee;V3-02616-EV-15d881681ef6f263;V3-02616-EV-9be5e1b4c0809a70;V3-02616-EV-3f674372f66e97f7;V3-02616-EV-b8d59fe3bb6eae8f;V3-02616-EV-2654cbea63ce2628;V3-02616-EV-6fe0fcc4c0c2140e;V3-02616-EV-dfce674b8d216b61;V3-02616-EV-d5f3e29c71b03c41,1,not_performed
V3-02652,not_selected_current_unresolved,No current illustrative fact nominated; not compared for retention against the current 49.,False,local_source_copy_matched,edcd813ace9531a51c29958001a2e0048ff8291ffa232c96eea9821b830aed7c,False,,,RQ1;RQ2;RQ3;RQ4;RQ5,RQ1.interaction.I01_entity_navigation;RQ1.interaction.I02_faceted_filtering;RQ1.representation_role.unspecified;RQ1.visualisation.V03_table_list;RQ1.visualisation.V06_statistical_chart;RQ2.guidance.G06_context_explanation;RQ2.guidance.G10_orientation_feedback;RQ3.access.A06_projection_cache;RQ3.missing.data_model;RQ3.missing.implementation_engines;RQ3.missing.query_languages;RQ3.scalability.S03_reported_data_scale;RQ3.scalability.S05_strategy_only;RQ4.evaluation.E01_demonstration;RQ4.evaluation.E02_case_study;RQ4.missing.study_entries;RQ5.identity_status.scoped_match;RQ5.provenance.partial_report_read;RQ5.publication_version.not_recorded;RQ5.report_evaluation_limitations.text_recorded;RQ5.report_limitations.no_entry_recorded;RQ5.resource_role.demo;RQ5.resource_verification.historical_version_equivalence_verified.not_recorded;RQ5.resource_verification.license_verified.not_recorded;RQ5.resource_verification.source_build_verified.not_recorded;RQ5.resource_verification.working_demo_verified.not_recorded,V3-02652-EV-5fb7f1fdc36f4f92;V3-02652-EV-d5e224141287b9ab;V3-02652-EV-c98d3878c07680f7;V3-02652-EV-467c6430fe45962d;V3-02652-EV-69e5c6304553e549;V3-02652-EV-5799b3796db7add5;V3-02652-EV-0aa8c25822004b6e;V3-02652-EV-d074acb4df0d28fd;V3-02652-EV-0c35e2194aa2ed92;V3-02652-EV-c6a2dddc37cf2f27;V3-02652-EV-8a0642ba83f86f7e;V3-02652-EV-d4ea72198c2f30da;V3-02652-EV-1fee74116472f9bd,0,not_performed
V3-02682,not_selected_current_unresolved,No current illustrative fact nominated; not compared for retention against the current 49.,False,local_source_copy_matched,f05cfc6efcfb670189ef641aea75ea801fcfd58f9cf9b107188e6f14ad053340,False,,,RQ1;RQ2;RQ3;RQ4;RQ5,RQ1.interaction.I09_visual_configuration;RQ1.missing.visualisation;RQ2.guidance.G07_visualisation_recommendation;RQ3.access.A01_endpoint_query;RQ3.data_model.B01_rdf;RQ3.missing.implementation_engines;RQ3.query_languages.SPARQL;RQ3.scalability.S05_strategy_only;RQ4.evaluation.E01_demonstration;RQ4.missing.study_entries;RQ5.identity_status.not_established;RQ5.provenance.partial_report_read;RQ5.publication_version.not_recorded;RQ5.report_evaluation_limitations.text_recorded;RQ5.report_limitations.no_entry_recorded;RQ5.resource_role.other;RQ5.resource_verification.historical_version_equivalence_verified.not_recorded;RQ5.resource_verification.license_verified.not_recorded;RQ5.resource_verification.source_build_verified.not_recorded;RQ5.resource_verification.working_demo_verified.not_recorded,V3-02682-EV-1e5eaa7c97953fed;V3-02682-EV-52c688ea1177af95;V3-02682-EV-08e77465aebf2822;V3-02682-EV-641f2bd39c449da8;V3-02682-EV-6b2d28e5676e4e46;V3-02682-EV-59b2c5adb6d74f3d;V3-02682-EV-319e34e4c6d71ed5;V3-02682-EV-97754104b6448981;V3-02682-EV-ccd6a335b18801ff,0,not_performed
V3-02720,not_selected_current_unresolved,No current illustrative fact nominated; not compared for retention against the current 49.,False,local_source_copy_matched,3c4cecfdddc49f412519c5384e6bdaab431497931ae4cbf1ce3671fc0cb8551e,False,,,RQ1;RQ2;RQ3;RQ4;RQ5,RQ1.interaction.I01_entity_navigation;RQ1.interaction.I04_text_query;RQ1.interaction.I10_reuse_history;RQ1.interaction.I11_curation_modifier;RQ1.representation_role.unspecified;RQ1.visualisation.V01_node_link;RQ1.visualisation.V03_table_list;RQ2.interaction.I10_reuse_history;RQ2.missing.guidance;RQ3.access.A03_local_store;RQ3.data_model.B01_rdf;RQ3.missing.implementation_engines;RQ3.missing.query_languages;RQ3.missing.scalability;RQ4.evaluation.E01_demonstration;RQ4.evaluation.E02_case_study;RQ4.missing.study_entries;RQ5.identity_status.scoped_match;RQ5.provenance.full_report_read;RQ5.publication_version.recorded;RQ5.report_evaluation_limitations.text_recorded;RQ5.report_limitations.text_recorded;RQ5.resource_role.other;RQ5.resource_verification.historical_version_equivalence_verified.not_recorded;RQ5.resource_verification.license_verified.not_recorded;RQ5.resource_verification.source_build_verified.not_recorded;RQ5.resource_verification.working_demo_verified.not_recorded,V3-02720-EV-89b31e9b8aff2bd2;V3-02720-EV-859b2944809c1fdb;V3-02720-EV-89c1417326583582;V3-02720-EV-8992401398b8673f;V3-02720-EV-201f92595210db6e;V3-02720-EV-b019044a76349046;V3-02720-EV-03532ccb3870083e;V3-02720-EV-03814ef61a34c708;V3-02720-EV-5ffd027971cd2fdf;V3-02720-EV-5ddf0d7368067db4;V3-02720-EV-b19a590051f04503;V3-02720-EV-593feac96fcad1bd;V3-02720-EV-739daccd0f64ab31,0,not_performed
V3-02723,not_selected_current_unresolved,No current illustrative fact nominated; not compared for retention against the current 49.,False,local_source_copy_matched,1d919a79bd6eac8004b3f0bc8d611d257962b8ceabda60b0c47553d791b02b55,False,,,RQ1;RQ2;RQ3;RQ4;RQ5,RQ1.interaction.I01_entity_navigation;RQ1.representation_role.unspecified;RQ1.visualisation.V02_outline_tree;RQ1.visualisation.V03_table_list;RQ1.visualisation.V09_text_document;RQ2.guidance.G03_semantic_ranking;RQ2.guidance.G06_context_explanation;RQ2.guidance.G10_orientation_feedback;RQ3.implementation_engines.Lucene (search index);RQ3.missing.access;RQ3.missing.data_model;RQ3.missing.query_languages;RQ3.missing.scalability;RQ4.evaluation.E01_demonstration;RQ4.evaluation.E02_case_study;RQ4.missing.study_entries;RQ5.identity_status.not_established;RQ5.provenance.partial_report_read;RQ5.publication_version.not_recorded;RQ5.report_evaluation_limitations.text_recorded;RQ5.report_limitations.no_entry_recorded;RQ5.resource_role.other;RQ5.resource_verification.historical_version_equivalence_verified.not_recorded;RQ5.resource_verification.license_verified.not_recorded;RQ5.resource_verification.source_build_verified.not_recorded;RQ5.resource_verification.working_demo_verified.not_recorded,V3-02723-EV-c0118e95e5d0912f;V3-02723-EV-d40deb97dfcfcde7;V3-02723-EV-6e6634eb5b87d637;V3-02723-EV-ba3d12053bd6084e;V3-02723-EV-2df8cd88fd9f9d8d;V3-02723-EV-16b4eb846a63c3c4;V3-02723-EV-439b61643bb9cb4b;V3-02723-EV-f7f859d2eca23d21;V3-02723-EV-54a060391de2eec5;V3-02723-EV-7578a0352f618210;V3-02723-EV-634dc5afdd362f64,0,not_performed
V3-02744,not_selected_current_unresolved,No current illustrative fact nominated; not compared for retention against the current 49.,False,local_source_copy_matched,ac0132e5bf8deeaccd938b80213fcc37c73694e52b87d4ac8167c0d302a7e905,False,,,RQ1;RQ2;RQ3;RQ4;RQ5,RQ1.interaction.I02_faceted_filtering;RQ1.representation_role.unspecified;RQ1.visualisation.V02_outline_tree;RQ1.visualisation.V03_table_list;RQ2.guidance.G03_semantic_ranking;RQ3.access.A01_endpoint_query;RQ3.access.A02_uri_dereference;RQ3.access.A06_projection_cache;RQ3.data_model.B01_rdf;RQ3.missing.implementation_engines;RQ3.missing.query_languages;RQ3.scalability.S05_strategy_only;RQ4.evaluation.E01_demonstration;RQ4.evaluation.E04_single_system_user;RQ4.missing.study_entries;RQ5.missing.resource_entries;RQ5.provenance.full_report_read;RQ5.publication_version.recorded;RQ5.report_evaluation_limitations.text_recorded;RQ5.report_limitations.no_entry_recorded,V3-02744-EV-2ad5da803d5b2bfb;V3-02744-EV-3ad1cedd6b5705fa;V3-02744-EV-a4954e865ba31740;V3-02744-EV-874ea8ec6d21e2e8;V3-02744-EV-ab8f3fb72e3e801b;V3-02744-EV-3844715421c51ad6;V3-02744-EV-1e5fe115d42101d1;V3-02744-EV-3081555714cd6e18;V3-02744-EV-c9398df07039735b;V3-02744-EV-f5ef5cbf7b43da65;V3-02744-EV-c826377358abc3b7;V3-02744-EV-0ac9ee2d48239ae9,0,not_performed
V3-02771,not_selected_current_unresolved,No current illustrative fact nominated; not compared for retention against the current 49.,False,local_source_copy_matched,0954741c21667e8e1f34f0233918df0fd59f3c978d09935cb3c2aeab1ee3ed1d,False,,,RQ1;RQ2;RQ3;RQ4;RQ5,RQ1.interaction.I01_entity_navigation;RQ1.interaction.I02_faceted_filtering;RQ1.representation_role.unspecified;RQ1.visualisation.V03_table_list;RQ2.guidance.G03_semantic_ranking;RQ3.access.A02_uri_dereference;RQ3.access.A06_projection_cache;RQ3.data_model.B01_rdf;RQ3.missing.implementation_engines;RQ3.missing.query_languages;RQ3.scalability.S01_measured_runtime;RQ3.scalability.S03_reported_data_scale;RQ3.scalability.S05_strategy_only;RQ4.evaluation.E06_offline_accuracy;RQ4.evaluation.E07_performance;RQ4.missing.study_design_codes;RQ5.missing.resource_entries;RQ5.provenance.full_report_read;RQ5.publication_version.recorded;RQ5.report_evaluation_limitations.text_recorded;RQ5.report_limitations.no_entry_recorded,V3-02771-EV-1e0997ab5e1ba9eb;V3-02771-EV-c84becd6091d72b6;V3-02771-EV-ebe20586ac77dfba;V3-02771-EV-9f3e4a5b43781ec3;V3-02771-EV-f2cce56ed9d7b95b;V3-02771-EV-a9582ced3e2972c3;V3-02771-EV-640bc5147899796d;V3-02771-EV-6a65ce35157ed981;V3-02771-EV-6b97f28fe0b091ac;V3-02771-EV-e2c304cf67090e3f;V3-02771-EV-5505fbd680f431ba;V3-02771-EV-7d1b57a65443763e;V3-02771-EV-17693d50cfe70be8;V3-02771-EV-07bd79bc5a6d64f5;V3-02771-EV-ce8e177f63e5eae1;V3-02771-EV-129a20a2a3a71da1,1,not_performed
V3-02801,not_selected_current_unresolved,No current illustrative fact nominated; not compared for retention against the current 49.,False,local_source_copy_matched,a2b96656103a1bdc83eb2a18d0e7b6e948c3ac03d53929a40c039d9c74073af6,False,,,RQ1;RQ2;RQ3;RQ4;RQ5,RQ1.interaction.I02_faceted_filtering;RQ1.interaction.I03_visual_query;RQ1.representation_role.unspecified;RQ1.visualisation.V03_table_list;RQ2.guidance.G01_valid_next_step;RQ2.guidance.G10_orientation_feedback;RQ3.access.A01_endpoint_query;RQ3.data_model.B01_rdf;RQ3.implementation_engines.Virtuoso;RQ3.query_languages.SPARQL;RQ3.scalability.S01_measured_runtime;RQ3.scalability.S03_reported_data_scale;RQ4.evaluation.E04_single_system_user;RQ4.evaluation.E07_performance;RQ4.missing.study_design_codes;RQ5.missing.resource_entries;RQ5.provenance.source_evidence_extracted;RQ5.publication_version.not_recorded;RQ5.report_evaluation_limitations.text_recorded;RQ5.report_limitations.no_entry_recorded,V3-02801-EV-da901da8a518a587;V3-02801-EV-88ad524807dd3181;V3-02801-EV-33de036d5e87657c;V3-02801-EV-614f4bc026bbfb9b;V3-02801-EV-6c05292b2e50e280;V3-02801-EV-7ff80d849e821856;V3-02801-EV-594ce4c179849893;V3-02801-EV-f7721ee27bfabd59;V3-02801-EV-2ed314f025a7c3b5;V3-02801-EV-53e6ced3e62d6989;V3-02801-EV-2a7eafc1732458fe;V3-02801-EV-96680d9e8cb15a6d;V3-02801-EV-994731e683835365;V3-02801-EV-d8eefb95ab2cd004;V3-02801-EV-2fca45800205f829;V3-02801-EV-c4e1516698d542a9,1,not_performed
V3-02811,not_selected_current_unresolved,No current illustrative fact nominated; not compared for retention against the current 49.,False,local_source_copy_matched,3827865b04b5fe7a0abbf12dd6657bec0a278c3c75527227794a2c2706b56922,False,,,RQ1;RQ2;RQ3;RQ4;RQ5,RQ1.interaction.I02_faceted_filtering;RQ1.interaction.I09_visual_configuration;RQ1.representation_role.unspecified;RQ1.visualisation.V04_map;RQ1.visualisation.V06_statistical_chart;RQ2.guidance.G01_valid_next_step;RQ2.guidance.G07_visualisation_recommendation;RQ2.guidance.G10_orientation_feedback;RQ3.access.A01_endpoint_query;RQ3.access.A05_file_input;RQ3.access.A06_projection_cache;RQ3.data_model.B01_rdf;RQ3.missing.implementation_engines;RQ3.query_languages.SPARQL;RQ3.scalability.S03_reported_data_scale;RQ3.scalability.S05_strategy_only;RQ4.evaluation.E01_demonstration;RQ4.evaluation.E02_case_study;RQ4.missing.study_entries;RQ5.identity_status.not_established;RQ5.provenance.partial_report_read;RQ5.publication_version.not_recorded;RQ5.report_evaluation_limitations.text_recorded;RQ5.report_limitations.no_entry_recorded;RQ5.resource_role.other;RQ5.resource_verification.historical_version_equivalence_verified.not_recorded;RQ5.resource_verification.license_verified.not_recorded;RQ5.resource_verification.source_build_verified.not_recorded;RQ5.resource_verification.working_demo_verified.not_recorded,V3-02811-EV-a1ffadb1c4e31ca6;V3-02811-EV-3571a39949adb411;V3-02811-EV-5b5a77aa2969e483;V3-02811-EV-02439a9f0a7a394a;V3-02811-EV-18a238a26931297a;V3-02811-EV-20d71884c57e5d0b;V3-02811-EV-aa9f95d90bfe26c7;V3-02811-EV-ea9b522782628a5e;V3-02811-EV-756bac8756a33791;V3-02811-EV-0ba3c00d01516542;V3-02811-EV-cd333c9559eb18fc;V3-02811-EV-86785717120b58af;V3-02811-EV-47f9697d0da299d6;V3-02811-EV-6463ad0f00374fdc;V3-02811-EV-a9a6e4ab3cfa4593;V3-02811-EV-601ad77f671a13b6;V3-02811-EV-a580e6a66ccf68e7;V3-02811-EV-046a2902d1d7e80d,0,not_performed
V3-02820,not_selected_current_unresolved,No current illustrative fact nominated; not compared for retention against the current 49.,False,local_source_copy_matched,2c0cf24e07a694107144c2cd225f2f8979a3f2e9ccff040fb033419707d3e93b,False,,,RQ1;RQ2;RQ3;RQ4;RQ5,RQ1.missing.interaction;RQ1.representation_role.unspecified;RQ1.visualisation.V09_text_document;RQ2.guidance.G03_semantic_ranking;RQ2.guidance.G06_context_explanation;RQ2.guidance.G08_personalisation;RQ3.data_model.B01_rdf;RQ3.implementation_engines.Apache Stanbol (planned plugin);RQ3.missing.access;RQ3.missing.scalability;RQ3.query_languages.SPARQL;RQ4.missing.evaluation;RQ4.missing.study_entries;RQ5.missing.resource_entries;RQ5.provenance.partial_report_read;RQ5.publication_version.not_recorded;RQ5.report_evaluation_limitations.text_recorded;RQ5.report_limitations.no_entry_recorded,V3-02820-EV-b1f7e07507b2f22e;V3-02820-EV-158f5f174e0e91b1;V3-02820-EV-c39d67de5d3c994e;V3-02820-EV-4f42b2515fd706c5;V3-02820-EV-b553289234ee0d38;V3-02820-EV-b2128d2644385e27;V3-02820-EV-26ed9c609dad99d8;V3-02820-EV-4db407214e940b02,0,not_performed
V3-02821,not_selected_current_unresolved,No current illustrative fact nominated; not compared for retention against the current 49.,False,local_source_copy_matched,7ce54027b06867834d4dee04adeedef96b10176f043eaf49db9b8ee386c96c96,False,,,RQ1;RQ2;RQ3;RQ4;RQ5,RQ1.interaction.I01_entity_navigation;RQ1.interaction.I04_text_query;RQ1.representation_role.unspecified;RQ1.visualisation.V01_node_link;RQ1.visualisation.V09_text_document;RQ2.missing.guidance;RQ3.access.A03_local_store;RQ3.data_model.B02_property_graph;RQ3.implementation_engines.Elasticsearch;RQ3.implementation_engines.Neo4j;RQ3.missing.scalability;RQ3.query_languages.Cypher;RQ4.evaluation.E02_case_study;RQ4.missing.study_entries;RQ5.missing.resource_entries;RQ5.provenance.full_report_read;RQ5.publication_version.recorded;RQ5.report_evaluation_limitations.text_recorded;RQ5.report_limitations.no_entry_recorded,V3-02821-EV-47119977cd6524c4;V3-02821-EV-dcd36ac5dbba915d;V3-02821-EV-6c816f556d417087;V3-02821-EV-04713d35ed1b8a88;V3-02821-EV-cc277002682a6e6c;V3-02821-EV-547cb90ce0758898;V3-02821-EV-07b4790ea1787a76;V3-02821-EV-5100e600a0cbbe5c;V3-02821-EV-005e4f437e5aba8b;V3-02821-EV-7f5d4bd27d97564c;V3-02821-EV-c76b608f4d2a9077,0,not_performed
V3-02825,not_selected_current_unresolved,No current illustrative fact nominated; not compared for retention against the current 49.,False,local_source_copy_matched,991bbb46f5b98b324272e42cff4847591cc440eeb073160bd73d7e4bd6a88472,False,,,RQ1;RQ2;RQ3;RQ4;RQ5,RQ1.interaction.I01_entity_navigation;RQ1.interaction.I02_faceted_filtering;RQ1.interaction.I08_coordinated_analysis;RQ1.interaction.I09_visual_configuration;RQ1.representation_role.unspecified;RQ1.visualisation.V02_outline_tree;RQ1.visualisation.V03_table_list;RQ1.visualisation.V04_map;RQ1.visualisation.V06_statistical_chart;RQ1.visualisation.V08_small_multiples;RQ1.visualisation.V09_text_document;RQ1.visualisation.V11_coordinated_views;RQ2.guidance.G01_valid_next_step;RQ2.guidance.G06_context_explanation;RQ2.guidance.G10_orientation_feedback;RQ3.access.A01_endpoint_query;RQ3.access.A02_uri_dereference;RQ3.data_model.B01_rdf;RQ3.missing.implementation_engines;RQ3.missing.query_languages;RQ3.scalability.S03_reported_data_scale;RQ3.scalability.S05_strategy_only;RQ3.scale_observation.source_dataset;RQ4.evaluation.E01_demonstration;RQ4.evaluation.E02_case_study;RQ4.evaluation.E04_single_system_user;RQ4.missing.study_entries;RQ5.identity_status.scoped_match;RQ5.provenance.full_report_read;RQ5.publication_version.recorded;RQ5.report_evaluation_limitations.text_recorded;RQ5.report_limitations.text_recorded;RQ5.resource_role.demo;RQ5.resource_verification.historical_version_equivalence_verified.not_recorded;RQ5.resource_verification.license_verified.not_recorded;RQ5.resource_verification.source_build_verified.not_recorded;RQ5.resource_verification.working_demo_verified.not_recorded,V3-02825-EV-ef6532f0463dd1cb;V3-02825-EV-015ab28a7d444857;V3-02825-EV-140dd5e955e07c03;V3-02825-EV-69f0a4c5a0760ad7;V3-02825-EV-80ef6578fb979527;V3-02825-EV-12fe716b91aefdeb;V3-02825-EV-312d0d309f473def;V3-02825-EV-be36cddb2431bee3;V3-02825-EV-68742b4778f7eca0;V3-02825-EV-a72a718337a9bc5c;V3-02825-EV-a46949c0ed3a380a;V3-02825-EV-857b7eafc95024ce;V3-02825-EV-c83f12f0c42f8060;V3-02825-EV-c9ed3c16414f0c8d;V3-02825-EV-1a6f02d8ab801386;V3-02825-EV-43bdcdd5bab4da44;V3-02825-EV-f725699ff2ed414f;V3-02825-EV-a5342eacf40d5e6f;V3-02825-EV-9c4c411de3f9d077;V3-02825-EV-dc441b4518577980;V3-02825-EV-ffeffeaba49fff73;V3-02825-EV-75d1d89876604900;V3-02825-EV-3acdefb55e1114ea;V3-02825-EV-fc2211796c51a76f;V3-02825-EV-65c5b5fc3a50c2b0,0,not_performed
V3-02830,not_selected_current_unresolved,No current illustrative fact nominated; not compared for retention against the current 49.,False,local_source_copy_matched,5fba6cbdce2cfdf862f3b78eaacc55d38f7a9ca248067dfcb9a2c0b1275257e5,False,,,RQ1;RQ2;RQ3;RQ4;RQ5,RQ1.interaction.I01_entity_navigation;RQ1.interaction.I02_faceted_filtering;RQ1.interaction.I10_reuse_history;RQ1.representation_role.unspecified;RQ1.visualisation.V03_table_list;RQ1.visualisation.V06_statistical_chart;RQ2.guidance.G10_orientation_feedback;RQ2.interaction.I10_reuse_history;RQ3.access.A01_endpoint_query;RQ3.access.A03_local_store;RQ3.data_model.B01_rdf;RQ3.implementation_engines.PHP/Easy RDF/jQuery/Virtuoso;RQ3.missing.scalability;RQ3.query_languages.SPARQL;RQ4.evaluation.E01_demonstration;RQ4.evaluation.E02_case_study;RQ4.missing.study_design_codes;RQ5.missing.resource_entries;RQ5.provenance.partial_report_read;RQ5.publication_version.recorded;RQ5.report_evaluation_limitations.text_recorded;RQ5.report_limitations.no_entry_recorded,V3-02830-EV-5b661b7ffeef4659;V3-02830-EV-902b655985f491fc;V3-02830-EV-35c18f0ca410b176;V3-02830-EV-c85a8d7abda6c4f5;V3-02830-EV-1ebb40b320bd9fde;V3-02830-EV-474bfb4629de98ff;V3-02830-EV-8547df8ef7b235c0;V3-02830-EV-fef0ad194ae8805d;V3-02830-EV-ec5237fa0e4c164d;V3-02830-EV-c313bf95645b97b7;V3-02830-EV-fb6f40d021160fd9;V3-02830-EV-c2fb4267f1b29e18;V3-02830-EV-10be7f9bc31c38b2;V3-02830-EV-ba5855f174463649;V3-02830-EV-fc72c4f02abc98e5;V3-02830-EV-56d080d62da95b2d;V3-02830-EV-146b61282e04e1b1;V3-02830-EV-216d49a6a89780de;V3-02830-EV-2a374f01adf7647f;V3-02830-EV-cd9efce3e5514282;V3-02830-EV-57c138c2b9677142;V3-02830-EV-717c09544c526c63;V3-02830-EV-a3467f024c718453;V3-02830-EV-c8d36f13d0b092da;V3-02830-EV-cdd9978edf3e00ff;V3-02830-EV-0aae949df7df7b71;V3-02830-EV-34e0914cde1daed8;V3-02830-EV-1c98c255bb2da969;V3-02830-EV-5af878decc083474;V3-02830-EV-a357e65b42d8c305;V3-02830-EV-5786c66e5dfd814e;V3-02830-EV-8ab4566f0935e87b;V3-02830-EV-47b6fbffdb2b1a48;V3-02830-EV-e67312850a574840;V3-02830-EV-e6e1f1507572a0cb;V3-02830-EV-63c61663703b3e31;V3-02830-EV-475c41355780fa44;V3-02830-EV-e0c15327486ccd98;V3-02830-EV-96e9320705ac3394;V3-02830-EV-5415553ab986a536;V3-02830-EV-c21573c873a0e2bc;V3-02830-EV-560405f70b9f363c;V3-02830-EV-2ca91dc411c48f80;V3-02830-EV-e97ba0b928e7b382;V3-02830-EV-68919ed13a083e0f;V3-02830-EV-51d283fd5e9499d5;V3-02830-EV-447dfabe54b9918c;V3-02830-EV-5c1048792ab1130f;V3-02830-EV-bfb578d81530e6f4,1,not_performed
V3-02845,not_selected_current_unresolved,No current illustrative fact nominated; not compared for retention against the current 49.,False,local_source_copy_matched,26f1cfd77be68104191b39c32996c49784bf6a4dfee6152d2362e83599b63716,False,,,RQ1;RQ2;RQ3;RQ4;RQ5,RQ1.missing.interaction;RQ1.representation_role.unspecified;RQ1.visualisation.V03_table_list;RQ2.guidance.G03_semantic_ranking;RQ3.access.A05_file_input;RQ3.data_model.B01_rdf;RQ3.missing.implementation_engines;RQ3.missing.query_languages;RQ3.scalability.S03_reported_data_scale;RQ4.evaluation.E05_comparative_user;RQ4.evaluation.E06_offline_accuracy;RQ4.evaluation.E09_formal_analysis;RQ4.missing.study_design_codes;RQ5.identity_status.scoped_match;RQ5.provenance.full_report_read;RQ5.publication_version.recorded;RQ5.report_evaluation_limitations.text_recorded;RQ5.report_limitations.text_recorded;RQ5.resource_role.application_source;RQ5.resource_verification.historical_version_equivalence_verified.not_recorded;RQ5.resource_verification.license_verified.not_recorded;RQ5.resource_verification.source_build_verified.not_recorded;RQ5.resource_verification.working_demo_verified.not_recorded,V3-02845-EV-eac5243ae578d7cb;V3-02845-EV-2b8550780ec107db;V3-02845-EV-6f1da0f937f73a70;V3-02845-EV-3029c05bc4ca6717;V3-02845-EV-f7ebf84e40e370ca;V3-02845-EV-5a0f480129d497d2;V3-02845-EV-6d4493d045656d3b;V3-02845-EV-cf01db48fc11e7f1;V3-02845-EV-8e228323e07472a4;V3-02845-EV-014ab03bd916b6ec;V3-02845-EV-a3d31b029d8fa7e8;V3-02845-EV-4465114f24e0b921;V3-02845-EV-c9cb536af9cfe05e;V3-02845-EV-fe3e8cf960e7a127,2,not_performed
V3-02849,not_selected_current_unresolved,No current illustrative fact nominated; not compared for retention against the current 49.,False,local_source_copy_matched,604678d70ddaaca0e9735378bd926c22bb1c71528d4c7ec823bfa2a84fce4ea5,False,,,RQ1;RQ2;RQ3;RQ4;RQ5,RQ1.interaction.I01_entity_navigation;RQ1.interaction.I08_coordinated_analysis;RQ1.interaction.I09_visual_configuration;RQ1.representation_role.unspecified;RQ1.visualisation.V02_outline_tree;RQ1.visualisation.V03_table_list;RQ1.visualisation.V04_map;RQ1.visualisation.V06_statistical_chart;RQ1.visualisation.V11_coordinated_views;RQ2.guidance.G10_orientation_feedback;RQ3.access.A01_endpoint_query;RQ3.access.A06_projection_cache;RQ3.data_model.B01_rdf;RQ3.implementation_engines.Leaflet/D3/Bootstrap/JavaScript;RQ3.missing.query_languages;RQ3.scalability.S04_reported_visual_scale;RQ4.evaluation.E03_formative_user;RQ4.evaluation.E05_comparative_user;RQ4.missing.study_design_codes;RQ5.identity_status.not_established;RQ5.identity_status.scoped_match;RQ5.provenance.partial_report_read;RQ5.publication_version.recorded;RQ5.report_evaluation_limitations.text_recorded;RQ5.report_limitations.no_entry_recorded;RQ5.resource_role.other;RQ5.resource_role.video;RQ5.resource_verification.historical_version_equivalence_verified.not_recorded;RQ5.resource_verification.license_verified.not_recorded;RQ5.resource_verification.source_build_verified.not_recorded;RQ5.resource_verification.working_demo_verified.not_recorded,V3-02849-EV-4a2c6a2e54a5e419;V3-02849-EV-2c22b0723fcdef09;V3-02849-EV-3b95bb8877385f13;V3-02849-EV-dbb1647c0258bcad;V3-02849-EV-fc267fb03b9b04cc;V3-02849-EV-db66d73f051fb257;V3-02849-EV-6e9034efee6b3f69;V3-02849-EV-4e5761f0c8eac3fc;V3-02849-EV-f5ac219d9668ee16;V3-02849-EV-a43ae7176e3ababb;V3-02849-EV-ab7d7e9679468cb4;V3-02849-EV-5e8cc418c5e8aa3b;V3-02849-EV-9822964b71f2783a;V3-02849-EV-f5909d8ea1483cd7;V3-02849-EV-87ae81ba3f67e763;V3-02849-EV-bb9a389321ac8eaf;V3-02849-EV-de91beab9ba27489;V3-02849-EV-dc133d1a626bb421;V3-02849-EV-c6841aacbc08df8c;V3-02849-EV-61e4797929a8ae86;V3-02849-EV-28481b07200dc563;V3-02849-EV-2aab1934c1e8f740;V3-02849-EV-2467b6d33c1b5e63;V3-02849-EV-b0fdaa6cfa6cb3e5;V3-02849-EV-d852b4e0cd2f5aa5;V3-02849-EV-bab29342bc15285c;V3-02849-EV-c1e52110ccedded2;V3-02849-EV-2b57b79e9eecc06d;V3-02849-EV-1dd9a800e73c485e;V3-02849-EV-5b3f5e0ebdab937b;V3-02849-EV-16c3538878b92a34;V3-02849-EV-450abda8f73926e3;V3-02849-EV-cb08664413fe4217;V3-02849-EV-19bfd7018a1babe4;V3-02849-EV-9061c32bb42a6422;V3-02849-EV-108ae5f6b00d732b;V3-02849-EV-250f23ac82b3d962;V3-02849-EV-f082cff4ef4a4af0;V3-02849-EV-7fb6ef27bf0e6ab6;V3-02849-EV-64cea9bc0ca007f8;V3-02849-EV-6eec1e3b3cde3850;V3-02849-EV-bf6e187f7e4ebbd6;V3-02849-EV-00c1c8388019374a;V3-02849-EV-a4faf322b0ee9e0e;V3-02849-EV-a306a44655037775;V3-02849-EV-0e5c740b5a137331;V3-02849-EV-9c82ce81b46a70f3;V3-02849-EV-ea4cf98bbb6253f4;V3-02849-EV-f09641c7c179f012;V3-02849-EV-d8ce2e78885959bc;V3-02849-EV-548962f08fc0c228;V3-02849-EV-6779b677aa4653fb;V3-02849-EV-d2d913f7830d09c2;V3-02849-EV-5bdc4a4f60e64b1a;V3-02849-EV-bed3df23bc98d22e;V3-02849-EV-31788602f3d73439;V3-02849-EV-bdd3eff23b00fbfe;V3-02849-EV-d1621f1b3ac427bb;V3-02849-EV-f89b959d308bd30f;V3-02849-EV-50ef10887d6b7c12;V3-02849-EV-a14703b6a57e1840;V3-02849-EV-8ed4f0f183319877;V3-02849-EV-5ed018fda8b6ea81;V3-02849-EV-67888aaacd91d500;V3-02849-EV-636f717a1b948463,2,not_performed
V3-02858,not_selected_current_unresolved,No current illustrative fact nominated; not compared for retention against the current 49.,False,local_source_copy_matched,d6491c002d0f67b55fb3354f9341a5d52adc9332ce79f3e410b0d3826b49737f,False,,,RQ1;RQ2;RQ3;RQ4;RQ5,RQ1.interaction.I03_visual_query;RQ1.interaction.I06_free_language;RQ1.representation_role.unspecified;RQ1.visualisation.V03_table_list;RQ1.visualisation.V09_text_document;RQ2.guidance.G01_valid_next_step;RQ2.guidance.G02_lexical_completion;RQ2.guidance.G04_query_expansion_relaxation;RQ2.guidance.G09_language_generation;RQ2.guidance.G10_orientation_feedback;RQ3.access.A01_endpoint_query;RQ3.data_model.B01_rdf;RQ3.implementation_engines.Scala/Java/ReactJS/Jena;RQ3.implementation_engines.Virtuoso/Ontop;RQ3.query_languages.SPARQL;RQ3.scalability.S05_strategy_only;RQ4.evaluation.E01_demonstration;RQ4.evaluation.E02_case_study;RQ4.missing.study_design_codes;RQ5.identity_status.scoped_match;RQ5.provenance.partial_report_read;RQ5.publication_version.recorded;RQ5.report_evaluation_limitations.text_recorded;RQ5.report_limitations.no_entry_recorded;RQ5.resource_role.application_source;RQ5.resource_role.video;RQ5.resource_verification.historical_version_equivalence_verified.not_recorded;RQ5.resource_verification.license_verified.not_recorded;RQ5.resource_verification.source_build_verified.not_recorded;RQ5.resource_verification.working_demo_verified.not_recorded,V3-02858-EV-f28400c3dcc8f732;V3-02858-EV-0d6f372328779191;V3-02858-EV-34a1bf91054a5826;V3-02858-EV-15c11c7b85c4d950;V3-02858-EV-df2d9d440aa2c70d;V3-02858-EV-f0b182ec9186ae31;V3-02858-EV-94d9bd1badd39b51;V3-02858-EV-314b8c4aa4f2ee05;V3-02858-EV-62b89d2591185c2b;V3-02858-EV-d9370133e4ecfb09;V3-02858-EV-6f7c2c40abf203c7;V3-02858-EV-2d09f20930c0f9bd;V3-02858-EV-119d40ac3c08941d;V3-02858-EV-79d660738bc9f3bc;V3-02858-EV-23238951f0676bbe;V3-02858-EV-517aca983764ead0;V3-02858-EV-07e2c97498748f8f;V3-02858-EV-ccb08fc074c04dd2;V3-02858-EV-a3358972ca14fe35;V3-02858-EV-578bf4c0251c8960;V3-02858-EV-0f18cdfbea20268b;V3-02858-EV-6c5706235ea6a9b3;V3-02858-EV-5fb441cf2671d9ea;V3-02858-EV-983aae8248f83cf6;V3-02858-EV-beaeb31ab5af3457;V3-02858-EV-f659815535373e60;V3-02858-EV-0a7da583fd3b7240;V3-02858-EV-913d71954939b92b;V3-02858-EV-3d8b990adc3d334f;V3-02858-EV-0eba2c4fa75e69fb;V3-02858-EV-c3e1109e5f3996fd;V3-02858-EV-7892dabd800949d1;V3-02858-EV-4c4f5bb063b4b555;V3-02858-EV-8929bde827fe0d9c;V3-02858-EV-dfa8175402cbd05c;V3-02858-EV-cbe5ffbf75d9d81d;V3-02858-EV-fa940f8053280d13;V3-02858-EV-fa1b41c33554568c;V3-02858-EV-64ef7150b38602a0;V3-02858-EV-10750bfd3679d7ed;V3-02858-EV-68bd809b5294187d;V3-02858-EV-25ec656cd42a12e8,1,not_performed
V3-02861,not_selected_current_unresolved,No current illustrative fact nominated; not compared for retention against the current 49.,False,local_source_copy_matched,a1fea791638f4b51dfce6721b31ea63f2e274ed8d2cf1b91394492a590a62759,False,,,RQ1;RQ2;RQ3;RQ4;RQ5,RQ1.interaction.I01_entity_navigation;RQ1.interaction.I02_faceted_filtering;RQ1.representation_role.unspecified;RQ1.visualisation.V01_node_link;RQ1.visualisation.V03_table_list;RQ1.visualisation.V09_text_document;RQ1.visualisation.V11_coordinated_views;RQ2.guidance.G03_semantic_ranking;RQ2.guidance.G10_orientation_feedback;RQ3.access.A03_local_store;RQ3.access.A06_projection_cache;RQ3.data_model.B01_rdf;RQ3.implementation_engines.SSP/LSH/greedy selection/approximate kNN;RQ3.missing.query_languages;RQ3.scalability.S03_reported_data_scale;RQ3.scalability.S04_reported_visual_scale;RQ3.scalability.S05_strategy_only;RQ4.evaluation.E01_demonstration;RQ4.evaluation.E02_case_study;RQ4.missing.study_design_codes;RQ5.missing.resource_entries;RQ5.provenance.partial_report_read;RQ5.publication_version.recorded;RQ5.report_evaluation_limitations.text_recorded;RQ5.report_limitations.no_entry_recorded,V3-02861-EV-5a455c4ea5bca945;V3-02861-EV-57fd6318f7c4c255;V3-02861-EV-08c3802b09bafbc3;V3-02861-EV-c5933048dd7504e0;V3-02861-EV-9ace78a2f7b54db5;V3-02861-EV-f26fd2d6214bb54b;V3-02861-EV-6137e6f53e20ef98;V3-02861-EV-13e031cea7eda466;V3-02861-EV-0e2d75dd48a8d510;V3-02861-EV-54207efee71c0c51;V3-02861-EV-e2d207fa8876d264;V3-02861-EV-0ff5765446edab0d;V3-02861-EV-8de4cece8b340f7d;V3-02861-EV-8b5f43e59e8dd9aa;V3-02861-EV-f100e39f943e0bfa;V3-02861-EV-3420142f7828f788;V3-02861-EV-33e8326bb7831b81;V3-02861-EV-56ece94f22c3fb90;V3-02861-EV-eacbdf017b2211d6;V3-02861-EV-e61750ea3ebf0000;V3-02861-EV-3765ec21bcb0c5f6;V3-02861-EV-a9b41019cf22ac4c;V3-02861-EV-484aba90a5edf36b;V3-02861-EV-f9632077e0eca355;V3-02861-EV-f847fda8b9916f59;V3-02861-EV-2253caf2d1efdcb0;V3-02861-EV-3ccb52f5a765122c;V3-02861-EV-2e5ce46cd5c4d6ba;V3-02861-EV-7eb2f878dd3bc57e;V3-02861-EV-fa4de3a9d6a8d987;V3-02861-EV-9dd2d354282a2039;V3-02861-EV-e507df447c35d572;V3-02861-EV-8d14954a62b34c1a;V3-02861-EV-205b0ad79c2bb346;V3-02861-EV-f1a8b0e199de151e;V3-02861-EV-23688fc4d8d297ba;V3-02861-EV-4bce30ab0b184fc0;V3-02861-EV-849dac1a184a9e0e;V3-02861-EV-47781ea333db9270;V3-02861-EV-10b854291ffd3371;V3-02861-EV-c492edee75d1de9e;V3-02861-EV-989cfdbc674c5286,1,not_performed
V3-02863,not_selected_current_unresolved,No current illustrative fact nominated; not compared for retention against the current 49.,False,local_source_copy_matched,1f81abfefac5de36a104bbb35f873c7333578cf614eb94ed6aa14f0b04d60fa3,False,,,RQ1;RQ2;RQ3;RQ4;RQ5,RQ1.interaction.I01_entity_navigation;RQ1.interaction.I06_free_language;RQ1.interaction.I08_coordinated_analysis;RQ1.interaction.I10_reuse_history;RQ1.representation_role.unspecified;RQ1.visualisation.V03_table_list;RQ1.visualisation.V09_text_document;RQ1.visualisation.V11_coordinated_views;RQ2.guidance.G03_semantic_ranking;RQ2.guidance.G04_query_expansion_relaxation;RQ2.guidance.G05_template_entry;RQ2.guidance.G06_context_explanation;RQ2.guidance.G09_language_generation;RQ2.interaction.I10_reuse_history;RQ3.access.A05_file_input;RQ3.access.A06_projection_cache;RQ3.missing.data_model;RQ3.missing.implementation_engines;RQ3.missing.query_languages;RQ3.scalability.S03_reported_data_scale;RQ3.scalability.S04_reported_visual_scale;RQ3.scalability.S05_strategy_only;RQ3.scale_observation.source_dataset;RQ4.evaluation.E02_case_study;RQ4.evaluation.E03_formative_user;RQ4.evaluation.E04_single_system_user;RQ4.missing.study_design_codes;RQ5.missing.resource_entries;RQ5.provenance.full_report_read;RQ5.publication_version.recorded;RQ5.report_evaluation_limitations.text_recorded;RQ5.report_limitations.text_recorded,V3-02863-EV-9b5e0767ff93c865;V3-02863-EV-ddbcb811dd66021f;V3-02863-EV-ef748df4cb0c84e0;V3-02863-EV-5391dec42141254f;V3-02863-EV-b04a218d44163567;V3-02863-EV-19f5a6ba34a4057c;V3-02863-EV-182e4e178bc55a66;V3-02863-EV-dabaa34649c99441;V3-02863-EV-8f3e8b36d44d841b;V3-02863-EV-e9632333804dd7b5;V3-02863-EV-e986677671c96560;V3-02863-EV-c3219ba50da7fc8c;V3-02863-EV-1650b6c4b1f6d8e6;V3-02863-EV-f9bb359b19795b69;V3-02863-EV-29d2c8f22903d952;V3-02863-EV-e240fbb3968d0526;V3-02863-EV-6e6f9e4dc8edae1b;V3-02863-EV-63c5157377f56478;V3-02863-EV-3aef18c464a2dc9a;V3-02863-EV-492e2b03660f5e46;V3-02863-EV-c42e39d26bca14c8;V3-02863-EV-1965c770bede0a24;V3-02863-EV-76a580e7110c71c6;V3-02863-EV-3aa511ecf8153eeb,2,not_performed
V3-02884,not_selected_current_unresolved,No current illustrative fact nominated; not compared for retention against the current 49.,False,local_source_copy_matched,bd484b4299eaec9f997986be319d337e2dfaaf08b4b623f3073b6b948a2527a8,False,,,RQ1;RQ2;RQ3;RQ4;RQ5,RQ1.interaction.I03_visual_query;RQ1.representation_role.unspecified;RQ1.visualisation.V01_node_link;RQ1.visualisation.V03_table_list;RQ2.guidance.G01_valid_next_step;RQ2.guidance.G02_lexical_completion;RQ2.guidance.G10_orientation_feedback;RQ3.access.A03_local_store;RQ3.access.A06_projection_cache;RQ3.data_model.B01_rdf;RQ3.implementation_engines.ViziQuer/DataShapeServer/PostgreSQL;RQ3.query_languages.SPARQL;RQ3.scalability.S05_strategy_only;RQ4.evaluation.E01_demonstration;RQ4.evaluation.E02_case_study;RQ4.missing.study_design_codes;RQ5.identity_status.not_established;RQ5.identity_status.scoped_match;RQ5.provenance.partial_report_read;RQ5.publication_version.recorded;RQ5.report_evaluation_limitations.text_recorded;RQ5.report_limitations.no_entry_recorded;RQ5.resource_role.application_source;RQ5.resource_role.component_source;RQ5.resource_role.other;RQ5.resource_verification.historical_version_equivalence_verified.not_recorded;RQ5.resource_verification.license_verified.not_recorded;RQ5.resource_verification.source_build_verified.not_recorded;RQ5.resource_verification.working_demo_verified.not_recorded,V3-02884-EV-f231f627df86e76a;V3-02884-EV-bb781e5e197e5674;V3-02884-EV-ddeb0563f67a5692;V3-02884-EV-0ae0535ded0318cb;V3-02884-EV-a3d92cc9714bda02;V3-02884-EV-ead3a54fbc4fd035;V3-02884-EV-bce9d3989d29bb10;V3-02884-EV-a63a3787de15a6ed;V3-02884-EV-a55bbf263085883f;V3-02884-EV-0cd7530346f2c7d9;V3-02884-EV-af37097c378b1303;V3-02884-EV-d3073b61b09cb8ca;V3-02884-EV-abaa856730afa6dd;V3-02884-EV-0943968b03120e25;V3-02884-EV-57eae1db25a323df;V3-02884-EV-20ea2df507e16540;V3-02884-EV-c74849aee8f29910;V3-02884-EV-a46cfab2405938d9;V3-02884-EV-8553db04b615580f;V3-02884-EV-9477c906c26f2c0e;V3-02884-EV-7dbe1d2281cd0e3e;V3-02884-EV-c15f17241bcd9ea2;V3-02884-EV-92ba1aeb81334e10;V3-02884-EV-aa4bf68e75fdb776;V3-02884-EV-3092883b5eb90302;V3-02884-EV-e24661f59a144fde;V3-02884-EV-2ccad3d49340e063;V3-02884-EV-3ab3e04b0e55ca80;V3-02884-EV-763d4d95c92d0254;V3-02884-EV-80bd3f6f7eebb890;V3-02884-EV-1a47d365d7b2ec26;V3-02884-EV-07f4dde7054d0d88;V3-02884-EV-ce590bdb0dcd2952;V3-02884-EV-6431376db0f2bff3;V3-02884-EV-0380be21ae3ec04f;V3-02884-EV-ded0dffa90a0a4ae;V3-02884-EV-bac3e3c515bbf347;V3-02884-EV-2931ba1a848004e3;V3-02884-EV-08f8c1fb3dc172d6;V3-02884-EV-40f16208efc14375;V3-02884-EV-0023395557984148;V3-02884-EV-b2e7ca6f02661dac;V3-02884-EV-072f2afd2b07c51b;V3-02884-EV-099ccb4ed0fbc139;V3-02884-EV-a4e7c9a0100994a4;V3-02884-EV-fec796c0c63da9b4;V3-02884-EV-33b1b2edf607dd58;V3-02884-EV-4e7098902a48845b;V3-02884-EV-346a45d96bd1a317;V3-02884-EV-5016b82812599e51;V3-02884-EV-5d82666f9b36539e;V3-02884-EV-1ad59a9295c57a14;V3-02884-EV-4a3545e4059c3db9,1,not_performed
V3-02885,not_selected_current_unresolved,No current illustrative fact nominated; not compared for retention against the current 49.,False,local_source_copy_matched,6a6a01fe59ea7be048ee1d25103e47d6aa662a99b8926a9a2f6f75eda10afef7,False,,,RQ1;RQ2;RQ3;RQ4;RQ5,RQ1.interaction.I03_visual_query;RQ1.representation_role.unspecified;RQ1.visualisation.V01_node_link;RQ1.visualisation.V09_text_document;RQ2.guidance.G01_valid_next_step;RQ2.guidance.G02_lexical_completion;RQ3.access.A01_endpoint_query;RQ3.data_model.B01_rdf;RQ3.implementation_engines.Configured data-schema service;RQ3.implementation_engines.ajoo/VQEditor/VQTranslator/VQExecutor/PEG.js;RQ3.missing.scalability;RQ3.query_languages.SPARQL;RQ4.evaluation.E01_demonstration;RQ4.evaluation.E09_formal_analysis;RQ4.study_design.E01_demonstration;RQ4.study_design.E09_formal_analysis;RQ5.identity_status.not_established;RQ5.identity_status.scoped_match;RQ5.provenance.source_evidence_extracted;RQ5.publication_version.recorded;RQ5.report_evaluation_limitations.text_recorded;RQ5.report_limitations.no_entry_recorded;RQ5.resource_role.application_source;RQ5.resource_role.other;RQ5.resource_verification.historical_version_equivalence_verified.not_recorded;RQ5.resource_verification.license_verified.not_recorded;RQ5.resource_verification.source_build_verified.not_recorded;RQ5.resource_verification.working_demo_verified.not_recorded,V3-02885-EV-d2fe5c2934328fce;V3-02885-EV-1e2c4638903741e2;V3-02885-EV-7a71d9db98d876ee;V3-02885-EV-2155292b9cbdb042;V3-02885-EV-0c688a68a8d5ba31;V3-02885-EV-873aa0045b2d6281;V3-02885-EV-aa03a3e2450dfcb1;V3-02885-EV-263740afd9327d46;V3-02885-EV-f023bf8d83531765;V3-02885-EV-cca368c9a8683552;V3-02885-EV-4e7652c3d1a4ccac;V3-02885-EV-18fc461e120e7482;V3-02885-EV-1c8271736bbb7212;V3-02885-EV-af4e11af2e38553b;V3-02885-EV-8ec6ed14ba3de11a,1,not_performed
V3-02889,not_selected_current_unresolved,No current illustrative fact nominated; not compared for retention against the current 49.,False,local_source_copy_matched,1c15e841a144863c890e52c043961ec7a7956a13e518a1a162a8f90718e1c205,False,,,RQ1;RQ2;RQ3;RQ4;RQ5,RQ1.interaction.I03_visual_query;RQ1.interaction.I07_example_query;RQ1.representation_role.unspecified;RQ1.visualisation.V01_node_link;RQ1.visualisation.V02_outline_tree;RQ1.visualisation.V03_table_list;RQ2.guidance.G01_valid_next_step;RQ2.guidance.G06_context_explanation;RQ2.guidance.G10_orientation_feedback;RQ3.access.A03_local_store;RQ3.access.A06_projection_cache;RQ3.data_model.B01_rdf;RQ3.data_model.B02_property_graph;RQ3.data_model.B05_mixed_models;RQ3.missing.implementation_engines;RQ3.missing.query_languages;RQ3.scalability.S01_measured_runtime;RQ3.scalability.S03_reported_data_scale;RQ3.scalability.S05_strategy_only;RQ3.scale_observation.source_dataset;RQ4.evaluation.E01_demonstration;RQ4.evaluation.E02_case_study;RQ4.evaluation.E07_performance;RQ4.missing.study_entries;RQ5.identity_status.scoped_match;RQ5.provenance.full_report_read;RQ5.publication_version.recorded;RQ5.report_evaluation_limitations.text_recorded;RQ5.report_limitations.text_recorded;RQ5.resource_role.video;RQ5.resource_verification.historical_version_equivalence_verified.not_recorded;RQ5.resource_verification.license_verified.not_recorded;RQ5.resource_verification.source_build_verified.not_recorded;RQ5.resource_verification.working_demo_verified.not_recorded,V3-02889-EV-545475288d167d70;V3-02889-EV-1517c82d24f08cbc;V3-02889-EV-c176d0d904994308;V3-02889-EV-fb904dfd2b3b95c1;V3-02889-EV-17d598a5b0dc32a9;V3-02889-EV-e3a540b30d619100;V3-02889-EV-ae19a05e5e5c310b;V3-02889-EV-0276baaa676cbb19;V3-02889-EV-175834c1bfad3c38;V3-02889-EV-1316f3b476bac7a4;V3-02889-EV-50256671a60233ed;V3-02889-EV-b696e7ead815bf26;V3-02889-EV-bbb4ac5f40a4b51a;V3-02889-EV-4b9956a37f9bca34;V3-02889-EV-7bbe918cce48f22d;V3-02889-EV-2b127177db8f0034;V3-02889-EV-91913c5ca1d4f0e2;V3-02889-EV-17f62ca5b27cbe17;V3-02889-EV-f767c0cd6a66f31b;V3-02889-EV-abedabdbe4a4bbcb;V3-02889-EV-3bf61a565e09c99e,0,not_performed
V3-02906,not_selected_current_unresolved,No current illustrative fact nominated; not compared for retention against the current 49.,False,local_source_copy_matched,c0be2af56d75aa3425052e6ecfce12a3c78c6a94757a0bce692fee68051130f3,False,,,RQ1;RQ2;RQ3;RQ4;RQ5,RQ1.interaction.I01_entity_navigation;RQ1.interaction.I03_visual_query;RQ1.interaction.I08_coordinated_analysis;RQ1.representation_role.unspecified;RQ1.visualisation.V01_node_link;RQ1.visualisation.V03_table_list;RQ1.visualisation.V11_coordinated_views;RQ2.guidance.G01_valid_next_step;RQ2.guidance.G06_context_explanation;RQ2.guidance.G10_orientation_feedback;RQ3.access.A01_endpoint_query;RQ3.data_model.B01_rdf;RQ3.implementation_engines.C#/.NET/WPF;RQ3.implementation_engines.D3/HTML/JavaScript/SVG;RQ3.query_languages.SPARQL;RQ3.scalability.S05_strategy_only;RQ4.evaluation.E01_demonstration;RQ4.evaluation.E02_case_study;RQ4.evaluation.E04_single_system_user;RQ4.missing.study_design_codes;RQ5.missing.resource_entries;RQ5.provenance.partial_report_read;RQ5.publication_version.recorded;RQ5.report_evaluation_limitations.text_recorded;RQ5.report_limitations.no_entry_recorded,V3-02906-EV-88da759a3b3f7020;V3-02906-EV-25dc71ecaf7a544d;V3-02906-EV-4c6213fc7448e689;V3-02906-EV-8ae91030f7ae6a6d;V3-02906-EV-90c848011092f15e;V3-02906-EV-858e925ec73692ab;V3-02906-EV-066fed183d1c8a2b;V3-02906-EV-28935e774034463e;V3-02906-EV-013c99d5e0f8180b;V3-02906-EV-fedfb7e930615233;V3-02906-EV-d7f1b19ae4a39575;V3-02906-EV-f8e4db2a3b10760a;V3-02906-EV-c90e228b97891406;V3-02906-EV-6de7a20c6120200d;V3-02906-EV-db9991e481cc8268;V3-02906-EV-df1cc3dc194dd98f;V3-02906-EV-9c1695fc0898040d;V3-02906-EV-7b4817bdb78b9f29;V3-02906-EV-3dfbbe63a9a7c393;V3-02906-EV-0edbb99a9e60faab;V3-02906-EV-2481d9b928f5081b;V3-02906-EV-079f16d389b7dac1;V3-02906-EV-d6ca43839382439b;V3-02906-EV-47de4b03502de0d2;V3-02906-EV-4f6502aadc83e5d4;V3-02906-EV-86fa0260eb8e5a41;V3-02906-EV-cdda41f2bc1b0394;V3-02906-EV-86202e7b7c5d8479;V3-02906-EV-220fee2f002b750f;V3-02906-EV-95212c6f0072211a;V3-02906-EV-d6ecc833c3d8f519;V3-02906-EV-06b2bf3480cc0c3b;V3-02906-EV-2a728d27f8bcacf5;V3-02906-EV-87162a122a8e5722;V3-02906-EV-56830163fe3ea8e8;V3-02906-EV-5aca1e20d537a15b;V3-02906-EV-c7075e3534ce4b9a;V3-02906-EV-97434c8c63072518;V3-02906-EV-4346268215209b91;V3-02906-EV-325aca3df5c1b6e8;V3-02906-EV-280219d44fbfd55f;V3-02906-EV-7d10e96fb841b53d;V3-02906-EV-3c67281e95e35b0d;V3-02906-EV-f11ab951c9f42c8c;V3-02906-EV-5f391045d65a9642;V3-02906-EV-9c45a5c326327e04;V3-02906-EV-09d9db6970fc8cdc;V3-02906-EV-d1e49fd8006d789a;V3-02906-EV-0690b600a8d1f639;V3-02906-EV-2f3a590ca5e17d6e;V3-02906-EV-a734030a6d94d321;V3-02906-EV-b01245bf03998f2b;V3-02906-EV-aecb891864faae5e;V3-02906-EV-154265232fa2a51a;V3-02906-EV-7e16e3a0111759e1;V3-02906-EV-ccbeddb8e197fcb4;V3-02906-EV-7d870881849128c4;V3-02906-EV-ec5060bf9acee697;V3-02906-EV-e2da95d15fa19293;V3-02906-EV-7b599a22a7ffd0e4;V3-02906-EV-7f87cbe60c5e92d5;V3-02906-EV-f77dd0d1f4605447;V3-02906-EV-b839ffb929b1f2f9;V3-02906-EV-76777ae4a8e21b57;V3-02906-EV-550846571113545a,1,not_performed
V3-02907,not_selected_current_unresolved,No current illustrative fact nominated; not compared for retention against the current 49.,False,local_source_copy_matched,6835d41ccaea531f6ab094c5883d3b469746bd5ae0d699450047373a13956690,False,,,RQ1;RQ2;RQ3;RQ4;RQ5,RQ1.interaction.I01_entity_navigation;RQ1.interaction.I03_visual_query;RQ1.interaction.I04_text_query;RQ1.interaction.I09_visual_configuration;RQ1.interaction.I10_reuse_history;RQ1.representation_role.unspecified;RQ1.visualisation.V01_node_link;RQ1.visualisation.V03_table_list;RQ2.guidance.G01_valid_next_step;RQ2.guidance.G02_lexical_completion;RQ2.guidance.G03_semantic_ranking;RQ2.guidance.G10_orientation_feedback;RQ2.interaction.I10_reuse_history;RQ3.access.A01_endpoint_query;RQ3.access.A06_projection_cache;RQ3.data_model.B01_rdf;RQ3.implementation_engines.ViziQuer/OBIS/DataShapeServer/Docker;RQ3.query_languages.SPARQL;RQ3.scalability.S05_strategy_only;RQ4.evaluation.E01_demonstration;RQ4.evaluation.E02_case_study;RQ4.missing.study_design_codes;RQ5.identity_status.scoped_match;RQ5.provenance.partial_report_read;RQ5.publication_version.recorded;RQ5.report_evaluation_limitations.text_recorded;RQ5.report_limitations.no_entry_recorded;RQ5.resource_role.application_source;RQ5.resource_role.component_source;RQ5.resource_role.documentation;RQ5.resource_role.other;RQ5.resource_verification.historical_version_equivalence_verified.not_recorded;RQ5.resource_verification.license_verified.not_recorded;RQ5.resource_verification.source_build_verified.not_recorded;RQ5.resource_verification.working_demo_verified.not_recorded,V3-02907-EV-ca06211009a26933;V3-02907-EV-b03f645debb35f53;V3-02907-EV-92fc878ed3cc906e;V3-02907-EV-b00d39dc95b16997;V3-02907-EV-8101c060189898bb;V3-02907-EV-97d0b093d6c26504;V3-02907-EV-a9efdd75ad1a374a;V3-02907-EV-10e3509d9d1665d8;V3-02907-EV-6f8081f84bcafd47;V3-02907-EV-a9a022528b92310c;V3-02907-EV-d81e1adbc3be9536;V3-02907-EV-315cfdf3e3a8f4dd;V3-02907-EV-32a51f783fb46287;V3-02907-EV-613c59c302d98db8;V3-02907-EV-b27cd0bb8675997a;V3-02907-EV-33edec0d7bc902af;V3-02907-EV-8250a71e996aa467;V3-02907-EV-d2747b5198c20a7b;V3-02907-EV-6fdef134903a807b;V3-02907-EV-8f9e6c68810cbc83;V3-02907-EV-9662e1f4ea5d011e;V3-02907-EV-8de2885545d2545d;V3-02907-EV-65a06185bf4294e1;V3-02907-EV-035baed1a87f77a4;V3-02907-EV-e738d7b07488f6be;V3-02907-EV-dd3ea5ef52a051a3;V3-02907-EV-0cdb2a2b1fae2b41;V3-02907-EV-e246cfab9397f95e;V3-02907-EV-84a7bbb25349cb90;V3-02907-EV-572a510287d047e3;V3-02907-EV-18fbc392bcb2a922;V3-02907-EV-a7cc3b5a3569431f;V3-02907-EV-5654f2a5a4fcebb9;V3-02907-EV-adaec099927c70e8;V3-02907-EV-03d796bcaa11778b;V3-02907-EV-5973cdfdadee8894;V3-02907-EV-a3b7cfbf2be666e6;V3-02907-EV-6a63227d3f7f4d0f;V3-02907-EV-2d6349a2dbef72d8;V3-02907-EV-562e7d084c1fb0ae;V3-02907-EV-cb0e7b33a5cc20b4;V3-02907-EV-2073af3e7706ff46;V3-02907-EV-727bcdf6e0d3d75b;V3-02907-EV-cadc6e369d077188;V3-02907-EV-b07ea1beaf51538e;V3-02907-EV-fb216223c7568253,1,not_performed
V3-02910,not_selected_current_unresolved,No current illustrative fact nominated; not compared for retention against the current 49.,False,local_source_copy_matched,cbafcfb5714dc5032ec8cede4d95b6d29f6254de85f9edc935c28d0e73a10128,False,,,RQ1;RQ2;RQ3;RQ4;RQ5,RQ1.interaction.I01_entity_navigation;RQ1.interaction.I08_coordinated_analysis;RQ1.representation_role.unspecified;RQ1.visualisation.V01_node_link;RQ1.visualisation.V11_coordinated_views;RQ2.guidance.G03_semantic_ranking;RQ2.guidance.G06_context_explanation;RQ2.guidance.G10_orientation_feedback;RQ3.access.A06_projection_cache;RQ3.implementation_engines.SemRep/UMLS;RQ3.implementation_engines.Weighted all-pairs shortest paths;RQ3.missing.data_model;RQ3.missing.query_languages;RQ3.scalability.S03_reported_data_scale;RQ3.scalability.S05_strategy_only;RQ4.evaluation.E01_demonstration;RQ4.evaluation.E02_case_study;RQ4.study_design.E01_demonstration;RQ4.study_design.E02_case_study;RQ5.missing.resource_entries;RQ5.provenance.source_evidence_extracted;RQ5.publication_version.recorded;RQ5.report_evaluation_limitations.text_recorded;RQ5.report_limitations.no_entry_recorded,V3-02910-EV-657cb3e9b49330ef;V3-02910-EV-ee839c99420d261f;V3-02910-EV-5e8d4e9de011f6a2;V3-02910-EV-3d5cbcf3296f2a66;V3-02910-EV-ea2d7d08fe263e04;V3-02910-EV-5dae132b1d3ccdb6;V3-02910-EV-6b759cca0123d783;V3-02910-EV-a7c69d94032c5402;V3-02910-EV-c662ecab0d58f12f;V3-02910-EV-fa35c7bcf9cef844;V3-02910-EV-b72ed6553666454e;V3-02910-EV-1de8c544fe8d253b;V3-02910-EV-ff29c35a45a99123;V3-02910-EV-a737f770a5956d0c;V3-02910-EV-8859507a3b517e93;V3-02910-EV-6ddf0effbf54814c,1,not_performed
V3-02911,not_selected_current_unresolved,No current illustrative fact nominated; not compared for retention against the current 49.,False,local_source_copy_matched,ca85039359531fc1eeeada0490b2b8734294cfff781792e4ed53aef16ded6487,False,,,RQ1;RQ2;RQ3;RQ4;RQ5,RQ1.interaction.I01_entity_navigation;RQ1.representation_role.unspecified;RQ1.visualisation.V01_node_link;RQ1.visualisation.V10_3d_vr;RQ2.missing.guidance;RQ3.data_model.B01_rdf;RQ3.missing.access;RQ3.missing.implementation_engines;RQ3.missing.scalability;RQ3.query_languages.SPARQL;RQ4.evaluation.E01_demonstration;RQ4.evaluation.E04_single_system_user;RQ4.missing.study_design_codes;RQ5.missing.resource_entries;RQ5.provenance.partial_report_read;RQ5.publication_version.recorded;RQ5.report_evaluation_limitations.text_recorded;RQ5.report_limitations.no_entry_recorded,V3-02911-EV-c86e41bffa76fbdc;V3-02911-EV-2ed91000f5df4b95;V3-02911-EV-bd359492c2e3ad8f;V3-02911-EV-1423491b6451e9b0;V3-02911-EV-f5623043902745c1;V3-02911-EV-ced0d85ed3fa3ba9;V3-02911-EV-4207ca094ed93e57;V3-02911-EV-128cb05ccfe42274;V3-02911-EV-9f12ce46f346ecc2;V3-02911-EV-6a26db8bd1e9deae;V3-02911-EV-d2b4abbe78f81689;V3-02911-EV-8c5ff6a3b4138be4;V3-02911-EV-887020897aeecd9e;V3-02911-EV-a7d73815d6732c78;V3-02911-EV-73670dc884852dcb;V3-02911-EV-f982c868aa69e10b;V3-02911-EV-cd964479305ff4f4;V3-02911-EV-5009b5b62934a273;V3-02911-EV-dc60aa02e078f5f9;V3-02911-EV-408f61c53b254a25;V3-02911-EV-391c3abcdac66d7e;V3-02911-EV-19ef8980376516a7,1,not_performed
V3-02928,not_selected_current_unresolved,No current illustrative fact nominated; not compared for retention against the current 49.,False,local_source_copy_matched,defdf756d4dadeb73b24b834b932ea63d720337137cc15fd46552dea2fdb3c8d,False,,,RQ1;RQ2;RQ3;RQ4;RQ5,RQ1.interaction.I01_entity_navigation;RQ1.interaction.I07_example_query;RQ1.interaction.I09_visual_configuration;RQ1.representation_role.unspecified;RQ1.visualisation.V01_node_link;RQ1.visualisation.V03_table_list;RQ1.visualisation.V09_text_document;RQ2.guidance.G06_context_explanation;RQ2.guidance.G10_orientation_feedback;RQ3.data_model.B01_rdf;RQ3.missing.access;RQ3.missing.implementation_engines;RQ3.missing.query_languages;RQ3.scalability.S04_reported_visual_scale;RQ4.evaluation.E05_comparative_user;RQ4.missing.study_design_codes;RQ5.missing.resource_entries;RQ5.provenance.full_report_read;RQ5.publication_version.recorded;RQ5.report_evaluation_limitations.text_recorded;RQ5.report_limitations.text_recorded,V3-02928-EV-22fabd7ef523f48a;V3-02928-EV-d2109dca65a0fb91;V3-02928-EV-16e052f8fd185a1b;V3-02928-EV-30e09bdd27c32f13;V3-02928-EV-b88cdc95004c9b6c;V3-02928-EV-d1c035abdef57aa7;V3-02928-EV-8e3e819595800dc4;V3-02928-EV-187d3341ff418465;V3-02928-EV-0e7cccb55a7781ac;V3-02928-EV-00063d626b27bd9c;V3-02928-EV-0f2958ddd970ddb7;V3-02928-EV-dc3ac26c622b484e;V3-02928-EV-b1d4b7d748b1e0bf;V3-02928-EV-592d29e1412fe333;V3-02928-EV-4f5ffaec0decb45e;V3-02928-EV-e8225dc6f7521840,1,not_performed
V3-02933,not_selected_current_unresolved,No current illustrative fact nominated; not compared for retention against the current 49.,False,local_source_copy_matched,f9b77e617e657b0da8622c9151f825808044c5d2605f2cad6e1f308d4400c0df,False,,,RQ1;RQ2;RQ3;RQ4;RQ5,RQ1.interaction.I01_entity_navigation;RQ1.interaction.I02_faceted_filtering;RQ1.interaction.I08_coordinated_analysis;RQ1.interaction.I10_reuse_history;RQ1.interaction.I11_curation_modifier;RQ1.representation_role.unspecified;RQ1.visualisation.V01_node_link;RQ1.visualisation.V04_map;RQ1.visualisation.V05_timeline;RQ1.visualisation.V06_statistical_chart;RQ1.visualisation.V09_text_document;RQ1.visualisation.V11_coordinated_views;RQ2.guidance.G06_context_explanation;RQ2.guidance.G10_orientation_feedback;RQ2.interaction.I10_reuse_history;RQ3.access.A03_local_store;RQ3.access.A06_projection_cache;RQ3.implementation_engines.Java/Tomcat/PostgreSQL;RQ3.implementation_engines.OpenNLP/AIDA/label propagation;RQ3.implementation_engines.OpenStreetMap/AmCharts;RQ3.missing.data_model;RQ3.missing.query_languages;RQ3.scalability.S05_strategy_only;RQ4.evaluation.E01_demonstration;RQ4.evaluation.E02_case_study;RQ4.study_design.E01_demonstration;RQ4.study_design.E02_case_study;RQ5.missing.resource_entries;RQ5.provenance.source_evidence_extracted;RQ5.publication_version.recorded;RQ5.report_evaluation_limitations.text_recorded;RQ5.report_limitations.no_entry_recorded,V3-02933-EV-a96d451536ec2c48;V3-02933-EV-b7d1b5e6de6aa6a9;V3-02933-EV-fcc09372f681ae6b;V3-02933-EV-e02e5980313847de;V3-02933-EV-6b8062eda1e6fd0a;V3-02933-EV-ba63cc49aed03ff1;V3-02933-EV-ef0e21c0e6c097f9;V3-02933-EV-30a6f1a17adca59b;V3-02933-EV-88af58630954491f;V3-02933-EV-b7957217f440e1e3;V3-02933-EV-994b722b4474804b;V3-02933-EV-a6ada3be4c056680;V3-02933-EV-25bc6bb9994eee3f;V3-02933-EV-56df4e4382964832;V3-02933-EV-0aab53327bd6a62f;V3-02933-EV-a38c37b226e1446a;V3-02933-EV-4f959bd4f46d3562;V3-02933-EV-4a3adddc4d573e2d;V3-02933-EV-b9008d8e927d7090;V3-02933-EV-bb223b5e47e70204;V3-02933-EV-3f8b8f6d90a6715a;V3-02933-EV-e2f6af3b6092f55d;V3-02933-EV-48a64e69454c6598,1,not_performed
V3-02940,not_selected_current_unresolved,No current illustrative fact nominated; not compared for retention against the current 49.,False,local_source_copy_matched,7c92ef5acff8b1f8186b704fe397d1e0b4e88e6fcb89118ca42c935ff3fd5e53,False,,,RQ1;RQ2;RQ3;RQ4;RQ5,RQ1.interaction.I02_faceted_filtering;RQ1.interaction.I03_visual_query;RQ1.interaction.I07_example_query;RQ1.interaction.I09_visual_configuration;RQ1.interaction.I10_reuse_history;RQ1.representation_role.unspecified;RQ1.visualisation.V01_node_link;RQ1.visualisation.V03_table_list;RQ1.visualisation.V06_statistical_chart;RQ2.guidance.G05_template_entry;RQ2.guidance.G10_orientation_feedback;RQ2.interaction.I10_reuse_history;RQ3.access.A01_endpoint_query;RQ3.access.A05_file_input;RQ3.data_model.B01_rdf;RQ3.missing.implementation_engines;RQ3.missing.query_languages;RQ3.missing.scalability;RQ4.evaluation.E01_demonstration;RQ4.evaluation.E02_case_study;RQ4.missing.study_entries;RQ5.missing.resource_entries;RQ5.provenance.full_report_read;RQ5.publication_version.recorded;RQ5.report_evaluation_limitations.text_recorded;RQ5.report_limitations.no_entry_recorded,V3-02940-EV-f59d455313a87e1c;V3-02940-EV-1ad8f316a2125390;V3-02940-EV-4e79b85e90ce1667;V3-02940-EV-f4dc176157744252;V3-02940-EV-035675d75e5314a0;V3-02940-EV-ec88c51d89aece34;V3-02940-EV-f6b6c8caffd0120b;V3-02940-EV-f4b05f5f2fae46ba;V3-02940-EV-4a900f8e06ee0b0f;V3-02940-EV-67386982018b8c84;V3-02940-EV-f2ad6fca6ab0003a;V3-02940-EV-eabb35ecaa59acea;V3-02940-EV-46a8fea68e29e9dd;V3-02940-EV-80143e7aa40db204;V3-02940-EV-cc1ec93f438f2330;V3-02940-EV-12cd8a732ba94192;V3-02940-EV-891247683508fbcd;V3-02940-EV-1303c5ee8cdd55a3;V3-02940-EV-b241fa7ca284dc26,0,not_performed
V3-02945,not_selected_current_unresolved,No current illustrative fact nominated; not compared for retention against the current 49.,False,local_source_copy_matched,e72f66baf7cf66c38b70ef12980aea792f8e4e2d2fced4651188022abb71fb83,False,,,RQ1;RQ2;RQ3;RQ4;RQ5,RQ1.interaction.I01_entity_navigation;RQ1.interaction.I03_visual_query;RQ1.interaction.I07_example_query;RQ1.representation_role.unspecified;RQ1.visualisation.V01_node_link;RQ1.visualisation.V03_table_list;RQ2.guidance.G01_valid_next_step;RQ2.guidance.G03_semantic_ranking;RQ2.guidance.G05_template_entry;RQ2.guidance.G10_orientation_feedback;RQ3.access.A01_endpoint_query;RQ3.access.A03_local_store;RQ3.access.A06_projection_cache;RQ3.data_model.B02_property_graph;RQ3.implementation_engines.Java17/JavaFX19/Neo4j driver;RQ3.implementation_engines.METIS/TED;RQ3.query_languages.Cypher;RQ3.scalability.S05_strategy_only;RQ4.evaluation.E01_demonstration;RQ4.evaluation.E02_case_study;RQ4.study_design.E01_demonstration;RQ4.study_design.E02_case_study;RQ5.identity_status.scoped_match;RQ5.provenance.source_evidence_extracted;RQ5.publication_version.recorded;RQ5.report_evaluation_limitations.text_recorded;RQ5.report_limitations.no_entry_recorded;RQ5.resource_role.video;RQ5.resource_verification.historical_version_equivalence_verified.not_recorded;RQ5.resource_verification.license_verified.not_recorded;RQ5.resource_verification.source_build_verified.not_recorded;RQ5.resource_verification.working_demo_verified.not_recorded,V3-02945-EV-0ccce5037919831a;V3-02945-EV-29ae1ac06e24a488;V3-02945-EV-a2bbd591389888fa;V3-02945-EV-6593b8a38e35bff1;V3-02945-EV-442844efbc6a0ffa;V3-02945-EV-641f7604e9d09d4d;V3-02945-EV-983fbf45a77c8f21;V3-02945-EV-07a5527c7ecac075;V3-02945-EV-0758a0cf91b61be9;V3-02945-EV-57a2069da9daee0d;V3-02945-EV-76d89ef0e189d526;V3-02945-EV-44628850643e93ed;V3-02945-EV-6a89541fdcc546c0;V3-02945-EV-9976c2ce1324e83d;V3-02945-EV-c2df645ae738bc5a;V3-02945-EV-8d71cbbfcaa4ed87;V3-02945-EV-91c592c087f3045e;V3-02945-EV-9a81b365ca9d2445;V3-02945-EV-e2504da8b2ce3511;V3-02945-EV-d0a8ce0356b781eb;V3-02945-EV-3b22a99a7dcdeff3;V3-02945-EV-4a60db94408fb857,1,not_performed
V3-02946,retained_current_illustration_scoped,,True,local_source_copy_matched,73031bbbe37883cfd0da774d95a4abb9a968e565f7f7d35c3a6cf09547cb8b9d,True,ILL-V3-02946-01,principal;contrasting;boundary,RQ1;RQ2;RQ3;RQ4;RQ5,RQ1.interaction.I03_visual_query;RQ1.interaction.I04_text_query;RQ1.representation_role.unspecified;RQ1.visualisation.V01_node_link;RQ1.visualisation.V03_table_list;RQ2.guidance.G01_valid_next_step;RQ2.guidance.G02_lexical_completion;RQ3.access.A01_endpoint_query;RQ3.data_model.B01_rdf;RQ3.implementation_engines.Configured endpoint; ajoo;RQ3.missing.scalability;RQ3.query_languages.SPARQL;RQ4.evaluation.E05_comparative_user;RQ4.missing.study_design_codes;RQ5.identity_status.scoped_match;RQ5.provenance.source_evidence_extracted;RQ5.publication_version.not_recorded;RQ5.report_evaluation_limitations.text_recorded;RQ5.report_limitations.no_entry_recorded;RQ5.resource_role.application_source;RQ5.resource_role.documentation;RQ5.resource_verification.historical_version_equivalence_verified.not_recorded;RQ5.resource_verification.license_verified.not_recorded;RQ5.resource_verification.source_build_verified.not_recorded;RQ5.resource_verification.working_demo_verified.not_recorded,V3-02946-EV-d446ecd22529697b;V3-02946-EV-5e3aa70700fb8cb8;V3-02946-EV-6d039f80ae7a9273;V3-02946-EV-03a32060194f6b2a;V3-02946-EV-8926b09fdf5958d2;V3-02946-EV-4246da280ca4fc00;V3-02946-EV-8b6761c780faf85a;V3-02946-EV-e63575558da49620;V3-02946-EV-98316de122af5c79;V3-02946-EV-45954277a4865fd9;V3-02946-EV-682ef62b0a89613d;V3-02946-EV-4b311f4ac22d90fe;V3-02946-EV-51f82f583e397c91;V3-02946-EV-9bc4b64e0b0c5195,1,not_performed
V3-02947,not_selected_current_unresolved,No current illustrative fact nominated; not compared for retention against the current 49.,False,local_source_copy_matched,4054c6023f61c05182d201a62a317bb4c4c356e29527bdfe8ab15582011749dd,False,,,RQ1;RQ2;RQ3;RQ4;RQ5,RQ1.interaction.I03_visual_query;RQ1.representation_role.unspecified;RQ1.visualisation.V01_node_link;RQ2.missing.guidance;RQ3.access.A01_endpoint_query;RQ3.data_model.B01_rdf;RQ3.implementation_engines.ViziQuer/OpenLink Virtuoso;RQ3.missing.scalability;RQ3.query_languages.SPARQL1.1;RQ4.evaluation.E01_demonstration;RQ4.evaluation.E02_case_study;RQ4.missing.study_design_codes;RQ5.missing.resource_entries;RQ5.provenance.partial_report_read;RQ5.publication_version.recorded;RQ5.report_evaluation_limitations.text_recorded;RQ5.report_limitations.no_entry_recorded,V3-02947-EV-763836dd58e5582c;V3-02947-EV-97fd49b1f25814f4;V3-02947-EV-b05719b04a704a0f;V3-02947-EV-a1c4ff31d402e762;V3-02947-EV-cbd14b5825e93979;V3-02947-EV-c9e914d33b3a493e;V3-02947-EV-b9f1718f0f48995b;V3-02947-EV-b3a1dbfcfa815095;V3-02947-EV-9ae13723262c869c;V3-02947-EV-454194157eeabfc0;V3-02947-EV-dd9a1ac6930d73d8;V3-02947-EV-3e85fab7969d66a7;V3-02947-EV-c7e0cdd58c3d1d8c;V3-02947-EV-2fcd2ffb870c14ca;V3-02947-EV-e8ec6ccf567f1ef8;V3-02947-EV-8037348446cf5c98;V3-02947-EV-e284292cc3847a4b;V3-02947-EV-e2e0c615fcdc3393;V3-02947-EV-776f090b23abfeb8;V3-02947-EV-d87f986b8ffa276a;V3-02947-EV-b9582de4e3918172;V3-02947-EV-e340e903e839c8f7;V3-02947-EV-11f0c38d0831add0;V3-02947-EV-8d7ccd69de84e9fa;V3-02947-EV-6d4cb6180e751143;V3-02947-EV-07d4dbc398e22da6;V3-02947-EV-96cc8a07bae0f919;V3-02947-EV-9fff00e225f07129;V3-02947-EV-52c0d8da0ce16544;V3-02947-EV-442b7fdc2861f117;V3-02947-EV-877b6a0ce7751c93;V3-02947-EV-69a8fac9b3dab8c9;V3-02947-EV-1b7c0c6d67ac3bd6;V3-02947-EV-f73bb5bd1174aa84;V3-02947-EV-bc1d1b28c11ac2b1,1,not_performed
V3-02952,not_selected_current_unresolved,No current illustrative fact nominated; not compared for retention against the current 49.,False,local_source_copy_matched,a069053b14e02081af8aeea944c0c404daedfc9dd67a1bd46a35b3e268cd2b3f,False,,,RQ1;RQ2;RQ3;RQ4;RQ5,RQ1.interaction.I09_visual_configuration;RQ1.missing.visualisation;RQ2.guidance.G01_valid_next_step;RQ2.guidance.G07_visualisation_recommendation;RQ3.access.A01_endpoint_query;RQ3.access.A05_file_input;RQ3.data_model.B01_rdf;RQ3.missing.implementation_engines;RQ3.missing.scalability;RQ3.query_languages.SPARQL;RQ4.evaluation.E02_case_study;RQ4.missing.study_design_codes;RQ5.missing.resource_entries;RQ5.provenance.partial_report_read;RQ5.publication_version.recorded;RQ5.report_evaluation_limitations.text_recorded;RQ5.report_limitations.no_entry_recorded,V3-02952-EV-20de79d12a3d691f;V3-02952-EV-ccb1034286acfb27;V3-02952-EV-baf8e8e9854fe7bd;V3-02952-EV-67177229dd88b05e;V3-02952-EV-a04152a601d9284e;V3-02952-EV-fc3b8a6d24a96601;V3-02952-EV-ba4e090ac606a914;V3-02952-EV-f6da3023c3d51bcc;V3-02952-EV-9bf84a0477280ca5;V3-02952-EV-afb5cfe52000c7ae;V3-02952-EV-0509c008ff3b6906;V3-02952-EV-bd9066eac8d1d190;V3-02952-EV-3e0f22ee20b0e0a5;V3-02952-EV-6b746dac85dd14ec;V3-02952-EV-d33114dc00d7230c;V3-02952-EV-49386518e84e4808;V3-02952-EV-1eb31b721f09f57d;V3-02952-EV-b6e2ef346b033e82;V3-02952-EV-41c7871d52f89c21;V3-02952-EV-d2b9a6f1a0863085;V3-02952-EV-c34f0582808f3234;V3-02952-EV-94c80c994c1cad82;V3-02952-EV-0893fedca037c7d1;V3-02952-EV-d2d676e88fd6a859;V3-02952-EV-ac01a09aca36a3c1;V3-02952-EV-b6f4b315f4af92d8;V3-02952-EV-b320d1e2dd7214f9;V3-02952-EV-daa0c0d6925757f9;V3-02952-EV-e8e00ec4319b9f73;V3-02952-EV-c93c04600fb771d1;V3-02952-EV-77e5ae25be7be09c;V3-02952-EV-cedf5f2b1cbe5ddf;V3-02952-EV-2589f140ed565710;V3-02952-EV-826d24df453940e6;V3-02952-EV-8f9b4eda2abaa16c;V3-02952-EV-102fc3f50188f482,1,not_performed
V3-02960,not_selected_current_unresolved,No current illustrative fact nominated; not compared for retention against the current 49.,False,local_source_copy_matched,6a48ebd89a91b90af24eb8b34a3064e142612a2e0efc8c8be03165e40b11390d,False,,,RQ1;RQ2;RQ3;RQ4;RQ5,RQ1.interaction.I01_entity_navigation;RQ1.interaction.I03_visual_query;RQ1.interaction.I04_text_query;RQ1.interaction.I09_visual_configuration;RQ1.interaction.I10_reuse_history;RQ1.representation_role.unspecified;RQ1.visualisation.V01_node_link;RQ1.visualisation.V03_table_list;RQ1.visualisation.V04_map;RQ1.visualisation.V06_statistical_chart;RQ2.guidance.G01_valid_next_step;RQ2.guidance.G05_template_entry;RQ2.interaction.I10_reuse_history;RQ3.access.A01_endpoint_query;RQ3.access.A03_local_store;RQ3.access.A04_federation;RQ3.access.A05_file_input;RQ3.access.A06_projection_cache;RQ3.data_model.B01_rdf;RQ3.missing.implementation_engines;RQ3.missing.query_languages;RQ3.scalability.S05_strategy_only;RQ4.evaluation.E01_demonstration;RQ4.evaluation.E02_case_study;RQ4.missing.study_entries;RQ5.missing.resource_entries;RQ5.provenance.full_report_read;RQ5.publication_version.recorded;RQ5.report_evaluation_limitations.text_recorded;RQ5.report_limitations.no_entry_recorded,V3-02960-EV-89352a069b380d37;V3-02960-EV-11be5c3b4b6afde4;V3-02960-EV-ec81daa9aa5e69c0;V3-02960-EV-09ddc9847ba5db2a;V3-02960-EV-5376649412a1e248;V3-02960-EV-032abd0f002d6aab;V3-02960-EV-f6100488b4398252;V3-02960-EV-e5cca62a49ea97f8;V3-02960-EV-bd12f48d74cf2d30;V3-02960-EV-964ad790eee141f5;V3-02960-EV-6d48a2d7291e6589;V3-02960-EV-024a6309115ff738;V3-02960-EV-79623da850e4f5cc;V3-02960-EV-653f0e9e5ddd2490;V3-02960-EV-2f822fab7b987868;V3-02960-EV-77dcff88db66830b;V3-02960-EV-92e156df973b5b97;V3-02960-EV-f44360f095f95241;V3-02960-EV-f6b54680f489e534;V3-02960-EV-d4111d1bc37bc128;V3-02960-EV-32caa3f1c996f75f;V3-02960-EV-3055a795c041d222;V3-02960-EV-8fdad7578901867c;V3-02960-EV-c5d0bfef8df461cd;V3-02960-EV-7ad94ac315503985,0,not_performed
V3-02967,not_selected_current_unresolved,No current illustrative fact nominated; not compared for retention against the current 49.,False,local_source_copy_matched,81fc0362992f79f60140cf202d87b5092cd6d89445960b1518703784482bfdce,False,,,RQ1;RQ2;RQ3;RQ4;RQ5,RQ1.interaction.I01_entity_navigation;RQ1.interaction.I02_faceted_filtering;RQ1.interaction.I08_coordinated_analysis;RQ1.representation_role.unspecified;RQ1.visualisation.V02_outline_tree;RQ1.visualisation.V03_table_list;RQ1.visualisation.V04_map;RQ1.visualisation.V05_timeline;RQ1.visualisation.V09_text_document;RQ1.visualisation.V11_coordinated_views;RQ2.guidance.G06_context_explanation;RQ2.guidance.G10_orientation_feedback;RQ3.access.A01_endpoint_query;RQ3.access.A03_local_store;RQ3.access.A05_file_input;RQ3.data_model.B01_rdf;RQ3.missing.implementation_engines;RQ3.missing.query_languages;RQ3.scalability.S03_reported_data_scale;RQ3.scale_observation.source_dataset;RQ4.evaluation.E01_demonstration;RQ4.evaluation.E06_offline_accuracy;RQ4.evaluation.E08_deployment;RQ4.missing.study_entries;RQ5.missing.resource_entries;RQ5.provenance.full_report_read;RQ5.publication_version.recorded;RQ5.report_evaluation_limitations.text_recorded;RQ5.report_limitations.text_recorded,V3-02967-EV-9aebbe637d55b1e6;V3-02967-EV-4a297e2943bbb4ec;V3-02967-EV-d9d3f4efaa1dd434;V3-02967-EV-1238b1018317be65;V3-02967-EV-1cad8f6c37a4ee63;V3-02967-EV-8ae72905ad462c5a;V3-02967-EV-8d955373e604cb98;V3-02967-EV-1d953ab5c121afd5;V3-02967-EV-98311532b516794b;V3-02967-EV-9e506110ed05a089;V3-02967-EV-823fdad4922d0266;V3-02967-EV-7a4e67bc95fa56a8;V3-02967-EV-7a749fc038fbe910;V3-02967-EV-06cdb635e80d2e6c;V3-02967-EV-caabeca745dca92e;V3-02967-EV-283ee65adb73b3f8;V3-02967-EV-870c1f4caa82cfd7;V3-02967-EV-83dd7fc10e3b323a;V3-02967-EV-fdf7995f4e960944;V3-02967-EV-cd58d5e70ac2f452;V3-02967-EV-d2d427bb57f4f3dc;V3-02967-EV-34abd30acbc48ba8;V3-02967-EV-b550795842ca99ab,0,not_performed
V3-02968,not_selected_current_unresolved,No current illustrative fact nominated; not compared for retention against the current 49.,False,local_source_copy_matched,9d9da4352df892e87fe078788cbe5edfede6a3b892a1e015976718f824128730,False,,,RQ1;RQ2;RQ3;RQ4;RQ5,RQ1.interaction.I01_entity_navigation;RQ1.interaction.I02_faceted_filtering;RQ1.interaction.I08_coordinated_analysis;RQ1.representation_role.unspecified;RQ1.visualisation.V03_table_list;RQ1.visualisation.V04_map;RQ1.visualisation.V06_statistical_chart;RQ1.visualisation.V09_text_document;RQ1.visualisation.V11_coordinated_views;RQ2.guidance.G06_context_explanation;RQ2.guidance.G10_orientation_feedback;RQ3.access.A01_endpoint_query;RQ3.access.A06_projection_cache;RQ3.data_model.B01_rdf;RQ3.implementation_engines.Sampo-UI/YouTube IFrame API;RQ3.implementation_engines.Secompling/Annif/Nelli/ARPA/Warsa-linkers;RQ3.query_languages.SPARQL;RQ3.scalability.S03_reported_data_scale;RQ4.evaluation.E01_demonstration;RQ4.evaluation.E02_case_study;RQ4.evaluation.E06_offline_accuracy;RQ4.evaluation.E08_deployment;RQ4.missing.study_design_codes;RQ5.missing.resource_entries;RQ5.provenance.partial_report_read;RQ5.publication_version.recorded;RQ5.report_evaluation_limitations.text_recorded;RQ5.report_limitations.no_entry_recorded,V3-02968-EV-e7cd95be06c4cb7e;V3-02968-EV-0a69637ec38c05b3;V3-02968-EV-bc42c1eedfea3a23;V3-02968-EV-9de201167aa071d3;V3-02968-EV-420b8830f9c95674;V3-02968-EV-025b03c33f761aa4;V3-02968-EV-dcbbd3660bb8c413;V3-02968-EV-72942e7d92dd739c;V3-02968-EV-9563ca2b810b0523;V3-02968-EV-c1a17f79182dcaec;V3-02968-EV-c2caebc7eede482a;V3-02968-EV-62c3aeb7e0d837ce;V3-02968-EV-a3ff190cfbf630cf;V3-02968-EV-98d3ff5c4224c11a;V3-02968-EV-913cd41ea3ccf579;V3-02968-EV-14cb2fc5a5aae16e;V3-02968-EV-692b2d5a67b43b01;V3-02968-EV-7a7e9a9ef6cb2b9e;V3-02968-EV-89cc070073a8cd32;V3-02968-EV-d8b4778a691e60b3;V3-02968-EV-cbc6e921813cbc49;V3-02968-EV-c1422aebdc7d07bc;V3-02968-EV-8fa2cf194c5069e5;V3-02968-EV-30037e4032a0c702;V3-02968-EV-65f205303bdcf66b;V3-02968-EV-67c45861754bb981;V3-02968-EV-269e40878c39a8cc;V3-02968-EV-4c92ab59ccb48ee1;V3-02968-EV-7d958a493003ba62;V3-02968-EV-ff06108db7e88093;V3-02968-EV-4bed69b3a9b484e2;V3-02968-EV-87c4c27d2dfe3a16;V3-02968-EV-81a92b0e6366c65e;V3-02968-EV-7bb871ba09ccea04;V3-02968-EV-27394d645e20f4bd;V3-02968-EV-9e42c0b14b791f16;V3-02968-EV-c334e007f48ba951;V3-02968-EV-0ad4b70861373100;V3-02968-EV-c8b43f525c1167da;V3-02968-EV-376c1b489555238d;V3-02968-EV-d38be96a367461e8;V3-02968-EV-a20cf7d335ed34a1;V3-02968-EV-55b721f3b24fb0b6;V3-02968-EV-23cc85f65541c9ec;V3-02968-EV-6fbd66aa5bbe9464;V3-02968-EV-f0fa8d2b57856a19;V3-02968-EV-3719dc1016e46284;V3-02968-EV-5e922fe8610a77ca;V3-02968-EV-d5ccb84877660f85;V3-02968-EV-21b24652d42b2f38;V3-02968-EV-dbd61926d9308a46;V3-02968-EV-cfb16d356c536772;V3-02968-EV-0f8ac3e5cba52ab2;V3-02968-EV-22cdbcc5560321d5;V3-02968-EV-977b687d589f8e0b;V3-02968-EV-64ba8c55e2e1dc1f;V3-02968-EV-b8aece44a696ff1e;V3-02968-EV-6d0eb470a3b88a95;V3-02968-EV-26b67add12f83e6d;V3-02968-EV-8ef30a18e69b43d3;V3-02968-EV-944ff0c7210e9ef8;V3-02968-EV-46608dc7f697b032;V3-02968-EV-343d0304f3ba5ddf;V3-02968-EV-dd7e9985388a3615;V3-02968-EV-32bd2eac48b08dbc;V3-02968-EV-3c85ce201f022892;V3-02968-EV-abef9aede3ba63d1;V3-02968-EV-23b8606c81091241;V3-02968-EV-253fef18861e7b49;V3-02968-EV-55188ec3156ee968;V3-02968-EV-c6c31dff106d547c;V3-02968-EV-c0e8d719883da554;V3-02968-EV-0330780542f43c3c;V3-02968-EV-5834e08ceda346c9;V3-02968-EV-c7c24fc0a7dbfae9;V3-02968-EV-ef961dd63fea8890;V3-02968-EV-93c68c2535ed62fc;V3-02968-EV-a87948ef715453c0;V3-02968-EV-f35f1730b2031c71;V3-02968-EV-aeab4652d6b80054,3,not_performed
V3-02974,not_selected_current_unresolved,No current illustrative fact nominated; not compared for retention against the current 49.,False,local_source_copy_matched,1962bb3a2e21bf7d8c1a2ab01196ea36b2bb7e500bdb9f336939bbed3faa7ea2,False,,,RQ1;RQ2;RQ3;RQ4;RQ5,RQ1.interaction.I04_text_query;RQ1.interaction.I08_coordinated_analysis;RQ1.representation_role.unspecified;RQ1.visualisation.V03_table_list;RQ1.visualisation.V10_3d_vr;RQ1.visualisation.V11_coordinated_views;RQ2.missing.guidance;RQ3.access.A03_local_store;RQ3.access.A05_file_input;RQ3.data_model.B01_rdf;RQ3.implementation_engines.Stardog;RQ3.missing.scalability;RQ3.query_languages.SPARQL;RQ4.evaluation.E01_demonstration;RQ4.evaluation.E02_case_study;RQ4.missing.study_entries;RQ5.missing.resource_entries;RQ5.provenance.full_report_read;RQ5.publication_version.recorded;RQ5.report_evaluation_limitations.text_recorded;RQ5.report_limitations.no_entry_recorded,V3-02974-EV-3f3903d8b87259cd;V3-02974-EV-3298c48e376f13d1;V3-02974-EV-04f81a6751405157;V3-02974-EV-dfb4b636ed9f7dad;V3-02974-EV-7041dd6677ef0584;V3-02974-EV-abe933a6b5040b17;V3-02974-EV-240679db612b080d;V3-02974-EV-7d47280fd3644b74;V3-02974-EV-8fbdfc78f5f6b5ae;V3-02974-EV-4aefe7b7a192d0b1;V3-02974-EV-28d66b8d08ace2b0;V3-02974-EV-b7716ad54f90004b;V3-02974-EV-44a8138bd4339e86,0,not_performed
V3-02990,not_selected_current_unresolved,No current illustrative fact nominated; not compared for retention against the current 49.,False,local_source_copy_matched,4c83e390a7501c11c24da9a0f801b6da14a6ccd1272c55ae7c0bc324659f33b8,False,,,RQ1;RQ2;RQ3;RQ4;RQ5,RQ1.interaction.I01_entity_navigation;RQ1.representation_role.unspecified;RQ1.visualisation.V03_table_list;RQ2.guidance.G03_semantic_ranking;RQ3.access.A06_projection_cache;RQ3.data_model.B01_rdf;RQ3.missing.implementation_engines;RQ3.missing.query_languages;RQ3.scalability.S03_reported_data_scale;RQ3.scalability.S05_strategy_only;RQ4.evaluation.E05_comparative_user;RQ4.evaluation.E06_offline_accuracy;RQ4.missing.study_design_codes;RQ5.missing.resource_entries;RQ5.provenance.full_report_read;RQ5.publication_version.recorded;RQ5.report_evaluation_limitations.text_recorded;RQ5.report_limitations.no_entry_recorded,V3-02990-EV-a39da7b1514d0a28;V3-02990-EV-16246333bbe7dfb1;V3-02990-EV-4c80f5f5ec18ede3;V3-02990-EV-177759dff1e7ad66;V3-02990-EV-095b1d76cd6fa322;V3-02990-EV-5c979c216acafe7c;V3-02990-EV-26cbd282f02d2574;V3-02990-EV-6723b47b45ec4ab7;V3-02990-EV-65f269cc4740244f;V3-02990-EV-15c62860ea341dac;V3-02990-EV-64c9fdec0b16a233;V3-02990-EV-d7f288d34b2ba7a7,1,not_performed
V3-02994,not_selected_current_unresolved,No current illustrative fact nominated; not compared for retention against the current 49.,False,local_source_copy_matched,8df6c3a9f363da23c3e56f8f4af0fe11768f3cf9ec79de11d16b1897e3bb69cd,False,,,RQ1;RQ2;RQ3;RQ4;RQ5,RQ1.interaction.I01_entity_navigation;RQ1.interaction.I03_visual_query;RQ1.interaction.I04_text_query;RQ1.interaction.I08_coordinated_analysis;RQ1.interaction.I10_reuse_history;RQ1.representation_role.unspecified;RQ1.visualisation.V01_node_link;RQ1.visualisation.V03_table_list;RQ1.visualisation.V11_coordinated_views;RQ2.guidance.G01_valid_next_step;RQ2.guidance.G05_template_entry;RQ2.guidance.G10_orientation_feedback;RQ2.interaction.I10_reuse_history;RQ3.missing.access;RQ3.missing.data_model;RQ3.missing.implementation_engines;RQ3.missing.scalability;RQ3.query_languages.SPARQL;RQ4.evaluation.E01_demonstration;RQ4.evaluation.E02_case_study;RQ4.missing.study_design_codes;RQ5.missing.resource_entries;RQ5.provenance.partial_report_read;RQ5.publication_version.recorded;RQ5.report_evaluation_limitations.text_recorded;RQ5.report_limitations.no_entry_recorded,V3-02994-EV-f787063971e753a5;V3-02994-EV-01d0e7931fdca2a7;V3-02994-EV-e031751f2e736efc;V3-02994-EV-6ab67ecb76df0198;V3-02994-EV-518f015fa8caffa0;V3-02994-EV-cc80bbebe202e686;V3-02994-EV-754f5e9863c71e50;V3-02994-EV-ff5a0ca6693135e8;V3-02994-EV-8966bbf5fd705b21;V3-02994-EV-e88ea41feda60ad6;V3-02994-EV-9f318bf9ed5d14d2;V3-02994-EV-cf2dc7e188d35db8;V3-02994-EV-9f6643018deb66fe;V3-02994-EV-9c9c1642b42b8241;V3-02994-EV-9b68c2a204b05071;V3-02994-EV-931a08a20c003a85;V3-02994-EV-27548f40069d7932;V3-02994-EV-315979ab9bd1f41b;V3-02994-EV-07924391dbce59c9;V3-02994-EV-1c9448aecf37c59b;V3-02994-EV-6fbb8b1cad95de8d;V3-02994-EV-3a7dbfa7f9d590e2;V3-02994-EV-cd54c12f3ee2ede7;V3-02994-EV-2032300547aa2789;V3-02994-EV-1df151a6ed36b7c1;V3-02994-EV-d7234faa2329502e;V3-02994-EV-1274dcf61ddbcfd5;V3-02994-EV-8938b7376903fff9;V3-02994-EV-aaad6323920c6a50;V3-02994-EV-bbfbaa1a8c89551f;V3-02994-EV-963a599264538e4d;V3-02994-EV-08c435b86e2d74b4;V3-02994-EV-d2bdd40ca13a94b9;V3-02994-EV-ff7a488a108d243c;V3-02994-EV-d9423a2a29bfe31f;V3-02994-EV-e34dfeed0ff5b711,1,not_performed
V3-03005,not_selected_current_unresolved,No current illustrative fact nominated; not compared for retention against the current 49.,False,local_source_copy_matched,190195cbf0e615d1ffc263d829a846d94f0c544b75754defd57bf999d0251767,False,,,RQ1;RQ2;RQ3;RQ4;RQ5,RQ1.interaction.I07_example_query;RQ1.representation_role.unspecified;RQ1.visualisation.V01_node_link;RQ1.visualisation.V08_small_multiples;RQ2.guidance.G02_lexical_completion;RQ2.guidance.G03_semantic_ranking;RQ2.guidance.G06_context_explanation;RQ3.access.A03_local_store;RQ3.access.A05_file_input;RQ3.access.A06_projection_cache;RQ3.data_model.B01_rdf;RQ3.implementation_engines.Dijkstra/in-memory index;RQ3.implementation_engines.Node.js/React.js/viz.js;RQ3.missing.query_languages;RQ3.scalability.S01_measured_runtime;RQ3.scalability.S03_reported_data_scale;RQ3.scalability.S05_strategy_only;RQ4.evaluation.E05_comparative_user;RQ4.evaluation.E07_performance;RQ4.missing.study_design_codes;RQ5.identity_status.not_established;RQ5.identity_status.scoped_match;RQ5.provenance.partial_report_read;RQ5.publication_version.recorded;RQ5.report_evaluation_limitations.text_recorded;RQ5.report_limitations.no_entry_recorded;RQ5.resource_role.application_source;RQ5.resource_role.other;RQ5.resource_verification.historical_version_equivalence_verified.not_recorded;RQ5.resource_verification.license_verified.not_recorded;RQ5.resource_verification.source_build_verified.not_recorded;RQ5.resource_verification.working_demo_verified.not_recorded,V3-03005-EV-14ff60317c92a181;V3-03005-EV-ac55f4b0716f0604;V3-03005-EV-c32addd4ee9d74d0;V3-03005-EV-14932d4ad10e4103;V3-03005-EV-b70cbe8c74287011;V3-03005-EV-b548be168a4d3d77;V3-03005-EV-4ef430a758d8be3c;V3-03005-EV-d994ec8f7c6947d0;V3-03005-EV-b8e13403aa6cfad3;V3-03005-EV-99b051ba071f31b3;V3-03005-EV-3b3776ad1cbf9c43;V3-03005-EV-ff051444cc5050d4;V3-03005-EV-edce713ae13e6539;V3-03005-EV-a70987a45159f3f3;V3-03005-EV-736e9e8ab540387d;V3-03005-EV-1230598ee6df3fce;V3-03005-EV-5b45d6fad107f0fa;V3-03005-EV-59aa62ed536cde51;V3-03005-EV-f159ae88f34be6bf;V3-03005-EV-03ebc06328bbecbe;V3-03005-EV-eb4e3104829431db;V3-03005-EV-7b85d48af343fc1a;V3-03005-EV-ab7bdd4dcea46bd2;V3-03005-EV-747c5e62e24facea;V3-03005-EV-132671aefee18769;V3-03005-EV-8a6f56862d701346;V3-03005-EV-6dc921d9ff721844;V3-03005-EV-b1c48cddad84cca1;V3-03005-EV-17eab7a443e47613;V3-03005-EV-6c45c0cecbbb8692;V3-03005-EV-ac4dba7ffa3b1db0;V3-03005-EV-2dab8f25860e1d84;V3-03005-EV-6ea501a7aab0ac13;V3-03005-EV-3393ca4b8fca5bdc;V3-03005-EV-ccd936036d05bce4;V3-03005-EV-a54aed8a466e63d2;V3-03005-EV-6a07e0899c87b837;V3-03005-EV-d0980b973c0fbb1c;V3-03005-EV-1a26699df020a6bb;V3-03005-EV-affe3a9b97e1ca01;V3-03005-EV-b235a2d23c9c3c96;V3-03005-EV-4e9c000425caa6dc;V3-03005-EV-3842d46ffd3c5232;V3-03005-EV-88ec2c0c4146bd36;V3-03005-EV-a726f10cda6c484f;V3-03005-EV-680474b8680a0b56;V3-03005-EV-5e72027bd4bd3848;V3-03005-EV-afb845784761bcc4;V3-03005-EV-254a787f5baf368c;V3-03005-EV-9580d05adbbbca5a;V3-03005-EV-3fd30135b9ace499;V3-03005-EV-34a8cb5d970f8ad4;V3-03005-EV-fda7288782b11faf;V3-03005-EV-f4cdc3d43d5c6232;V3-03005-EV-0da084c4ce821e7c;V3-03005-EV-98da539cdd22b025;V3-03005-EV-e504fd91c10fa574;V3-03005-EV-991dcbbb575e065b;V3-03005-EV-c288ee0f9d1d7fde;V3-03005-EV-c0db2a0581265029;V3-03005-EV-828974f21397063d;V3-03005-EV-3cf861f26ba0ca5a;V3-03005-EV-fa75f53e6cb17467;V3-03005-EV-a4f9b91518ca8d8e;V3-03005-EV-7464ef683fee3004,2,not_performed
V3-03007,not_selected_current_unresolved,No current illustrative fact nominated; not compared for retention against the current 49.,False,local_source_copy_matched,a80feb7c8f3df0f0793195266992c3083b500d24bf1f5beaac20516668fb9f75,False,,,RQ1;RQ2;RQ3;RQ4;RQ5,RQ1.interaction.I01_entity_navigation;RQ1.interaction.I02_faceted_filtering;RQ1.interaction.I07_example_query;RQ1.representation_role.unspecified;RQ1.visualisation.V01_node_link;RQ2.guidance.G02_lexical_completion;RQ2.guidance.G06_context_explanation;RQ2.guidance.G10_orientation_feedback;RQ3.access.A03_local_store;RQ3.access.A06_projection_cache;RQ3.implementation_engines.Java11.0.18/Adj/MSPF;RQ3.missing.data_model;RQ3.missing.query_languages;RQ3.scalability.S01_measured_runtime;RQ3.scalability.S02_measured_resource;RQ3.scalability.S03_reported_data_scale;RQ3.scalability.S05_strategy_only;RQ4.evaluation.E04_single_system_user;RQ4.evaluation.E07_performance;RQ4.missing.study_design_codes;RQ5.identity_status.not_established;RQ5.provenance.partial_report_read;RQ5.publication_version.recorded;RQ5.report_evaluation_limitations.text_recorded;RQ5.report_limitations.no_entry_recorded;RQ5.resource_role.other;RQ5.resource_verification.historical_version_equivalence_verified.not_recorded;RQ5.resource_verification.license_verified.not_recorded;RQ5.resource_verification.source_build_verified.not_recorded;RQ5.resource_verification.working_demo_verified.not_recorded,V3-03007-EV-3402057d9eadf742;V3-03007-EV-4a5cd0e7c8010a6d;V3-03007-EV-520bad60125afe9b;V3-03007-EV-bc7313ba2f117fcf;V3-03007-EV-c44b309d9196ea55;V3-03007-EV-073948d989f9ba0d;V3-03007-EV-25d8bcc52180c4c8;V3-03007-EV-180cad05946c14b3;V3-03007-EV-003e33771ae78232;V3-03007-EV-b8944a099a77faa1;V3-03007-EV-05d5f7a9a4c6e32a;V3-03007-EV-f04d34ef1e852371;V3-03007-EV-5b1bf32304c26c36;V3-03007-EV-d36e0670e66800a5;V3-03007-EV-96931a2721af5a6e;V3-03007-EV-4b6101b14abfc836;V3-03007-EV-8c015b7d00630f83;V3-03007-EV-19825a6018da22b7;V3-03007-EV-d99eb969cfcfc184;V3-03007-EV-fdbd1244ebf1e313;V3-03007-EV-72e36a98b0fb1b6e;V3-03007-EV-11513ec987c739e2;V3-03007-EV-e5395cb0eec723d0;V3-03007-EV-f090d92619990fc5;V3-03007-EV-8306d78e364da633;V3-03007-EV-7e37cb22a59e77c6;V3-03007-EV-eb9b9c0fea8459fa;V3-03007-EV-c3d47d7692f30e3e;V3-03007-EV-c541906d5f63289e;V3-03007-EV-6c74609e087063fe;V3-03007-EV-a094bcb98f32efc6;V3-03007-EV-32a857490bd091db;V3-03007-EV-d89dc33cc687dc57;V3-03007-EV-de11775743edf340;V3-03007-EV-e09488e6b95a8328;V3-03007-EV-674c980bce3c313c;V3-03007-EV-9ac5fa27c5ea9315;V3-03007-EV-c11b54e853d63687;V3-03007-EV-0b303a6cd1e2ac52;V3-03007-EV-92f16f792a340d23;V3-03007-EV-37b203e6b3377bcc;V3-03007-EV-2fed1d45302fd388;V3-03007-EV-2be71b36329d9ad3;V3-03007-EV-696c931609ba37ed;V3-03007-EV-af5227ffa5ea548b;V3-03007-EV-06d793cb932dd1d0;V3-03007-EV-4970d325ce7cdbbd;V3-03007-EV-8c59bf32153d9e32;V3-03007-EV-2813be6777176481;V3-03007-EV-b5b741280291847f;V3-03007-EV-b26f710c86ec160e;V3-03007-EV-65da97e443a4d5dd;V3-03007-EV-cd1927f123ff7429;V3-03007-EV-65c9c1390f3b8d51;V3-03007-EV-f6f585a2a6568965;V3-03007-EV-6c3a7bf9a8dc545f;V3-03007-EV-ca3f72fbafd1f437;V3-03007-EV-cd5cfee1efabf878;V3-03007-EV-88faa9d9ea8dbfc7;V3-03007-EV-2be7752b6892fa6b;V3-03007-EV-fe9e9fed9412b51b;V3-03007-EV-c14674b557bb6252,2,not_performed
V3-03021,not_selected_current_unresolved,No current illustrative fact nominated; not compared for retention against the current 49.,False,local_source_copy_matched,b02f3b93044680f2bde7759f7ce39836315c1f169e966583568cdba48ad79351,False,,,RQ1;RQ2;RQ3;RQ4;RQ5,RQ1.interaction.I02_faceted_filtering;RQ1.interaction.I03_visual_query;RQ1.interaction.I04_text_query;RQ1.interaction.I10_reuse_history;RQ1.representation_role.unspecified;RQ1.visualisation.V03_table_list;RQ1.visualisation.V09_text_document;RQ2.guidance.G01_valid_next_step;RQ2.interaction.I10_reuse_history;RQ3.access.A01_endpoint_query;RQ3.data_model.B01_rdf;RQ3.implementation_engines.Linked Data Reactor; grlc;RQ3.missing.scalability;RQ3.query_languages.SPARQL;RQ4.evaluation.E01_demonstration;RQ4.missing.study_design_codes;RQ5.identity_status.not_established;RQ5.identity_status.scoped_match;RQ5.provenance.source_evidence_extracted;RQ5.publication_version.not_recorded;RQ5.report_evaluation_limitations.text_recorded;RQ5.report_limitations.no_entry_recorded;RQ5.resource_role.other;RQ5.resource_verification.historical_version_equivalence_verified.not_recorded;RQ5.resource_verification.license_verified.not_recorded;RQ5.resource_verification.source_build_verified.not_recorded;RQ5.resource_verification.working_demo_verified.not_recorded,V3-03021-EV-f0ec151e0bf010d3;V3-03021-EV-ac651ca56fb67c03;V3-03021-EV-d78ed74a4ed2db26;V3-03021-EV-3d0763d3c3b7e20d;V3-03021-EV-57516c5cfcd5bdc2;V3-03021-EV-b029c68ed9722010;V3-03021-EV-601af9c6b4abd04d;V3-03021-EV-bb3f3dc2c47fb7a1;V3-03021-EV-10fcf39d64ec35dc;V3-03021-EV-0d327d63b45fa597;V3-03021-EV-ed91476244d32a7d;V3-03021-EV-9d377a2b0a1a0eab;V3-03021-EV-b1ee0f3cad3b316d;V3-03021-EV-67211e9682773929;V3-03021-EV-5e39c09fa45d056e,1,not_performed
V3-03026,not_selected_current_unresolved,No current illustrative fact nominated; not compared for retention against the current 49.,False,local_source_copy_matched,d43e393e9668d5ee283d931e7d2d848217173d2b15dbc9e0ce45ba0864ca86e4,False,,,RQ1;RQ2;RQ3;RQ4;RQ5,RQ1.interaction.I03_visual_query;RQ1.interaction.I09_visual_configuration;RQ1.interaction.I10_reuse_history;RQ1.representation_role.unspecified;RQ1.visualisation.V01_node_link;RQ1.visualisation.V02_outline_tree;RQ1.visualisation.V03_table_list;RQ2.guidance.G01_valid_next_step;RQ2.guidance.G10_orientation_feedback;RQ2.interaction.I10_reuse_history;RQ3.access.A03_local_store;RQ3.access.A05_file_input;RQ3.access.A06_projection_cache;RQ3.data_model.B01_rdf;RQ3.implementation_engines.Java/Spring MVC/Saxon/Jena ARQ;RQ3.implementation_engines.jQuery/jsPlumb;RQ3.query_languages.SPARQL;RQ3.query_languages.XSPARQL;RQ3.query_languages.other_explicitly_attested;RQ3.scalability.S05_strategy_only;RQ4.evaluation.E01_demonstration;RQ4.evaluation.E02_case_study;RQ4.evaluation.E03_formative_user;RQ4.study_design.E01_demonstration;RQ4.study_design.E02_case_study;RQ4.study_design.E03_formative_user;RQ5.identity_status.not_established;RQ5.provenance.source_evidence_extracted;RQ5.publication_version.recorded;RQ5.report_evaluation_limitations.text_recorded;RQ5.report_limitations.no_entry_recorded;RQ5.resource_role.other;RQ5.resource_verification.historical_version_equivalence_verified.not_recorded;RQ5.resource_verification.license_verified.not_recorded;RQ5.resource_verification.source_build_verified.not_recorded;RQ5.resource_verification.working_demo_verified.not_recorded,V3-03026-EV-80da926fa557bac2;V3-03026-EV-a9a3aa1eeccbb11d;V3-03026-EV-40f1dc5462cd1745;V3-03026-EV-dfec9f97bb4f97e0;V3-03026-EV-ca8162536f329f60;V3-03026-EV-4163b68ed27f03a0;V3-03026-EV-0642b3ae0833e84f;V3-03026-EV-aa9344b03302f061;V3-03026-EV-e57608f6021ce2ff;V3-03026-EV-4d0a7a1e691dfb92;V3-03026-EV-25cf2008ba2546ac;V3-03026-EV-e9dc7465a7cb1e88;V3-03026-EV-eb46c02faeab2108;V3-03026-EV-99951bf6ac1a53a6;V3-03026-EV-50ce86a11b7ea617;V3-03026-EV-8c9fffd2be3ddff5;V3-03026-EV-74550d8bd4f94b1c;V3-03026-EV-c19cc3437688ecf4;V3-03026-EV-503341a783a41ec4;V3-03026-EV-6bc8f5d8de686d2a;V3-03026-EV-abf42d359cf4f46d;V3-03026-EV-045595179bd9cbc7;V3-03026-EV-248bd1a27d810622;V3-03026-EV-139210730d4cdbcf,2,not_performed
